id,name,type,organ,ontology_id
UBERON:0013702,body,AS,body,UBERON:0013702
UBERON:0000948,heart,AS,blood_vasculature,UBERON:0000948
UBERON:0002079,left cardiac atrium,AS,blood_vasculature,UBERON:0002079
CL:0010008,cardiac endothelial cell,CT,blood_vasculature,CL:0010008
FMA:49913,Left inferior pulmonary vein,AS,blood_vasculature,FMA:49913
CL:0000071,blood vessel endothelial cell,CT,blood_vasculature,CL:0000071
CL:0002543,vein endothelial cell,CT,blood_vasculature,CL:0002543
FMA:49916,Left superior pulmonary vein,AS,blood_vasculature,FMA:49916
CL:0000071$$1,blood vessel endothelial cell,CT,blood_vasculature,CL:0000071
CL:0002543$$2,vein endothelial cell,CT,blood_vasculature,CL:0002543
UBERON:0002016,pulmonary vein,AS,blood_vasculature,UBERON:0002016
CL:0000071$$3,blood vessel endothelial cell,CT,blood_vasculature,CL:0000071
CL:0002543$$4,vein endothelial cell,CT,blood_vasculature,CL:0002543
UBERON:0014904,intersegmental pulmonary vein,AS,blood_vasculature,UBERON:0014904
CL:0000071$$5,blood vessel endothelial cell,CT,blood_vasculature,CL:0000071
CL:0002543$$6,vein endothelial cell,CT,blood_vasculature,CL:0002543
UBERON:8600052,subsegmental pulmonary vein,AS,blood_vasculature,UBERON:8600052
CL:0000071$$7,blood vessel endothelial cell,CT,blood_vasculature,CL:0000071
CL:0002543$$8,vein endothelial cell,CT,blood_vasculature,CL:0002543
ASCTB-TEMP:pulmonary-venule,pulmonary venule,AS,blood_vasculature,ASCTB-TEMP:pulmonary-venule
CL:0000071$$9,blood vessel endothelial cell,CT,blood_vasculature,CL:0000071
CL:1000414,endothelial cell of venule,CT,blood_vasculature,CL:1000414
ASCTB-TEMP:bronchial-capillary-2,bronchial capillary #2,AS,blood_vasculature,ASCTB-TEMP:bronchial-capillary-2
CL:0000071$$10,blood vessel endothelial cell,CT,blood_vasculature,CL:0000071
CL:0002144,capillary endothelial cell,CT,blood_vasculature,CL:0002144
UBERON:8600061,intra-acinar venule,AS,blood_vasculature,UBERON:8600061
CL:0000071$$11,blood vessel endothelial cell,CT,blood_vasculature,CL:0000071
CL:1000414$$12,endothelial cell of venule,CT,blood_vasculature,CL:1000414
ASCTB-TEMP:post-alveolar-capillary,post-alveolar capillary,AS,blood_vasculature,ASCTB-TEMP:post-alveolar-capillary
CL:0000071$$13,blood vessel endothelial cell,CT,blood_vasculature,CL:0000071
CL:0002144$$14,capillary endothelial cell,CT,blood_vasculature,CL:0002144
FMA:49911,Right inferior pulmonary vein,AS,blood_vasculature,FMA:49911
CL:0000071$$15,blood vessel endothelial cell,CT,blood_vasculature,CL:0000071
CL:0002543$$16,vein endothelial cell,CT,blood_vasculature,CL:0002543
FMA:49914,Right superior pulmonary vein,AS,blood_vasculature,FMA:49914
CL:0000071$$17,blood vessel endothelial cell,CT,blood_vasculature,CL:0000071
CL:0002543$$18,vein endothelial cell,CT,blood_vasculature,CL:0002543
UBERON:0002084,heart left ventricle,AS,blood_vasculature,UBERON:0002084
CL:0010008$$19,cardiac endothelial cell,CT,blood_vasculature,CL:0010008
UBERON:0000947,aorta,AS,blood_vasculature,UBERON:0000947
CL:0000071$$20,blood vessel endothelial cell,CT,blood_vasculature,CL:0000071
CL:1000413,endothelial cell of artery,CT,blood_vasculature,CL:1000413
CL:0000057,fibroblast,CT,blood_vasculature,CL:0000057
CL:0000359,vascular associated smooth muscle cell,CT,blood_vasculature,CL:0000359
UBERON:0001496,ascending aorta,AS,blood_vasculature,UBERON:0001496
CL:0000071$$21,blood vessel endothelial cell,CT,blood_vasculature,CL:0000071
CL:1000413$$22,endothelial cell of artery,CT,blood_vasculature,CL:1000413
CL:0000057$$23,fibroblast,CT,blood_vasculature,CL:0000057
CL:0000359$$24,vascular associated smooth muscle cell,CT,blood_vasculature,CL:0000359
UBERON:0001508,arch of aorta,AS,blood_vasculature,UBERON:0001508
CL:0000071$$25,blood vessel endothelial cell,CT,blood_vasculature,CL:0000071
CL:1000413$$26,endothelial cell of artery,CT,blood_vasculature,CL:1000413
CL:0000057$$27,fibroblast,CT,blood_vasculature,CL:0000057
CL:0000359$$28,vascular associated smooth muscle cell,CT,blood_vasculature,CL:0000359
UBERON:0001529,brachiocephalic artery,AS,blood_vasculature,UBERON:0001529
CL:0000071$$29,blood vessel endothelial cell,CT,blood_vasculature,CL:0000071
CL:1000413$$30,endothelial cell of artery,CT,blood_vasculature,CL:1000413
CL:0000057$$31,fibroblast,CT,blood_vasculature,CL:0000057
CL:0000359$$32,vascular associated smooth muscle cell,CT,blood_vasculature,CL:0000359
UBERON:0001531,right common carotid artery plus branches,AS,blood_vasculature,UBERON:0001531
CL:0000071$$33,blood vessel endothelial cell,CT,blood_vasculature,CL:0000071
CL:1000413$$34,endothelial cell of artery,CT,blood_vasculature,CL:1000413
CL:0000057$$35,fibroblast,CT,blood_vasculature,CL:0000057
CL:0000359$$36,vascular associated smooth muscle cell,CT,blood_vasculature,CL:0000359
UBERON:0001534,right subclavian artery,AS,blood_vasculature,UBERON:0001534
CL:0000071$$37,blood vessel endothelial cell,CT,blood_vasculature,CL:0000071
CL:1000413$$38,endothelial cell of artery,CT,blood_vasculature,CL:1000413
CL:0000057$$39,fibroblast,CT,blood_vasculature,CL:0000057
CL:0000359$$40,vascular associated smooth muscle cell,CT,blood_vasculature,CL:0000359
UBERON:0001530,common carotid artery plus branches,AS,blood_vasculature,UBERON:0001530
CL:0000071$$41,blood vessel endothelial cell,CT,blood_vasculature,CL:0000071
CL:1000413$$42,endothelial cell of artery,CT,blood_vasculature,CL:1000413
CL:0000057$$43,fibroblast,CT,blood_vasculature,CL:0000057
CL:0000359$$44,vascular associated smooth muscle cell,CT,blood_vasculature,CL:0000359
UBERON:0001070,external carotid artery,AS,blood_vasculature,UBERON:0001070
CL:0000071$$45,blood vessel endothelial cell,CT,blood_vasculature,CL:0000071
CL:1000413$$46,endothelial cell of artery,CT,blood_vasculature,CL:1000413
CL:0000057$$47,fibroblast,CT,blood_vasculature,CL:0000057
CL:0000359$$48,vascular associated smooth muscle cell,CT,blood_vasculature,CL:0000359
UBERON:8600078,ascending pharyngeal artery,AS,blood_vasculature,UBERON:8600078
CL:0000071$$49,blood vessel endothelial cell,CT,blood_vasculature,CL:0000071
CL:1000413$$50,endothelial cell of artery,CT,blood_vasculature,CL:1000413
CL:0000057$$51,fibroblast,CT,blood_vasculature,CL:0000057
CL:0000359$$52,vascular associated smooth muscle cell,CT,blood_vasculature,CL:0000359
FMA:49506,Inferior tympanic artery,AS,blood_vasculature,FMA:49506
CL:0000071$$53,blood vessel endothelial cell,CT,blood_vasculature,CL:0000071
CL:1000413$$54,endothelial cell of artery,CT,blood_vasculature,CL:1000413
CL:0000057$$55,fibroblast,CT,blood_vasculature,CL:0000057
CL:0000359$$56,vascular associated smooth muscle cell,CT,blood_vasculature,CL:0000359
ASCTB-TEMP:neuromeningeal-trunk,neuromeningeal trunk,AS,blood_vasculature,ASCTB-TEMP:neuromeningeal-trunk
CL:0000071$$57,blood vessel endothelial cell,CT,blood_vasculature,CL:0000071
CL:1000413$$58,endothelial cell of artery,CT,blood_vasculature,CL:1000413
CL:0000057$$59,fibroblast,CT,blood_vasculature,CL:0000057
CL:0000359$$60,vascular associated smooth muscle cell,CT,blood_vasculature,CL:0000359
ASCTB-TEMP:hypoglossal-branch-of-ascending-pharyngeal-artery,hypoglossal branch of ascending pharyngeal artery,AS,blood_vasculature,ASCTB-TEMP:hypoglossal-branch-of-ascending-pharyngeal-artery
CL:0000071$$61,blood vessel endothelial cell,CT,blood_vasculature,CL:0000071
CL:1000413$$62,endothelial cell of artery,CT,blood_vasculature,CL:1000413
CL:0000057$$63,fibroblast,CT,blood_vasculature,CL:0000057
CL:0000359$$64,vascular associated smooth muscle cell,CT,blood_vasculature,CL:0000359
ASCTB-TEMP:jugular-branch-of-ascending-pharyngeal-artery,jugular branch of ascending pharyngeal artery,AS,blood_vasculature,ASCTB-TEMP:jugular-branch-of-ascending-pharyngeal-artery
CL:0000071$$65,blood vessel endothelial cell,CT,blood_vasculature,CL:0000071
CL:1000413$$66,endothelial cell of artery,CT,blood_vasculature,CL:1000413
CL:0000057$$67,fibroblast,CT,blood_vasculature,CL:0000057
CL:0000359$$68,vascular associated smooth muscle cell,CT,blood_vasculature,CL:0000359
ASCTB-TEMP:odontoid-arcade,odontoid arcade,AS,blood_vasculature,ASCTB-TEMP:odontoid-arcade
CL:0000071$$69,blood vessel endothelial cell,CT,blood_vasculature,CL:0000071
CL:1000413$$70,endothelial cell of artery,CT,blood_vasculature,CL:1000413
CL:0000057$$71,fibroblast,CT,blood_vasculature,CL:0000057
CL:0000359$$72,vascular associated smooth muscle cell,CT,blood_vasculature,CL:0000359
UBERON:0010249,posterior meningeal artery,AS,blood_vasculature,UBERON:0010249
CL:0000071$$73,blood vessel endothelial cell,CT,blood_vasculature,CL:0000071
CL:1000413$$74,endothelial cell of artery,CT,blood_vasculature,CL:1000413
CL:0000057$$75,fibroblast,CT,blood_vasculature,CL:0000057
CL:0000359$$76,vascular associated smooth muscle cell,CT,blood_vasculature,CL:0000359
ASCTB-TEMP:pharyngeal-trunk,pharyngeal trunk,AS,blood_vasculature,ASCTB-TEMP:pharyngeal-trunk
CL:0000071$$77,blood vessel endothelial cell,CT,blood_vasculature,CL:0000071
CL:1000413$$78,endothelial cell of artery,CT,blood_vasculature,CL:1000413
CL:0000057$$79,fibroblast,CT,blood_vasculature,CL:0000057
CL:0000359$$80,vascular associated smooth muscle cell,CT,blood_vasculature,CL:0000359
ASCTB-TEMP:eustachian-branch-of-ascending-pharyngeal-artery,eustachian branch of ascending pharyngeal artery,AS,blood_vasculature,ASCTB-TEMP:eustachian-branch-of-ascending-pharyngeal-artery
CL:0000071$$81,blood vessel endothelial cell,CT,blood_vasculature,CL:0000071
CL:1000413$$82,endothelial cell of artery,CT,blood_vasculature,CL:1000413
CL:0000057$$83,fibroblast,CT,blood_vasculature,CL:0000057
CL:0000359$$84,vascular associated smooth muscle cell,CT,blood_vasculature,CL:0000359
ASCTB-TEMP:inferior-pharyngeal-artery,inferior pharyngeal artery,AS,blood_vasculature,ASCTB-TEMP:inferior-pharyngeal-artery
CL:0000071$$85,blood vessel endothelial cell,CT,blood_vasculature,CL:0000071
CL:1000413$$86,endothelial cell of artery,CT,blood_vasculature,CL:1000413
CL:0000057$$87,fibroblast,CT,blood_vasculature,CL:0000057
CL:0000359$$88,vascular associated smooth muscle cell,CT,blood_vasculature,CL:0000359
ASCTB-TEMP:middle-pharyngeal-artery,middle pharyngeal artery,AS,blood_vasculature,ASCTB-TEMP:middle-pharyngeal-artery
CL:0000071$$89,blood vessel endothelial cell,CT,blood_vasculature,CL:0000071
CL:1000413$$90,endothelial cell of artery,CT,blood_vasculature,CL:1000413
CL:0000057$$91,fibroblast,CT,blood_vasculature,CL:0000057
CL:0000359$$92,vascular associated smooth muscle cell,CT,blood_vasculature,CL:0000359
ASCTB-TEMP:superior-pharyngeal-artery,superior pharyngeal artery,AS,blood_vasculature,ASCTB-TEMP:superior-pharyngeal-artery
CL:0000071$$93,blood vessel endothelial cell,CT,blood_vasculature,CL:0000071
CL:1000413$$94,endothelial cell of artery,CT,blood_vasculature,CL:1000413
CL:0000057$$95,fibroblast,CT,blood_vasculature,CL:0000057
CL:0000359$$96,vascular associated smooth muscle cell,CT,blood_vasculature,CL:0000359
ASCTB-TEMP:pterygovaginal-artery,pterygovaginal artery,AS,blood_vasculature,ASCTB-TEMP:pterygovaginal-artery
CL:0000071$$97,blood vessel endothelial cell,CT,blood_vasculature,CL:0000071
CL:1000413$$98,endothelial cell of artery,CT,blood_vasculature,CL:1000413
CL:0000057$$99,fibroblast,CT,blood_vasculature,CL:0000057
CL:0000359$$100,vascular associated smooth muscle cell,CT,blood_vasculature,CL:0000359
UBERON:0001612,facial artery,AS,blood_vasculature,UBERON:0001612
CL:0000071$$101,blood vessel endothelial cell,CT,blood_vasculature,CL:0000071
CL:1000413$$102,endothelial cell of artery,CT,blood_vasculature,CL:1000413
CL:0000057$$103,fibroblast,CT,blood_vasculature,CL:0000057
CL:0000359$$104,vascular associated smooth muscle cell,CT,blood_vasculature,CL:0000359
UBERON:0010408,ocular angle artery,AS,blood_vasculature,UBERON:0010408
CL:0000071$$105,blood vessel endothelial cell,CT,blood_vasculature,CL:0000071
CL:1000413$$106,endothelial cell of artery,CT,blood_vasculature,CL:1000413
CL:0000057$$107,fibroblast,CT,blood_vasculature,CL:0000057
CL:0000359$$108,vascular associated smooth muscle cell,CT,blood_vasculature,CL:0000359
UBERON:8600095,ascending palatine artery,AS,blood_vasculature,UBERON:8600095
CL:0000071$$109,blood vessel endothelial cell,CT,blood_vasculature,CL:0000071
CL:1000413$$110,endothelial cell of artery,CT,blood_vasculature,CL:1000413
CL:0000057$$111,fibroblast,CT,blood_vasculature,CL:0000057
CL:0000359$$112,vascular associated smooth muscle cell,CT,blood_vasculature,CL:0000359
FMA:71675,Set of glandular branches of facial artery,AS,blood_vasculature,FMA:71675
CL:0000071$$113,blood vessel endothelial cell,CT,blood_vasculature,CL:0000071
CL:1000413$$114,endothelial cell of artery,CT,blood_vasculature,CL:1000413
CL:0000057$$115,fibroblast,CT,blood_vasculature,CL:0000057
CL:0000359$$116,vascular associated smooth muscle cell,CT,blood_vasculature,CL:0000359
UBERON:0003471,artery of lower lip,AS,blood_vasculature,UBERON:0003471
CL:0000071$$117,blood vessel endothelial cell,CT,blood_vasculature,CL:0000071
CL:1000413$$118,endothelial cell of artery,CT,blood_vasculature,CL:1000413
CL:0000057$$119,fibroblast,CT,blood_vasculature,CL:0000057
CL:0000359$$120,vascular associated smooth muscle cell,CT,blood_vasculature,CL:0000359
FMA:49580,Lateral nasal artery,AS,blood_vasculature,FMA:49580
CL:0000071$$121,blood vessel endothelial cell,CT,blood_vasculature,CL:0000071
CL:1000413$$122,endothelial cell of artery,CT,blood_vasculature,CL:1000413
CL:0000057$$123,fibroblast,CT,blood_vasculature,CL:0000057
CL:0000359$$124,vascular associated smooth muscle cell,CT,blood_vasculature,CL:0000359
UBERON:8600096,submental artery,AS,blood_vasculature,UBERON:8600096
CL:0000071$$125,blood vessel endothelial cell,CT,blood_vasculature,CL:0000071
CL:1000413$$126,endothelial cell of artery,CT,blood_vasculature,CL:1000413
CL:0000057$$127,fibroblast,CT,blood_vasculature,CL:0000057
CL:0000359$$128,vascular associated smooth muscle cell,CT,blood_vasculature,CL:0000359
UBERON:0003470,artery of upper lip,AS,blood_vasculature,UBERON:0003470
CL:0000071$$129,blood vessel endothelial cell,CT,blood_vasculature,CL:0000071
CL:1000413$$130,endothelial cell of artery,CT,blood_vasculature,CL:1000413
CL:0000057$$131,fibroblast,CT,blood_vasculature,CL:0000057
CL:0000359$$132,vascular associated smooth muscle cell,CT,blood_vasculature,CL:0000359
FMA:49558,Tonsillar artery,AS,blood_vasculature,FMA:49558
CL:0000071$$133,blood vessel endothelial cell,CT,blood_vasculature,CL:0000071
CL:1000413$$134,endothelial cell of artery,CT,blood_vasculature,CL:1000413
CL:0000057$$135,fibroblast,CT,blood_vasculature,CL:0000057
CL:0000359$$136,vascular associated smooth muscle cell,CT,blood_vasculature,CL:0000359
UBERON:0001610,lingual artery,AS,blood_vasculature,UBERON:0001610
CL:0000071$$137,blood vessel endothelial cell,CT,blood_vasculature,CL:0000071
CL:1000413$$138,endothelial cell of artery,CT,blood_vasculature,CL:1000413
CL:0000057$$139,fibroblast,CT,blood_vasculature,CL:0000057
CL:0000359$$140,vascular associated smooth muscle cell,CT,blood_vasculature,CL:0000359
UBERON:8600097,deep lingual artery,AS,blood_vasculature,UBERON:8600097
CL:0000071$$141,blood vessel endothelial cell,CT,blood_vasculature,CL:0000071
CL:1000413$$142,endothelial cell of artery,CT,blood_vasculature,CL:1000413
CL:0000057$$143,fibroblast,CT,blood_vasculature,CL:0000057
CL:0000359$$144,vascular associated smooth muscle cell,CT,blood_vasculature,CL:0000359
UBERON:8600098,dorsal lingual artery,AS,blood_vasculature,UBERON:8600098
CL:0000071$$145,blood vessel endothelial cell,CT,blood_vasculature,CL:0000071
CL:1000413$$146,endothelial cell of artery,CT,blood_vasculature,CL:1000413
CL:0000057$$147,fibroblast,CT,blood_vasculature,CL:0000057
CL:0000359$$148,vascular associated smooth muscle cell,CT,blood_vasculature,CL:0000359
UBERON:0001611,sublingual artery,AS,blood_vasculature,UBERON:0001611
CL:0000071$$149,blood vessel endothelial cell,CT,blood_vasculature,CL:0000071
CL:1000413$$150,endothelial cell of artery,CT,blood_vasculature,CL:1000413
CL:0000057$$151,fibroblast,CT,blood_vasculature,CL:0000057
CL:0000359$$152,vascular associated smooth muscle cell,CT,blood_vasculature,CL:0000359
UBERON:0001616,maxillary artery,AS,blood_vasculature,UBERON:0001616
CL:0000071$$153,blood vessel endothelial cell,CT,blood_vasculature,CL:0000071
CL:1000413$$154,endothelial cell of artery,CT,blood_vasculature,CL:1000413
CL:0000057$$155,fibroblast,CT,blood_vasculature,CL:0000057
CL:0000359$$156,vascular associated smooth muscle cell,CT,blood_vasculature,CL:0000359
UBERON:8600099,accessory meningeal artery,AS,blood_vasculature,UBERON:8600099
CL:0000071$$157,blood vessel endothelial cell,CT,blood_vasculature,CL:0000071
CL:1000413$$158,endothelial cell of artery,CT,blood_vasculature,CL:1000413
CL:0000057$$159,fibroblast,CT,blood_vasculature,CL:0000057
CL:0000359$$160,vascular associated smooth muscle cell,CT,blood_vasculature,CL:0000359
UBERON:0009654,alveolar artery,AS,blood_vasculature,UBERON:0009654
CL:0000071$$161,blood vessel endothelial cell,CT,blood_vasculature,CL:0000071
CL:1000413$$162,endothelial cell of artery,CT,blood_vasculature,CL:1000413
CL:0000057$$163,fibroblast,CT,blood_vasculature,CL:0000057
CL:0000359$$164,vascular associated smooth muscle cell,CT,blood_vasculature,CL:0000359
FMA:49745,Anterior deep temporal artery,AS,blood_vasculature,FMA:49745
CL:0000071$$165,blood vessel endothelial cell,CT,blood_vasculature,CL:0000071
CL:1000413$$166,endothelial cell of artery,CT,blood_vasculature,CL:1000413
CL:0000057$$167,fibroblast,CT,blood_vasculature,CL:0000057
CL:0000359$$168,vascular associated smooth muscle cell,CT,blood_vasculature,CL:0000359
FMA:49692,Anterior tympanic artery,AS,blood_vasculature,FMA:49692
CL:0000071$$169,blood vessel endothelial cell,CT,blood_vasculature,CL:0000071
CL:1000413$$170,endothelial cell of artery,CT,blood_vasculature,CL:1000413
CL:0000057$$171,fibroblast,CT,blood_vasculature,CL:0000057
CL:0000359$$172,vascular associated smooth muscle cell,CT,blood_vasculature,CL:0000359
UBERON:8600100,artery of pterygoid canal,AS,blood_vasculature,UBERON:8600100
CL:0000071$$173,blood vessel endothelial cell,CT,blood_vasculature,CL:0000071
CL:1000413$$174,endothelial cell of artery,CT,blood_vasculature,CL:1000413
CL:0000057$$175,fibroblast,CT,blood_vasculature,CL:0000057
CL:0000359$$176,vascular associated smooth muscle cell,CT,blood_vasculature,CL:0000359
UBERON:0001618,buccal artery,AS,blood_vasculature,UBERON:0001618
CL:0000071$$177,blood vessel endothelial cell,CT,blood_vasculature,CL:0000071
CL:1000413$$178,endothelial cell of artery,CT,blood_vasculature,CL:1000413
CL:0000057$$179,fibroblast,CT,blood_vasculature,CL:0000057
CL:0000359$$180,vascular associated smooth muscle cell,CT,blood_vasculature,CL:0000359
UBERON:0014695,deep auricular artery,AS,blood_vasculature,UBERON:0014695
CL:0000071$$181,blood vessel endothelial cell,CT,blood_vasculature,CL:0000071
CL:1000413$$182,endothelial cell of artery,CT,blood_vasculature,CL:1000413
CL:0000057$$183,fibroblast,CT,blood_vasculature,CL:0000057
CL:0000359$$184,vascular associated smooth muscle cell,CT,blood_vasculature,CL:0000359
UBERON:8600101,descending palatine artery,AS,blood_vasculature,UBERON:8600101
CL:0000071$$185,blood vessel endothelial cell,CT,blood_vasculature,CL:0000071
CL:1000413$$186,endothelial cell of artery,CT,blood_vasculature,CL:1000413
CL:0000057$$187,fibroblast,CT,blood_vasculature,CL:0000057
CL:0000359$$188,vascular associated smooth muscle cell,CT,blood_vasculature,CL:0000359
UBERON:0006664,greater palatine artery,AS,blood_vasculature,UBERON:0006664
CL:0000071$$189,blood vessel endothelial cell,CT,blood_vasculature,CL:0000071
CL:1000413$$190,endothelial cell of artery,CT,blood_vasculature,CL:1000413
CL:0000057$$191,fibroblast,CT,blood_vasculature,CL:0000057
CL:0000359$$192,vascular associated smooth muscle cell,CT,blood_vasculature,CL:0000359
FMA:49796,Lesser palatine artery,AS,blood_vasculature,FMA:49796
CL:0000071$$193,blood vessel endothelial cell,CT,blood_vasculature,CL:0000071
CL:1000413$$194,endothelial cell of artery,CT,blood_vasculature,CL:1000413
CL:0000057$$195,fibroblast,CT,blood_vasculature,CL:0000057
CL:0000359$$196,vascular associated smooth muscle cell,CT,blood_vasculature,CL:0000359
UBERON:0014693,inferior alveolar artery,AS,blood_vasculature,UBERON:0014693
CL:0000071$$197,blood vessel endothelial cell,CT,blood_vasculature,CL:0000071
CL:1000413$$198,endothelial cell of artery,CT,blood_vasculature,CL:1000413
CL:0000057$$199,fibroblast,CT,blood_vasculature,CL:0000057
CL:0000359$$200,vascular associated smooth muscle cell,CT,blood_vasculature,CL:0000359
UBERON:8600086,incisor artery,AS,blood_vasculature,UBERON:8600086
CL:0000071$$201,blood vessel endothelial cell,CT,blood_vasculature,CL:0000071
CL:1000413$$202,endothelial cell of artery,CT,blood_vasculature,CL:1000413
CL:0000057$$203,fibroblast,CT,blood_vasculature,CL:0000057
CL:0000359$$204,vascular associated smooth muscle cell,CT,blood_vasculature,CL:0000359
UBERON:0001617,mental artery,AS,blood_vasculature,UBERON:0001617
CL:0000071$$205,blood vessel endothelial cell,CT,blood_vasculature,CL:0000071
CL:1000413$$206,endothelial cell of artery,CT,blood_vasculature,CL:1000413
CL:0000057$$207,fibroblast,CT,blood_vasculature,CL:0000057
CL:0000359$$208,vascular associated smooth muscle cell,CT,blood_vasculature,CL:0000359
UBERON:0004646,infraorbital artery,AS,blood_vasculature,UBERON:0004646
CL:0000071$$209,blood vessel endothelial cell,CT,blood_vasculature,CL:0000071
CL:1000413$$210,endothelial cell of artery,CT,blood_vasculature,CL:1000413
CL:0000057$$211,fibroblast,CT,blood_vasculature,CL:0000057
CL:0000359$$212,vascular associated smooth muscle cell,CT,blood_vasculature,CL:0000359
FMA:49771,Anterior superior alveolar artery,AS,blood_vasculature,FMA:49771
CL:0000071$$213,blood vessel endothelial cell,CT,blood_vasculature,CL:0000071
CL:1000413$$214,endothelial cell of artery,CT,blood_vasculature,CL:1000413
CL:0000057$$215,fibroblast,CT,blood_vasculature,CL:0000057
CL:0000359$$216,vascular associated smooth muscle cell,CT,blood_vasculature,CL:0000359
UBERON:0013648,masseteric artery,AS,blood_vasculature,UBERON:0013648
CL:0000071$$217,blood vessel endothelial cell,CT,blood_vasculature,CL:0000071
CL:1000413$$218,endothelial cell of artery,CT,blood_vasculature,CL:1000413
CL:0000057$$219,fibroblast,CT,blood_vasculature,CL:0000057
CL:0000359$$220,vascular associated smooth muscle cell,CT,blood_vasculature,CL:0000359
UBERON:0010250,middle meningeal artery,AS,blood_vasculature,UBERON:0010250
CL:0000071$$221,blood vessel endothelial cell,CT,blood_vasculature,CL:0000071
CL:1000413$$222,endothelial cell of artery,CT,blood_vasculature,CL:1000413
CL:0000057$$223,fibroblast,CT,blood_vasculature,CL:0000057
CL:0000359$$224,vascular associated smooth muscle cell,CT,blood_vasculature,CL:0000359
FMA:0327481,Pharyngeal branch of the maxillary artery,AS,blood_vasculature,FMA:0327481
CL:0000071$$225,blood vessel endothelial cell,CT,blood_vasculature,CL:0000071
CL:1000413$$226,endothelial cell of artery,CT,blood_vasculature,CL:1000413
CL:0000057$$227,fibroblast,CT,blood_vasculature,CL:0000057
CL:0000359$$228,vascular associated smooth muscle cell,CT,blood_vasculature,CL:0000359
FMA:49746,Posterior deep temporal artery,AS,blood_vasculature,FMA:49746
CL:0000071$$229,blood vessel endothelial cell,CT,blood_vasculature,CL:0000071
CL:1000413$$230,endothelial cell of artery,CT,blood_vasculature,CL:1000413
CL:0000057$$231,fibroblast,CT,blood_vasculature,CL:0000057
CL:0000359$$232,vascular associated smooth muscle cell,CT,blood_vasculature,CL:0000359
UBERON:0018397,posterior superior alveolar artery,AS,blood_vasculature,UBERON:0018397
CL:0000071$$233,blood vessel endothelial cell,CT,blood_vasculature,CL:0000071
CL:1000413$$234,endothelial cell of artery,CT,blood_vasculature,CL:1000413
CL:0000057$$235,fibroblast,CT,blood_vasculature,CL:0000057
CL:0000359$$236,vascular associated smooth muscle cell,CT,blood_vasculature,CL:0000359
FMA:49751,Pterygoid branch of maxillary artery,AS,blood_vasculature,FMA:49751
CL:0000071$$237,blood vessel endothelial cell,CT,blood_vasculature,CL:0000071
CL:1000413$$238,endothelial cell of artery,CT,blood_vasculature,CL:1000413
CL:0000057$$239,fibroblast,CT,blood_vasculature,CL:0000057
CL:0000359$$240,vascular associated smooth muscle cell,CT,blood_vasculature,CL:0000359
FMA:49804,Sphenopalatine artery,AS,blood_vasculature,FMA:49804
CL:0000071$$241,blood vessel endothelial cell,CT,blood_vasculature,CL:0000071
CL:1000413$$242,endothelial cell of artery,CT,blood_vasculature,CL:1000413
CL:0000057$$243,fibroblast,CT,blood_vasculature,CL:0000057
CL:0000359$$244,vascular associated smooth muscle cell,CT,blood_vasculature,CL:0000359
ASCTB-TEMP:posterior-lateral-nasal-branch-of-sphenopalatine-artery,posterior lateral nasal branch of sphenopalatine artery,AS,blood_vasculature,ASCTB-TEMP:posterior-lateral-nasal-branch-of-sphenopalatine-artery
CL:0000071$$245,blood vessel endothelial cell,CT,blood_vasculature,CL:0000071
CL:1000413$$246,endothelial cell of artery,CT,blood_vasculature,CL:1000413
CL:0000057$$247,fibroblast,CT,blood_vasculature,CL:0000057
CL:0000359$$248,vascular associated smooth muscle cell,CT,blood_vasculature,CL:0000359
FMA:49809,Posterior septal branch of sphenopalatine artery,AS,blood_vasculature,FMA:49809
CL:0000071$$249,blood vessel endothelial cell,CT,blood_vasculature,CL:0000071
CL:1000413$$250,endothelial cell of artery,CT,blood_vasculature,CL:1000413
CL:0000057$$251,fibroblast,CT,blood_vasculature,CL:0000057
CL:0000359$$252,vascular associated smooth muscle cell,CT,blood_vasculature,CL:0000359
UBERON:0001613,occipital artery,AS,blood_vasculature,UBERON:0001613
CL:0000071$$253,blood vessel endothelial cell,CT,blood_vasculature,CL:0000071
CL:1000413$$254,endothelial cell of artery,CT,blood_vasculature,CL:1000413
CL:0000057$$255,fibroblast,CT,blood_vasculature,CL:0000057
CL:0000359$$256,vascular associated smooth muscle cell,CT,blood_vasculature,CL:0000359
FMA:49602,Auricular branch of occipital artery,AS,blood_vasculature,FMA:49602
CL:0000071$$257,blood vessel endothelial cell,CT,blood_vasculature,CL:0000071
CL:1000413$$258,endothelial cell of artery,CT,blood_vasculature,CL:1000413
CL:0000057$$259,fibroblast,CT,blood_vasculature,CL:0000057
CL:0000359$$260,vascular associated smooth muscle cell,CT,blood_vasculature,CL:0000359
FMA:49608,Descending branch of occipital artery,AS,blood_vasculature,FMA:49608
CL:0000071$$261,blood vessel endothelial cell,CT,blood_vasculature,CL:0000071
CL:1000413$$262,endothelial cell of artery,CT,blood_vasculature,CL:1000413
CL:0000057$$263,fibroblast,CT,blood_vasculature,CL:0000057
CL:0000359$$264,vascular associated smooth muscle cell,CT,blood_vasculature,CL:0000359
FMA:49599,Mastoid artery,AS,blood_vasculature,FMA:49599
CL:0000071$$265,blood vessel endothelial cell,CT,blood_vasculature,CL:0000071
CL:1000413$$266,endothelial cell of artery,CT,blood_vasculature,CL:1000413
CL:0000057$$267,fibroblast,CT,blood_vasculature,CL:0000057
CL:0000359$$268,vascular associated smooth muscle cell,CT,blood_vasculature,CL:0000359
FMA:49618,Meningeal branch of occipital artery,AS,blood_vasculature,FMA:49618
CL:0000071$$269,blood vessel endothelial cell,CT,blood_vasculature,CL:0000071
CL:1000413$$270,endothelial cell of artery,CT,blood_vasculature,CL:1000413
CL:0000057$$271,fibroblast,CT,blood_vasculature,CL:0000057
CL:0000359$$272,vascular associated smooth muscle cell,CT,blood_vasculature,CL:0000359
FMA:49621,Muscular branch of occipital artery,AS,blood_vasculature,FMA:49621
CL:0000071$$273,blood vessel endothelial cell,CT,blood_vasculature,CL:0000071
CL:1000413$$274,endothelial cell of artery,CT,blood_vasculature,CL:1000413
CL:0000057$$275,fibroblast,CT,blood_vasculature,CL:0000057
CL:0000359$$276,vascular associated smooth muscle cell,CT,blood_vasculature,CL:0000359
FMA:49477,Sternocleidomastoid artery,AS,blood_vasculature,FMA:49477
CL:0000071$$277,blood vessel endothelial cell,CT,blood_vasculature,CL:0000071
CL:1000413$$278,endothelial cell of artery,CT,blood_vasculature,CL:1000413
CL:0000057$$279,fibroblast,CT,blood_vasculature,CL:0000057
CL:0000359$$280,vascular associated smooth muscle cell,CT,blood_vasculature,CL:0000359
ASCTB-TEMP:stylomastoid-branch-of-occipital-artery,stylomastoid branch of occipital artery,AS,blood_vasculature,ASCTB-TEMP:stylomastoid-branch-of-occipital-artery
CL:0000071$$281,blood vessel endothelial cell,CT,blood_vasculature,CL:0000071
CL:1000413$$282,endothelial cell of artery,CT,blood_vasculature,CL:1000413
CL:0000057$$283,fibroblast,CT,blood_vasculature,CL:0000057
CL:0000359$$284,vascular associated smooth muscle cell,CT,blood_vasculature,CL:0000359
UBERON:0014694,posterior auricular artery,AS,blood_vasculature,UBERON:0014694
CL:0000071$$285,blood vessel endothelial cell,CT,blood_vasculature,CL:0000071
CL:1000413$$286,endothelial cell of artery,CT,blood_vasculature,CL:1000413
CL:0000057$$287,fibroblast,CT,blood_vasculature,CL:0000057
CL:0000359$$288,vascular associated smooth muscle cell,CT,blood_vasculature,CL:0000359
FMA:49641,Auricular branch of posterior auricular artery,AS,blood_vasculature,FMA:49641
CL:0000071$$289,blood vessel endothelial cell,CT,blood_vasculature,CL:0000071
CL:1000413$$290,endothelial cell of artery,CT,blood_vasculature,CL:1000413
CL:0000057$$291,fibroblast,CT,blood_vasculature,CL:0000057
CL:0000359$$292,vascular associated smooth muscle cell,CT,blood_vasculature,CL:0000359
FMA:49644,Occipital branch of posterior auricular artery,AS,blood_vasculature,FMA:49644
CL:0000071$$293,blood vessel endothelial cell,CT,blood_vasculature,CL:0000071
CL:1000413$$294,endothelial cell of artery,CT,blood_vasculature,CL:1000413
CL:0000057$$295,fibroblast,CT,blood_vasculature,CL:0000057
CL:0000359$$296,vascular associated smooth muscle cell,CT,blood_vasculature,CL:0000359
FMA:49647,Parotid branch of posterior auricular artery,AS,blood_vasculature,FMA:49647
CL:0000071$$297,blood vessel endothelial cell,CT,blood_vasculature,CL:0000071
CL:1000413$$298,endothelial cell of artery,CT,blood_vasculature,CL:1000413
CL:0000057$$299,fibroblast,CT,blood_vasculature,CL:0000057
CL:0000359$$300,vascular associated smooth muscle cell,CT,blood_vasculature,CL:0000359
FMA:49631,Posterior tympanic artery,AS,blood_vasculature,FMA:49631
CL:0000071$$301,blood vessel endothelial cell,CT,blood_vasculature,CL:0000071
CL:1000413$$302,endothelial cell of artery,CT,blood_vasculature,CL:1000413
CL:0000057$$303,fibroblast,CT,blood_vasculature,CL:0000057
CL:0000359$$304,vascular associated smooth muscle cell,CT,blood_vasculature,CL:0000359
UBERON:0006345,stapedial artery,AS,blood_vasculature,UBERON:0006345
CL:0000071$$305,blood vessel endothelial cell,CT,blood_vasculature,CL:0000071
CL:1000413$$306,endothelial cell of artery,CT,blood_vasculature,CL:1000413
CL:0000057$$307,fibroblast,CT,blood_vasculature,CL:0000057
CL:0000359$$308,vascular associated smooth muscle cell,CT,blood_vasculature,CL:0000359
FMA:49628,Stylomastoid artery,AS,blood_vasculature,FMA:49628
CL:0000071$$309,blood vessel endothelial cell,CT,blood_vasculature,CL:0000071
CL:1000413$$310,endothelial cell of artery,CT,blood_vasculature,CL:1000413
CL:0000057$$311,fibroblast,CT,blood_vasculature,CL:0000057
CL:0000359$$312,vascular associated smooth muscle cell,CT,blood_vasculature,CL:0000359
UBERON:0001614,superficial temporal artery,AS,blood_vasculature,UBERON:0001614
CL:0000071$$313,blood vessel endothelial cell,CT,blood_vasculature,CL:0000071
CL:1000413$$314,endothelial cell of artery,CT,blood_vasculature,CL:1000413
CL:0000057$$315,fibroblast,CT,blood_vasculature,CL:0000057
CL:0000359$$316,vascular associated smooth muscle cell,CT,blood_vasculature,CL:0000359
FMA:49660,Anterior auricular branch of superficial temporal artery,AS,blood_vasculature,FMA:49660
CL:0000071$$317,blood vessel endothelial cell,CT,blood_vasculature,CL:0000071
CL:1000413$$318,endothelial cell of artery,CT,blood_vasculature,CL:1000413
CL:0000057$$319,fibroblast,CT,blood_vasculature,CL:0000057
CL:0000359$$320,vascular associated smooth muscle cell,CT,blood_vasculature,CL:0000359
FMA:49669,Frontal branch of superficial temporal artery,AS,blood_vasculature,FMA:49669
CL:0000071$$321,blood vessel endothelial cell,CT,blood_vasculature,CL:0000071
CL:1000413$$322,endothelial cell of artery,CT,blood_vasculature,CL:1000413
CL:0000057$$323,fibroblast,CT,blood_vasculature,CL:0000057
CL:0000359$$324,vascular associated smooth muscle cell,CT,blood_vasculature,CL:0000359
UBERON:0035042,middle temporal artery,AS,blood_vasculature,UBERON:0035042
CL:0000071$$325,blood vessel endothelial cell,CT,blood_vasculature,CL:0000071
CL:1000413$$326,endothelial cell of artery,CT,blood_vasculature,CL:1000413
CL:0000057$$327,fibroblast,CT,blood_vasculature,CL:0000057
CL:0000359$$328,vascular associated smooth muscle cell,CT,blood_vasculature,CL:0000359
UBERON:0035261,posterior temporal artery,AS,blood_vasculature,UBERON:0035261
CL:0000071$$329,blood vessel endothelial cell,CT,blood_vasculature,CL:0000071
CL:1000413$$330,endothelial cell of artery,CT,blood_vasculature,CL:1000413
CL:0000057$$331,fibroblast,CT,blood_vasculature,CL:0000057
CL:0000359$$332,vascular associated smooth muscle cell,CT,blood_vasculature,CL:0000359
UBERON:0001615,transverse facial artery,AS,blood_vasculature,UBERON:0001615
CL:0000071$$333,blood vessel endothelial cell,CT,blood_vasculature,CL:0000071
CL:1000413$$334,endothelial cell of artery,CT,blood_vasculature,CL:1000413
CL:0000057$$335,fibroblast,CT,blood_vasculature,CL:0000057
CL:0000359$$336,vascular associated smooth muscle cell,CT,blood_vasculature,CL:0000359
UBERON:0015157,zygomatico-orbital artery,AS,blood_vasculature,UBERON:0015157
CL:0000071$$337,blood vessel endothelial cell,CT,blood_vasculature,CL:0000071
CL:1000413$$338,endothelial cell of artery,CT,blood_vasculature,CL:1000413
CL:0000057$$339,fibroblast,CT,blood_vasculature,CL:0000057
CL:0000359$$340,vascular associated smooth muscle cell,CT,blood_vasculature,CL:0000359
UBERON:0007150,superior thyroid artery,AS,blood_vasculature,UBERON:0007150
CL:0000071$$341,blood vessel endothelial cell,CT,blood_vasculature,CL:0000071
CL:1000413$$342,endothelial cell of artery,CT,blood_vasculature,CL:1000413
CL:0000057$$343,fibroblast,CT,blood_vasculature,CL:0000057
CL:0000359$$344,vascular associated smooth muscle cell,CT,blood_vasculature,CL:0000359
FMA:49483,Cricothyroid artery,AS,blood_vasculature,FMA:49483
CL:0000071$$345,blood vessel endothelial cell,CT,blood_vasculature,CL:0000071
CL:1000413$$346,endothelial cell of artery,CT,blood_vasculature,CL:1000413
CL:0000057$$347,fibroblast,CT,blood_vasculature,CL:0000057
CL:0000359$$348,vascular associated smooth muscle cell,CT,blood_vasculature,CL:0000359
UBERON:0005608,hyoid artery,AS,blood_vasculature,UBERON:0005608
CL:0000071$$349,blood vessel endothelial cell,CT,blood_vasculature,CL:0000071
CL:1000413$$350,endothelial cell of artery,CT,blood_vasculature,CL:1000413
CL:0000057$$351,fibroblast,CT,blood_vasculature,CL:0000057
CL:0000359$$352,vascular associated smooth muscle cell,CT,blood_vasculature,CL:0000359
FMA:49477$$353,Sternocleidomastoid artery,AS,blood_vasculature,FMA:49477
CL:0000071$$354,blood vessel endothelial cell,CT,blood_vasculature,CL:0000071
CL:1000413$$355,endothelial cell of artery,CT,blood_vasculature,CL:1000413
CL:0000057$$356,fibroblast,CT,blood_vasculature,CL:0000057
CL:0000359$$357,vascular associated smooth muscle cell,CT,blood_vasculature,CL:0000359
FMA:49480,Superior laryngeal artery,AS,blood_vasculature,FMA:49480
CL:0000071$$358,blood vessel endothelial cell,CT,blood_vasculature,CL:0000071
CL:1000413$$359,endothelial cell of artery,CT,blood_vasculature,CL:1000413
CL:0000057$$360,fibroblast,CT,blood_vasculature,CL:0000057
CL:0000359$$361,vascular associated smooth muscle cell,CT,blood_vasculature,CL:0000359
UBERON:0001532,internal carotid artery,AS,blood_vasculature,UBERON:0001532
CL:0000071$$362,blood vessel endothelial cell,CT,blood_vasculature,CL:0000071
CL:1000413$$363,endothelial cell of artery,CT,blood_vasculature,CL:1000413
CL:0000057$$364,fibroblast,CT,blood_vasculature,CL:0000057
CL:0000359$$365,vascular associated smooth muscle cell,CT,blood_vasculature,CL:0000359
UBERON:0001624,anterior cerebral artery,AS,blood_vasculature,UBERON:0001624
CL:0000071$$366,blood vessel endothelial cell,CT,blood_vasculature,CL:0000071
CL:1000413$$367,endothelial cell of artery,CT,blood_vasculature,CL:1000413
CL:0000057$$368,fibroblast,CT,blood_vasculature,CL:0000057
CL:0000359$$369,vascular associated smooth muscle cell,CT,blood_vasculature,CL:0000359
UBERON:0006764,anterior communicating artery,AS,blood_vasculature,UBERON:0006764
CL:0000071$$370,blood vessel endothelial cell,CT,blood_vasculature,CL:0000071
CL:1000413$$371,endothelial cell of artery,CT,blood_vasculature,CL:1000413
CL:0000057$$372,fibroblast,CT,blood_vasculature,CL:0000057
CL:0000359$$373,vascular associated smooth muscle cell,CT,blood_vasculature,CL:0000359
ASCTB-TEMP:anterior-internal-frontal-artery,anterior internal frontal artery,AS,blood_vasculature,ASCTB-TEMP:anterior-internal-frontal-artery
CL:0000071$$374,blood vessel endothelial cell,CT,blood_vasculature,CL:0000071
CL:1000413$$375,endothelial cell of artery,CT,blood_vasculature,CL:1000413
CL:0000057$$376,fibroblast,CT,blood_vasculature,CL:0000057
CL:0000359$$377,vascular associated smooth muscle cell,CT,blood_vasculature,CL:0000359
FMA:50330,Callosomarginal artery,AS,blood_vasculature,FMA:50330
CL:0000071$$378,blood vessel endothelial cell,CT,blood_vasculature,CL:0000071
CL:1000413$$379,endothelial cell of artery,CT,blood_vasculature,CL:1000413
CL:0000057$$380,fibroblast,CT,blood_vasculature,CL:0000057
CL:0000359$$381,vascular associated smooth muscle cell,CT,blood_vasculature,CL:0000359
FMA:50327,Distal medial striate artery,AS,blood_vasculature,FMA:50327
CL:0000071$$382,blood vessel endothelial cell,CT,blood_vasculature,CL:0000071
CL:1000413$$383,endothelial cell of artery,CT,blood_vasculature,CL:1000413
CL:0000057$$384,fibroblast,CT,blood_vasculature,CL:0000057
CL:0000359$$385,vascular associated smooth muscle cell,CT,blood_vasculature,CL:0000359
FMA:50329,Polar frontal artery,AS,blood_vasculature,FMA:50329
CL:0000071$$386,blood vessel endothelial cell,CT,blood_vasculature,CL:0000071
CL:1000413$$387,endothelial cell of artery,CT,blood_vasculature,CL:1000413
CL:0000057$$388,fibroblast,CT,blood_vasculature,CL:0000057
CL:0000359$$389,vascular associated smooth muscle cell,CT,blood_vasculature,CL:0000359
ASCTB-TEMP:inferior-parietal-artery,inferior parietal artery,AS,blood_vasculature,ASCTB-TEMP:inferior-parietal-artery
CL:0000071$$390,blood vessel endothelial cell,CT,blood_vasculature,CL:0000071
CL:1000413$$391,endothelial cell of artery,CT,blood_vasculature,CL:1000413
CL:0000057$$392,fibroblast,CT,blood_vasculature,CL:0000057
CL:0000359$$393,vascular associated smooth muscle cell,CT,blood_vasculature,CL:0000359
ASCTB-TEMP:medial-lenticulostriate-artery,medial lenticulostriate artery,AS,blood_vasculature,ASCTB-TEMP:medial-lenticulostriate-artery
CL:0000071$$394,blood vessel endothelial cell,CT,blood_vasculature,CL:0000071
CL:1000413$$395,endothelial cell of artery,CT,blood_vasculature,CL:1000413
CL:0000057$$396,fibroblast,CT,blood_vasculature,CL:0000057
CL:0000359$$397,vascular associated smooth muscle cell,CT,blood_vasculature,CL:0000359
ASCTB-TEMP:middle-internal-frontal-artery,middle internal frontal artery,AS,blood_vasculature,ASCTB-TEMP:middle-internal-frontal-artery
CL:0000071$$398,blood vessel endothelial cell,CT,blood_vasculature,CL:0000071
CL:1000413$$399,endothelial cell of artery,CT,blood_vasculature,CL:1000413
CL:0000057$$400,fibroblast,CT,blood_vasculature,CL:0000057
CL:0000359$$401,vascular associated smooth muscle cell,CT,blood_vasculature,CL:0000359
ASCTB-TEMP:orbitofrontal-branch-of-anterior-cerebral-artery,orbitofrontal branch of anterior cerebral artery,AS,blood_vasculature,ASCTB-TEMP:orbitofrontal-branch-of-anterior-cerebral-artery
CL:0000071$$402,blood vessel endothelial cell,CT,blood_vasculature,CL:0000071
CL:1000413$$403,endothelial cell of artery,CT,blood_vasculature,CL:1000413
CL:0000057$$404,fibroblast,CT,blood_vasculature,CL:0000057
CL:0000359$$405,vascular associated smooth muscle cell,CT,blood_vasculature,CL:0000359
ASCTB-TEMP:paracentral-artery,paracentral artery,AS,blood_vasculature,ASCTB-TEMP:paracentral-artery
CL:0000071$$406,blood vessel endothelial cell,CT,blood_vasculature,CL:0000071
CL:1000413$$407,endothelial cell of artery,CT,blood_vasculature,CL:1000413
CL:0000057$$408,fibroblast,CT,blood_vasculature,CL:0000057
CL:0000359$$409,vascular associated smooth muscle cell,CT,blood_vasculature,CL:0000359
FMA:50337,Pericallosal artery,AS,blood_vasculature,FMA:50337
CL:0000071$$410,blood vessel endothelial cell,CT,blood_vasculature,CL:0000071
CL:1000413$$411,endothelial cell of artery,CT,blood_vasculature,CL:1000413
CL:0000057$$412,fibroblast,CT,blood_vasculature,CL:0000057
CL:0000359$$413,vascular associated smooth muscle cell,CT,blood_vasculature,CL:0000359
ASCTB-TEMP:posterior-internal-frontal-artery,posterior internal frontal artery,AS,blood_vasculature,ASCTB-TEMP:posterior-internal-frontal-artery
CL:0000071$$414,blood vessel endothelial cell,CT,blood_vasculature,CL:0000071
CL:1000413$$415,endothelial cell of artery,CT,blood_vasculature,CL:1000413
CL:0000057$$416,fibroblast,CT,blood_vasculature,CL:0000057
CL:0000359$$417,vascular associated smooth muscle cell,CT,blood_vasculature,CL:0000359
ASCTB-TEMP:superior-parietal-artery,superior parietal artery,AS,blood_vasculature,ASCTB-TEMP:superior-parietal-artery
CL:0000071$$418,blood vessel endothelial cell,CT,blood_vasculature,CL:0000071
CL:1000413$$419,endothelial cell of artery,CT,blood_vasculature,CL:1000413
CL:0000057$$420,fibroblast,CT,blood_vasculature,CL:0000057
CL:0000359$$421,vascular associated smooth muscle cell,CT,blood_vasculature,CL:0000359
UBERON:0014696,anterior choroidal artery,AS,blood_vasculature,UBERON:0014696
CL:0000071$$422,blood vessel endothelial cell,CT,blood_vasculature,CL:0000071
CL:1000413$$423,endothelial cell of artery,CT,blood_vasculature,CL:1000413
CL:0000057$$424,fibroblast,CT,blood_vasculature,CL:0000057
CL:0000359$$425,vascular associated smooth muscle cell,CT,blood_vasculature,CL:0000359
UBERON:0007693,caroticotympanic artery,AS,blood_vasculature,UBERON:0007693
CL:0000071$$426,blood vessel endothelial cell,CT,blood_vasculature,CL:0000071
CL:1000413$$427,endothelial cell of artery,CT,blood_vasculature,CL:1000413
CL:0000057$$428,fibroblast,CT,blood_vasculature,CL:0000057
CL:0000359$$429,vascular associated smooth muscle cell,CT,blood_vasculature,CL:0000359
FMA:49817,Cavernous branch of internal carotid artery,AS,blood_vasculature,FMA:49817
CL:0000071$$430,blood vessel endothelial cell,CT,blood_vasculature,CL:0000071
CL:1000413$$431,endothelial cell of artery,CT,blood_vasculature,CL:1000413
CL:0000057$$432,fibroblast,CT,blood_vasculature,CL:0000057
CL:0000359$$433,vascular associated smooth muscle cell,CT,blood_vasculature,CL:0000359
ASCTB-TEMP:meningohypophyseal-artery,meningohypophyseal artery,AS,blood_vasculature,ASCTB-TEMP:meningohypophyseal-artery
CL:0000071$$434,blood vessel endothelial cell,CT,blood_vasculature,CL:0000071
CL:1000413$$435,endothelial cell of artery,CT,blood_vasculature,CL:1000413
CL:0000057$$436,fibroblast,CT,blood_vasculature,CL:0000057
CL:0000359$$437,vascular associated smooth muscle cell,CT,blood_vasculature,CL:0000359
ASCTB-TEMP:dorsal-meningeal-artery,dorsal meningeal artery,AS,blood_vasculature,ASCTB-TEMP:dorsal-meningeal-artery
CL:0000071$$438,blood vessel endothelial cell,CT,blood_vasculature,CL:0000071
CL:1000413$$439,endothelial cell of artery,CT,blood_vasculature,CL:1000413
CL:0000057$$440,fibroblast,CT,blood_vasculature,CL:0000057
CL:0000359$$441,vascular associated smooth muscle cell,CT,blood_vasculature,CL:0000359
ASCTB-TEMP:tentorial-artery,tentorial artery,AS,blood_vasculature,ASCTB-TEMP:tentorial-artery
CL:0000071$$442,blood vessel endothelial cell,CT,blood_vasculature,CL:0000071
CL:1000413$$443,endothelial cell of artery,CT,blood_vasculature,CL:1000413
CL:0000057$$444,fibroblast,CT,blood_vasculature,CL:0000057
CL:0000359$$445,vascular associated smooth muscle cell,CT,blood_vasculature,CL:0000359
UBERON:8600079,dural artery,AS,blood_vasculature,UBERON:8600079
CL:0000071$$446,blood vessel endothelial cell,CT,blood_vasculature,CL:0000071
CL:1000413$$447,endothelial cell of artery,CT,blood_vasculature,CL:1000413
CL:0000057$$448,fibroblast,CT,blood_vasculature,CL:0000057
CL:0000359$$449,vascular associated smooth muscle cell,CT,blood_vasculature,CL:0000359
UBERON:0035492,inferior hypophysial artery,AS,blood_vasculature,UBERON:0035492
CL:0000071$$450,blood vessel endothelial cell,CT,blood_vasculature,CL:0000071
CL:1000413$$451,endothelial cell of artery,CT,blood_vasculature,CL:1000413
CL:0000057$$452,fibroblast,CT,blood_vasculature,CL:0000057
CL:0000359$$453,vascular associated smooth muscle cell,CT,blood_vasculature,CL:0000359
ASCTB-TEMP:capillary-plexus-of-posterior-pituitary-gland,capillary plexus of posterior pituitary gland,AS,blood_vasculature,ASCTB-TEMP:capillary-plexus-of-posterior-pituitary-gland
CL:0000071$$454,blood vessel endothelial cell,CT,blood_vasculature,CL:0000071
CL:0002144$$455,capillary endothelial cell,CT,blood_vasculature,CL:0002144
FMA:0327576,Hypophysial short portal vein,AS,blood_vasculature,FMA:0327576
CL:0000071$$456,blood vessel endothelial cell,CT,blood_vasculature,CL:0000071
CL:0002543$$457,vein endothelial cell,CT,blood_vasculature,CL:0002543
ASCTB-TEMP:secondary-capillary-plexus-of-anterior-pituitary-gland-2,secondary capillary plexus of anterior pituitary gland #2,AS,blood_vasculature,ASCTB-TEMP:secondary-capillary-plexus-of-anterior-pituitary-gland-2
CL:0000071$$458,blood vessel endothelial cell,CT,blood_vasculature,CL:0000071
CL:0002144$$459,capillary endothelial cell,CT,blood_vasculature,CL:0002144
UBERON:0001627,middle cerebral artery,AS,blood_vasculature,UBERON:0001627
CL:0000071$$460,blood vessel endothelial cell,CT,blood_vasculature,CL:0000071
CL:1000413$$461,endothelial cell of artery,CT,blood_vasculature,CL:1000413
CL:0000057$$462,fibroblast,CT,blood_vasculature,CL:0000057
CL:0000359$$463,vascular associated smooth muscle cell,CT,blood_vasculature,CL:0000359
UBERON:0035225,anterior temporal artery,AS,blood_vasculature,UBERON:0035225
CL:0000071$$464,blood vessel endothelial cell,CT,blood_vasculature,CL:0000071
CL:1000413$$465,endothelial cell of artery,CT,blood_vasculature,CL:1000413
CL:0000057$$466,fibroblast,CT,blood_vasculature,CL:0000057
CL:0000359$$467,vascular associated smooth muscle cell,CT,blood_vasculature,CL:0000359
FMA:77439,Artery of central sulcus,AS,blood_vasculature,FMA:77439
CL:0000071$$468,blood vessel endothelial cell,CT,blood_vasculature,CL:0000071
CL:1000413$$469,endothelial cell of artery,CT,blood_vasculature,CL:1000413
CL:0000057$$470,fibroblast,CT,blood_vasculature,CL:0000057
CL:0000359$$471,vascular associated smooth muscle cell,CT,blood_vasculature,CL:0000359
UBERON:0035462,anterior parietal artery,AS,blood_vasculature,UBERON:0035462
CL:0000071$$472,blood vessel endothelial cell,CT,blood_vasculature,CL:0000071
CL:1000413$$473,endothelial cell of artery,CT,blood_vasculature,CL:1000413
CL:0000057$$474,fibroblast,CT,blood_vasculature,CL:0000057
CL:0000359$$475,vascular associated smooth muscle cell,CT,blood_vasculature,CL:0000359
FMA:50479,Artery of precentral sulcus,AS,blood_vasculature,FMA:50479
CL:0000071$$476,blood vessel endothelial cell,CT,blood_vasculature,CL:0000071
CL:1000413$$477,endothelial cell of artery,CT,blood_vasculature,CL:1000413
CL:0000057$$478,fibroblast,CT,blood_vasculature,CL:0000057
CL:0000359$$479,vascular associated smooth muscle cell,CT,blood_vasculature,CL:0000359
FMA:50475,Branch of middle cerebral artery to angular gyrus,AS,blood_vasculature,FMA:50475
CL:0000071$$480,blood vessel endothelial cell,CT,blood_vasculature,CL:0000071
CL:1000413$$481,endothelial cell of artery,CT,blood_vasculature,CL:1000413
CL:0000057$$482,fibroblast,CT,blood_vasculature,CL:0000057
CL:0000359$$483,vascular associated smooth muscle cell,CT,blood_vasculature,CL:0000359
FMA:71479,Set of lenticulostriate arteries,AS,blood_vasculature,FMA:71479
CL:0000071$$484,blood vessel endothelial cell,CT,blood_vasculature,CL:0000071
CL:1000413$$485,endothelial cell of artery,CT,blood_vasculature,CL:1000413
CL:0000057$$486,fibroblast,CT,blood_vasculature,CL:0000057
CL:0000359$$487,vascular associated smooth muscle cell,CT,blood_vasculature,CL:0000359
FMA:50466,middle temporal branch of middle cerebral artery,AS,blood_vasculature,FMA:50466
CL:0000071$$488,blood vessel endothelial cell,CT,blood_vasculature,CL:0000071
CL:1000413$$489,endothelial cell of artery,CT,blood_vasculature,CL:1000413
CL:0000057$$490,fibroblast,CT,blood_vasculature,CL:0000057
CL:0000359$$491,vascular associated smooth muscle cell,CT,blood_vasculature,CL:0000359
ASCTB-TEMP:orbitofrontal-branch-of-middle-cerebral-artery,orbitofrontal branch of middle cerebral artery,AS,blood_vasculature,ASCTB-TEMP:orbitofrontal-branch-of-middle-cerebral-artery
CL:0000071$$492,blood vessel endothelial cell,CT,blood_vasculature,CL:0000071
CL:1000413$$493,endothelial cell of artery,CT,blood_vasculature,CL:1000413
CL:0000057$$494,fibroblast,CT,blood_vasculature,CL:0000057
CL:0000359$$495,vascular associated smooth muscle cell,CT,blood_vasculature,CL:0000359
UBERON:0035222,posterior parietal artery,AS,blood_vasculature,UBERON:0035222
CL:0000071$$496,blood vessel endothelial cell,CT,blood_vasculature,CL:0000071
CL:1000413$$497,endothelial cell of artery,CT,blood_vasculature,CL:1000413
CL:0000057$$498,fibroblast,CT,blood_vasculature,CL:0000057
CL:0000359$$499,vascular associated smooth muscle cell,CT,blood_vasculature,CL:0000359
FMA:50469,Posterior temporal branch of middle cerebral artery,AS,blood_vasculature,FMA:50469
CL:0000071$$500,blood vessel endothelial cell,CT,blood_vasculature,CL:0000071
CL:1000413$$501,endothelial cell of artery,CT,blood_vasculature,CL:1000413
CL:0000057$$502,fibroblast,CT,blood_vasculature,CL:0000057
CL:0000359$$503,vascular associated smooth muscle cell,CT,blood_vasculature,CL:0000359
FMA:50437,Prefrontal artery,AS,blood_vasculature,FMA:50437
CL:0000071$$504,blood vessel endothelial cell,CT,blood_vasculature,CL:0000071
CL:1000413$$505,endothelial cell of artery,CT,blood_vasculature,CL:1000413
CL:0000057$$506,fibroblast,CT,blood_vasculature,CL:0000057
CL:0000359$$507,vascular associated smooth muscle cell,CT,blood_vasculature,CL:0000359
UBERON:0001619,ophthalmic artery,AS,blood_vasculature,UBERON:0001619
CL:0000071$$508,blood vessel endothelial cell,CT,blood_vasculature,CL:0000071
CL:1000413$$509,endothelial cell of artery,CT,blood_vasculature,CL:1000413
CL:0000057$$510,fibroblast,CT,blood_vasculature,CL:0000057
CL:0000359$$511,vascular associated smooth muscle cell,CT,blood_vasculature,CL:0000359
FMA:49962,Anterior ciliary artery,AS,blood_vasculature,FMA:49962
CL:0000071$$512,blood vessel endothelial cell,CT,blood_vasculature,CL:0000071
CL:1000413$$513,endothelial cell of artery,CT,blood_vasculature,CL:1000413
CL:0000057$$514,fibroblast,CT,blood_vasculature,CL:0000057
CL:0000359$$515,vascular associated smooth muscle cell,CT,blood_vasculature,CL:0000359
UBERON:0012318,anterior ethmoidal artery,AS,blood_vasculature,UBERON:0012318
CL:0000071$$516,blood vessel endothelial cell,CT,blood_vasculature,CL:0000071
CL:1000413$$517,endothelial cell of artery,CT,blood_vasculature,CL:1000413
CL:0000057$$518,fibroblast,CT,blood_vasculature,CL:0000057
CL:0000359$$519,vascular associated smooth muscle cell,CT,blood_vasculature,CL:0000359
UBERON:0010251,anterior meningeal artery,AS,blood_vasculature,UBERON:0010251
CL:0000071$$520,blood vessel endothelial cell,CT,blood_vasculature,CL:0000071
CL:1000413$$521,endothelial cell of artery,CT,blood_vasculature,CL:1000413
CL:0000057$$522,fibroblast,CT,blood_vasculature,CL:0000057
CL:0000359$$523,vascular associated smooth muscle cell,CT,blood_vasculature,CL:0000359
UBERON:0001620,central retinal artery,AS,blood_vasculature,UBERON:0001620
CL:0000071$$524,blood vessel endothelial cell,CT,blood_vasculature,CL:0000071
CL:1000413$$525,endothelial cell of artery,CT,blood_vasculature,CL:1000413
CL:0000057$$526,fibroblast,CT,blood_vasculature,CL:0000057
CL:0000359$$527,vascular associated smooth muscle cell,CT,blood_vasculature,CL:0000359
UBERON:0001623,dorsal nasal artery,AS,blood_vasculature,UBERON:0001623
CL:0000071$$528,blood vessel endothelial cell,CT,blood_vasculature,CL:0000071
CL:1000413$$529,endothelial cell of artery,CT,blood_vasculature,CL:1000413
CL:0000057$$530,fibroblast,CT,blood_vasculature,CL:0000057
CL:0000359$$531,vascular associated smooth muscle cell,CT,blood_vasculature,CL:0000359
UBERON:0002270,hyaloid artery,AS,blood_vasculature,UBERON:0002270
CL:0000071$$532,blood vessel endothelial cell,CT,blood_vasculature,CL:0000071
CL:1000413$$533,endothelial cell of artery,CT,blood_vasculature,CL:1000413
CL:0000057$$534,fibroblast,CT,blood_vasculature,CL:0000057
CL:0000359$$535,vascular associated smooth muscle cell,CT,blood_vasculature,CL:0000359
UBERON:0001622,lacrimal artery,AS,blood_vasculature,UBERON:0001622
CL:0000071$$536,blood vessel endothelial cell,CT,blood_vasculature,CL:0000071
CL:1000413$$537,endothelial cell of artery,CT,blood_vasculature,CL:1000413
CL:0000057$$538,fibroblast,CT,blood_vasculature,CL:0000057
CL:0000359$$539,vascular associated smooth muscle cell,CT,blood_vasculature,CL:0000359
UBERON:0014772,lateral palpebral artery,AS,blood_vasculature,UBERON:0014772
CL:0000071$$540,blood vessel endothelial cell,CT,blood_vasculature,CL:0000071
CL:1000413$$541,endothelial cell of artery,CT,blood_vasculature,CL:1000413
CL:0000057$$542,fibroblast,CT,blood_vasculature,CL:0000057
CL:0000359$$543,vascular associated smooth muscle cell,CT,blood_vasculature,CL:0000359
FMA:51965,Recurrent meningeal branch of lacrimal artery,AS,blood_vasculature,FMA:51965
CL:0000071$$544,blood vessel endothelial cell,CT,blood_vasculature,CL:0000071
CL:1000413$$545,endothelial cell of artery,CT,blood_vasculature,CL:1000413
CL:0000057$$546,fibroblast,CT,blood_vasculature,CL:0000057
CL:0000359$$547,vascular associated smooth muscle cell,CT,blood_vasculature,CL:0000359
ASCTB-TEMP:zygomaticofacial-artery,zygomaticofacial artery,AS,blood_vasculature,ASCTB-TEMP:zygomaticofacial-artery
CL:0000071$$548,blood vessel endothelial cell,CT,blood_vasculature,CL:0000071
CL:1000413$$549,endothelial cell of artery,CT,blood_vasculature,CL:1000413
CL:0000057$$550,fibroblast,CT,blood_vasculature,CL:0000057
CL:0000359$$551,vascular associated smooth muscle cell,CT,blood_vasculature,CL:0000359
ASCTB-TEMP:zygomaticotemporal-artery,zygomaticotemporal artery,AS,blood_vasculature,ASCTB-TEMP:zygomaticotemporal-artery
CL:0000071$$552,blood vessel endothelial cell,CT,blood_vasculature,CL:0000071
CL:1000413$$553,endothelial cell of artery,CT,blood_vasculature,CL:1000413
CL:0000057$$554,fibroblast,CT,blood_vasculature,CL:0000057
CL:0000359$$555,vascular associated smooth muscle cell,CT,blood_vasculature,CL:0000359
FMA:70778,Set of long posterior ciliary arteries,AS,blood_vasculature,FMA:70778
CL:0000071$$556,blood vessel endothelial cell,CT,blood_vasculature,CL:0000071
CL:1000413$$557,endothelial cell of artery,CT,blood_vasculature,CL:1000413
CL:0000057$$558,fibroblast,CT,blood_vasculature,CL:0000057
CL:0000359$$559,vascular associated smooth muscle cell,CT,blood_vasculature,CL:0000359
UBERON:0014773,medial palpebral artery,AS,blood_vasculature,UBERON:0014773
CL:0000071$$560,blood vessel endothelial cell,CT,blood_vasculature,CL:0000071
CL:1000413$$561,endothelial cell of artery,CT,blood_vasculature,CL:1000413
CL:0000057$$562,fibroblast,CT,blood_vasculature,CL:0000057
CL:0000359$$563,vascular associated smooth muscle cell,CT,blood_vasculature,CL:0000359
UBERON:0012319,posterior ethmoidal artery,AS,blood_vasculature,UBERON:0012319
CL:0000071$$564,blood vessel endothelial cell,CT,blood_vasculature,CL:0000071
CL:1000413$$565,endothelial cell of artery,CT,blood_vasculature,CL:1000413
CL:0000057$$566,fibroblast,CT,blood_vasculature,CL:0000057
CL:0000359$$567,vascular associated smooth muscle cell,CT,blood_vasculature,CL:0000359
FMA:70777,Set of short posterior ciliary arteries,AS,blood_vasculature,FMA:70777
CL:0000071$$568,blood vessel endothelial cell,CT,blood_vasculature,CL:0000071
CL:1000413$$569,endothelial cell of artery,CT,blood_vasculature,CL:1000413
CL:0000057$$570,fibroblast,CT,blood_vasculature,CL:0000057
CL:0000359$$571,vascular associated smooth muscle cell,CT,blood_vasculature,CL:0000359
UBERON:0005336,capillary layer of choroid,AS,blood_vasculature,UBERON:0005336
CL:0000071$$572,blood vessel endothelial cell,CT,blood_vasculature,CL:0000071
CL:0002144$$573,capillary endothelial cell,CT,blood_vasculature,CL:0002144
UBERON:0015160,supraorbital artery,AS,blood_vasculature,UBERON:0015160
CL:0000071$$574,blood vessel endothelial cell,CT,blood_vasculature,CL:0000071
CL:1000413$$575,endothelial cell of artery,CT,blood_vasculature,CL:1000413
CL:0000057$$576,fibroblast,CT,blood_vasculature,CL:0000057
CL:0000359$$577,vascular associated smooth muscle cell,CT,blood_vasculature,CL:0000359
UBERON:0012187,frontal artery,AS,blood_vasculature,UBERON:0012187
CL:0000071$$578,blood vessel endothelial cell,CT,blood_vasculature,CL:0000071
CL:1000413$$579,endothelial cell of artery,CT,blood_vasculature,CL:1000413
CL:0000057$$580,fibroblast,CT,blood_vasculature,CL:0000057
CL:0000359$$581,vascular associated smooth muscle cell,CT,blood_vasculature,CL:0000359
UBERON:0001628,posterior communicating artery,AS,blood_vasculature,UBERON:0001628
CL:0000071$$582,blood vessel endothelial cell,CT,blood_vasculature,CL:0000071
CL:1000413$$583,endothelial cell of artery,CT,blood_vasculature,CL:1000413
CL:0000057$$584,fibroblast,CT,blood_vasculature,CL:0000057
CL:0000359$$585,vascular associated smooth muscle cell,CT,blood_vasculature,CL:0000359
UBERON:0035404,superior hypophysial artery,AS,blood_vasculature,UBERON:0035404
CL:0000071$$586,blood vessel endothelial cell,CT,blood_vasculature,CL:0000071
CL:1000413$$587,endothelial cell of artery,CT,blood_vasculature,CL:1000413
CL:0000057$$588,fibroblast,CT,blood_vasculature,CL:0000057
CL:0000359$$589,vascular associated smooth muscle cell,CT,blood_vasculature,CL:0000359
ASCTB-TEMP:external-primary-capillary-plexus-of-median-eminence,external primary capillary plexus of median eminence,AS,blood_vasculature,ASCTB-TEMP:external-primary-capillary-plexus-of-median-eminence
CL:0000071$$590,blood vessel endothelial cell,CT,blood_vasculature,CL:0000071
CL:0002144$$591,capillary endothelial cell,CT,blood_vasculature,CL:0002144
ASCTB-TEMP:internal-primary-capillary-plexus-of-median-eminence,internal primary capillary plexus of median eminence,AS,blood_vasculature,ASCTB-TEMP:internal-primary-capillary-plexus-of-median-eminence
CL:0000071$$592,blood vessel endothelial cell,CT,blood_vasculature,CL:0000071
CL:0002144$$593,capillary endothelial cell,CT,blood_vasculature,CL:0002144
FMA:0327575,Hypophysial long portal vein,AS,blood_vasculature,FMA:0327575
CL:0000071$$594,blood vessel endothelial cell,CT,blood_vasculature,CL:0000071
CL:0002543$$595,vein endothelial cell,CT,blood_vasculature,CL:0002543
ASCTB-TEMP:secondary-capillary-plexus-of-anterior-pituitary-gland,secondary capillary plexus of anterior pituitary gland,AS,blood_vasculature,ASCTB-TEMP:secondary-capillary-plexus-of-anterior-pituitary-gland
CL:0000071$$596,blood vessel endothelial cell,CT,blood_vasculature,CL:0000071
CL:0002144$$597,capillary endothelial cell,CT,blood_vasculature,CL:0002144
UBERON:0001514,descending aorta,AS,blood_vasculature,UBERON:0001514
CL:0000071$$598,blood vessel endothelial cell,CT,blood_vasculature,CL:0000071
CL:1000413$$599,endothelial cell of artery,CT,blood_vasculature,CL:1000413
CL:0000057$$600,fibroblast,CT,blood_vasculature,CL:0000057
CL:0000359$$601,vascular associated smooth muscle cell,CT,blood_vasculature,CL:0000359
UBERON:0002345,descending thoracic aorta,AS,blood_vasculature,UBERON:0002345
CL:0000071$$602,blood vessel endothelial cell,CT,blood_vasculature,CL:0000071
CL:1000413$$603,endothelial cell of artery,CT,blood_vasculature,CL:1000413
CL:0000057$$604,fibroblast,CT,blood_vasculature,CL:0000057
CL:0000359$$605,vascular associated smooth muscle cell,CT,blood_vasculature,CL:0000359
UBERON:0001516,abdominal aorta,AS,blood_vasculature,UBERON:0001516
CL:0000071$$606,blood vessel endothelial cell,CT,blood_vasculature,CL:0000071
CL:1000413$$607,endothelial cell of artery,CT,blood_vasculature,CL:1000413
CL:0000057$$608,fibroblast,CT,blood_vasculature,CL:0000057
CL:0000359$$609,vascular associated smooth muscle cell,CT,blood_vasculature,CL:0000359
UBERON:0001640,celiac artery,AS,blood_vasculature,UBERON:0001640
CL:0000071$$610,blood vessel endothelial cell,CT,blood_vasculature,CL:0000071
CL:1000413$$611,endothelial cell of artery,CT,blood_vasculature,CL:1000413
CL:0000057$$612,fibroblast,CT,blood_vasculature,CL:0000057
CL:0000359$$613,vascular associated smooth muscle cell,CT,blood_vasculature,CL:0000359
UBERON:0005436,common hepatic artery,AS,blood_vasculature,UBERON:0005436
CL:0000071$$614,blood vessel endothelial cell,CT,blood_vasculature,CL:0000071
CL:1000413$$615,endothelial cell of artery,CT,blood_vasculature,CL:1000413
CL:0000057$$616,fibroblast,CT,blood_vasculature,CL:0000057
CL:0000359$$617,vascular associated smooth muscle cell,CT,blood_vasculature,CL:0000359
UBERON:0010132,gastroduodenal artery,AS,blood_vasculature,UBERON:0010132
CL:0000071$$618,blood vessel endothelial cell,CT,blood_vasculature,CL:0000071
CL:1000413$$619,endothelial cell of artery,CT,blood_vasculature,CL:1000413
CL:0000057$$620,fibroblast,CT,blood_vasculature,CL:0000057
CL:0000359$$621,vascular associated smooth muscle cell,CT,blood_vasculature,CL:0000359
FMA:61437,Retroduodenal artery,AS,blood_vasculature,FMA:61437
CL:0000071$$622,blood vessel endothelial cell,CT,blood_vasculature,CL:0000071
CL:1000413$$623,endothelial cell of artery,CT,blood_vasculature,CL:1000413
CL:0000057$$624,fibroblast,CT,blood_vasculature,CL:0000057
CL:0000359$$625,vascular associated smooth muscle cell,CT,blood_vasculature,CL:0000359
UBERON:0035829,right gastroepiploic artery,AS,blood_vasculature,UBERON:0035829
CL:0000071$$626,blood vessel endothelial cell,CT,blood_vasculature,CL:0000071
CL:1000413$$627,endothelial cell of artery,CT,blood_vasculature,CL:1000413
CL:0000057$$628,fibroblast,CT,blood_vasculature,CL:0000057
CL:0000359$$629,vascular associated smooth muscle cell,CT,blood_vasculature,CL:0000359
UBERON:0002070,superior pancreaticoduodenal artery,AS,blood_vasculature,UBERON:0002070
CL:0000071$$630,blood vessel endothelial cell,CT,blood_vasculature,CL:0000071
CL:1000413$$631,endothelial cell of artery,CT,blood_vasculature,CL:1000413
CL:0000057$$632,fibroblast,CT,blood_vasculature,CL:0000057
CL:0000359$$633,vascular associated smooth muscle cell,CT,blood_vasculature,CL:0000359
FMA:14782,Anterior superior pancreaticoduodenal artery,AS,blood_vasculature,FMA:14782
CL:0000071$$634,blood vessel endothelial cell,CT,blood_vasculature,CL:0000071
CL:1000413$$635,endothelial cell of artery,CT,blood_vasculature,CL:1000413
CL:0000057$$636,fibroblast,CT,blood_vasculature,CL:0000057
CL:0000359$$637,vascular associated smooth muscle cell,CT,blood_vasculature,CL:0000359
FMA:14784,Posterior superior pancreaticoduodenal artery,AS,blood_vasculature,FMA:14784
CL:0000071$$638,blood vessel endothelial cell,CT,blood_vasculature,CL:0000071
CL:1000413$$639,endothelial cell of artery,CT,blood_vasculature,CL:1000413
CL:0000057$$640,fibroblast,CT,blood_vasculature,CL:0000057
CL:0000359$$641,vascular associated smooth muscle cell,CT,blood_vasculature,CL:0000359
FMA:70438,Supraduodenal artery,AS,blood_vasculature,FMA:70438
CL:0000071$$642,blood vessel endothelial cell,CT,blood_vasculature,CL:0000071
CL:1000413$$643,endothelial cell of artery,CT,blood_vasculature,CL:1000413
CL:0000057$$644,fibroblast,CT,blood_vasculature,CL:0000057
CL:0000359$$645,vascular associated smooth muscle cell,CT,blood_vasculature,CL:0000359
UBERON:0015480,proper hepatic artery,AS,blood_vasculature,UBERON:0015480
CL:0000071$$646,blood vessel endothelial cell,CT,blood_vasculature,CL:0000071
CL:1000413$$647,endothelial cell of artery,CT,blood_vasculature,CL:1000413
CL:0000057$$648,fibroblast,CT,blood_vasculature,CL:0000057
CL:0000359$$649,vascular associated smooth muscle cell,CT,blood_vasculature,CL:0000359
UBERON:0015481,left hepatic artery,AS,blood_vasculature,UBERON:0015481
CL:0000071$$650,blood vessel endothelial cell,CT,blood_vasculature,CL:0000071
CL:1000413$$651,endothelial cell of artery,CT,blood_vasculature,CL:1000413
CL:0000057$$652,fibroblast,CT,blood_vasculature,CL:0000057
CL:0000359$$653,vascular associated smooth muscle cell,CT,blood_vasculature,CL:0000359
ASCTB-TEMP:left-artery-of-caudate-lobe,left artery of caudate lobe,AS,blood_vasculature,ASCTB-TEMP:left-artery-of-caudate-lobe
CL:0000071$$654,blood vessel endothelial cell,CT,blood_vasculature,CL:0000071
CL:1000413$$655,endothelial cell of artery,CT,blood_vasculature,CL:1000413
CL:0000057$$656,fibroblast,CT,blood_vasculature,CL:0000057
CL:0000359$$657,vascular associated smooth muscle cell,CT,blood_vasculature,CL:0000359
ASCTB-TEMP:left-lateral-hepatic-artery,left lateral hepatic artery,AS,blood_vasculature,ASCTB-TEMP:left-lateral-hepatic-artery
CL:0000071$$658,blood vessel endothelial cell,CT,blood_vasculature,CL:0000071
CL:1000413$$659,endothelial cell of artery,CT,blood_vasculature,CL:1000413
CL:0000057$$660,fibroblast,CT,blood_vasculature,CL:0000057
CL:0000359$$661,vascular associated smooth muscle cell,CT,blood_vasculature,CL:0000359
FMA:70453,Lateral inferior segmental hepatic artery,AS,blood_vasculature,FMA:70453
CL:0000071$$662,blood vessel endothelial cell,CT,blood_vasculature,CL:0000071
CL:1000413$$663,endothelial cell of artery,CT,blood_vasculature,CL:1000413
CL:0000057$$664,fibroblast,CT,blood_vasculature,CL:0000057
CL:0000359$$665,vascular associated smooth muscle cell,CT,blood_vasculature,CL:0000359
FMA:70452,Lateral superior segmental hepatic artery,AS,blood_vasculature,FMA:70452
CL:0000071$$666,blood vessel endothelial cell,CT,blood_vasculature,CL:0000071
CL:1000413$$667,endothelial cell of artery,CT,blood_vasculature,CL:1000413
CL:0000057$$668,fibroblast,CT,blood_vasculature,CL:0000057
CL:0000359$$669,vascular associated smooth muscle cell,CT,blood_vasculature,CL:0000359
ASCTB-TEMP:left-medial-hepatic-artery,left medial hepatic artery,AS,blood_vasculature,ASCTB-TEMP:left-medial-hepatic-artery
CL:0000071$$670,blood vessel endothelial cell,CT,blood_vasculature,CL:0000071
CL:1000413$$671,endothelial cell of artery,CT,blood_vasculature,CL:1000413
CL:0000057$$672,fibroblast,CT,blood_vasculature,CL:0000057
CL:0000359$$673,vascular associated smooth muscle cell,CT,blood_vasculature,CL:0000359
FMA:70450,Medial inferior segmental hepatic artery,AS,blood_vasculature,FMA:70450
CL:0000071$$674,blood vessel endothelial cell,CT,blood_vasculature,CL:0000071
CL:1000413$$675,endothelial cell of artery,CT,blood_vasculature,CL:1000413
CL:0000057$$676,fibroblast,CT,blood_vasculature,CL:0000057
CL:0000359$$677,vascular associated smooth muscle cell,CT,blood_vasculature,CL:0000359
FMA:70449,Medial superior segmental hepatic artery,AS,blood_vasculature,FMA:70449
CL:0000071$$678,blood vessel endothelial cell,CT,blood_vasculature,CL:0000071
CL:1000413$$679,endothelial cell of artery,CT,blood_vasculature,CL:1000413
CL:0000057$$680,fibroblast,CT,blood_vasculature,CL:0000057
CL:0000359$$681,vascular associated smooth muscle cell,CT,blood_vasculature,CL:0000359
ASCTB-TEMP:segmental-hepatic-artery,segmental hepatic artery,AS,blood_vasculature,ASCTB-TEMP:segmental-hepatic-artery
CL:0000071$$682,blood vessel endothelial cell,CT,blood_vasculature,CL:0000071
CL:1000413$$683,endothelial cell of artery,CT,blood_vasculature,CL:1000413
CL:0000057$$684,fibroblast,CT,blood_vasculature,CL:0000057
CL:0000359$$685,vascular associated smooth muscle cell,CT,blood_vasculature,CL:0000359
ASCTB-TEMP:hepatic-arteriole,hepatic arteriole,AS,blood_vasculature,ASCTB-TEMP:hepatic-arteriole
CL:0000071$$686,blood vessel endothelial cell,CT,blood_vasculature,CL:0000071
CL:1000412,endothelial cell of arteriole,CT,blood_vasculature,CL:1000412
CL:0000057$$687,fibroblast,CT,blood_vasculature,CL:0000057
CL:0000359$$688,vascular associated smooth muscle cell,CT,blood_vasculature,CL:0000359
UBERON:0015482,right hepatic artery,AS,blood_vasculature,UBERON:0015482
CL:0000071$$689,blood vessel endothelial cell,CT,blood_vasculature,CL:0000071
CL:1000413$$690,endothelial cell of artery,CT,blood_vasculature,CL:1000413
CL:0000057$$691,fibroblast,CT,blood_vasculature,CL:0000057
CL:0000359$$692,vascular associated smooth muscle cell,CT,blood_vasculature,CL:0000359
FMA:14835,Cystic artery,AS,blood_vasculature,FMA:14835
CL:0000071$$693,blood vessel endothelial cell,CT,blood_vasculature,CL:0000071
CL:1000413$$694,endothelial cell of artery,CT,blood_vasculature,CL:1000413
CL:0000057$$695,fibroblast,CT,blood_vasculature,CL:0000057
CL:0000359$$696,vascular associated smooth muscle cell,CT,blood_vasculature,CL:0000359
ASCTB-TEMP:right-anterior-hepatic-artery,right anterior hepatic artery,AS,blood_vasculature,ASCTB-TEMP:right-anterior-hepatic-artery
CL:0000071$$697,blood vessel endothelial cell,CT,blood_vasculature,CL:0000071
CL:1000413$$698,endothelial cell of artery,CT,blood_vasculature,CL:1000413
CL:0000057$$699,fibroblast,CT,blood_vasculature,CL:0000057
CL:0000359$$700,vascular associated smooth muscle cell,CT,blood_vasculature,CL:0000359
FMA:70443,Anterior inferior segmental hepatic artery,AS,blood_vasculature,FMA:70443
CL:0000071$$701,blood vessel endothelial cell,CT,blood_vasculature,CL:0000071
CL:1000413$$702,endothelial cell of artery,CT,blood_vasculature,CL:1000413
CL:0000057$$703,fibroblast,CT,blood_vasculature,CL:0000057
CL:0000359$$704,vascular associated smooth muscle cell,CT,blood_vasculature,CL:0000359
FMA:70442,Anterior superior segmental hepatic artery,AS,blood_vasculature,FMA:70442
CL:0000071$$705,blood vessel endothelial cell,CT,blood_vasculature,CL:0000071
CL:1000413$$706,endothelial cell of artery,CT,blood_vasculature,CL:1000413
CL:0000057$$707,fibroblast,CT,blood_vasculature,CL:0000057
CL:0000359$$708,vascular associated smooth muscle cell,CT,blood_vasculature,CL:0000359
ASCTB-TEMP:right-artery-of-caudate-lobe,right artery of caudate lobe,AS,blood_vasculature,ASCTB-TEMP:right-artery-of-caudate-lobe
CL:0000071$$709,blood vessel endothelial cell,CT,blood_vasculature,CL:0000071
CL:1000413$$710,endothelial cell of artery,CT,blood_vasculature,CL:1000413
CL:0000057$$711,fibroblast,CT,blood_vasculature,CL:0000057
CL:0000359$$712,vascular associated smooth muscle cell,CT,blood_vasculature,CL:0000359
ASCTB-TEMP:right-posterior-hepatic-artery,right posterior hepatic artery,AS,blood_vasculature,ASCTB-TEMP:right-posterior-hepatic-artery
CL:0000071$$713,blood vessel endothelial cell,CT,blood_vasculature,CL:0000071
CL:1000413$$714,endothelial cell of artery,CT,blood_vasculature,CL:1000413
CL:0000057$$715,fibroblast,CT,blood_vasculature,CL:0000057
CL:0000359$$716,vascular associated smooth muscle cell,CT,blood_vasculature,CL:0000359
FMA:70446,Posterior inferior segmental hepatic artery,AS,blood_vasculature,FMA:70446
CL:0000071$$717,blood vessel endothelial cell,CT,blood_vasculature,CL:0000071
CL:1000413$$718,endothelial cell of artery,CT,blood_vasculature,CL:1000413
CL:0000057$$719,fibroblast,CT,blood_vasculature,CL:0000057
CL:0000359$$720,vascular associated smooth muscle cell,CT,blood_vasculature,CL:0000359
FMA:70445,Posterior superior segmental hepatic artery,AS,blood_vasculature,FMA:70445
CL:0000071$$721,blood vessel endothelial cell,CT,blood_vasculature,CL:0000071
CL:1000413$$722,endothelial cell of artery,CT,blood_vasculature,CL:1000413
CL:0000057$$723,fibroblast,CT,blood_vasculature,CL:0000057
CL:0000359$$724,vascular associated smooth muscle cell,CT,blood_vasculature,CL:0000359
FMA:14776,Right gastric artery,AS,blood_vasculature,FMA:14776
CL:0000071$$725,blood vessel endothelial cell,CT,blood_vasculature,CL:0000071
CL:1000413$$726,endothelial cell of artery,CT,blood_vasculature,CL:1000413
CL:0000057$$727,fibroblast,CT,blood_vasculature,CL:0000057
CL:0000359$$728,vascular associated smooth muscle cell,CT,blood_vasculature,CL:0000359
UBERON:0001192,left gastric artery,AS,blood_vasculature,UBERON:0001192
CL:0000071$$729,blood vessel endothelial cell,CT,blood_vasculature,CL:0000071
CL:1000413$$730,endothelial cell of artery,CT,blood_vasculature,CL:1000413
CL:0000057$$731,fibroblast,CT,blood_vasculature,CL:0000057
CL:0000359$$732,vascular associated smooth muscle cell,CT,blood_vasculature,CL:0000359
FMA:71544,Set of oesophageal branches of left gastric artery,AS,blood_vasculature,FMA:71544
CL:0000071$$733,blood vessel endothelial cell,CT,blood_vasculature,CL:0000071
CL:1000413$$734,endothelial cell of artery,CT,blood_vasculature,CL:1000413
CL:0000057$$735,fibroblast,CT,blood_vasculature,CL:0000057
CL:0000359$$736,vascular associated smooth muscle cell,CT,blood_vasculature,CL:0000359
UBERON:0001194,splenic artery,AS,blood_vasculature,UBERON:0001194
CL:0000071$$737,blood vessel endothelial cell,CT,blood_vasculature,CL:0000071
CL:1000413$$738,endothelial cell of artery,CT,blood_vasculature,CL:1000413
CL:0000057$$739,fibroblast,CT,blood_vasculature,CL:0000057
CL:0000359$$740,vascular associated smooth muscle cell,CT,blood_vasculature,CL:0000359
FMA:14793,Caudal pancreatic artery,AS,blood_vasculature,FMA:14793
CL:0000071$$741,blood vessel endothelial cell,CT,blood_vasculature,CL:0000071
CL:1000413$$742,endothelial cell of artery,CT,blood_vasculature,CL:1000413
CL:0000057$$743,fibroblast,CT,blood_vasculature,CL:0000057
CL:0000359$$744,vascular associated smooth muscle cell,CT,blood_vasculature,CL:0000359
FMA:14787,Dorsal pancreatic artery,AS,blood_vasculature,FMA:14787
CL:0000071$$745,blood vessel endothelial cell,CT,blood_vasculature,CL:0000071
CL:1000413$$746,endothelial cell of artery,CT,blood_vasculature,CL:1000413
CL:0000057$$747,fibroblast,CT,blood_vasculature,CL:0000057
CL:0000359$$748,vascular associated smooth muscle cell,CT,blood_vasculature,CL:0000359
ASCTB-TEMP:transverse-pancreatic-artery,transverse pancreatic artery,AS,blood_vasculature,ASCTB-TEMP:transverse-pancreatic-artery
CL:0000071$$749,blood vessel endothelial cell,CT,blood_vasculature,CL:0000071
CL:1000413$$750,endothelial cell of artery,CT,blood_vasculature,CL:1000413
CL:0000057$$751,fibroblast,CT,blood_vasculature,CL:0000057
CL:0000359$$752,vascular associated smooth muscle cell,CT,blood_vasculature,CL:0000359
FMA:14792,Great pancreatic artery,AS,blood_vasculature,FMA:14792
CL:0000071$$753,blood vessel endothelial cell,CT,blood_vasculature,CL:0000071
CL:1000413$$754,endothelial cell of artery,CT,blood_vasculature,CL:1000413
CL:0000057$$755,fibroblast,CT,blood_vasculature,CL:0000057
CL:0000359$$756,vascular associated smooth muscle cell,CT,blood_vasculature,CL:0000359
ASCTB-TEMP:inferior-lobar-artery-of-spleen,inferior lobar artery of spleen,AS,blood_vasculature,ASCTB-TEMP:inferior-lobar-artery-of-spleen
CL:0000071$$757,blood vessel endothelial cell,CT,blood_vasculature,CL:0000071
CL:1000413$$758,endothelial cell of artery,CT,blood_vasculature,CL:1000413
CL:0000057$$759,fibroblast,CT,blood_vasculature,CL:0000057
CL:0000359$$760,vascular associated smooth muscle cell,CT,blood_vasculature,CL:0000359
UBERON:0035830,left gastroepiploic artery,AS,blood_vasculature,UBERON:0035830
CL:0000071$$761,blood vessel endothelial cell,CT,blood_vasculature,CL:0000071
CL:1000413$$762,endothelial cell of artery,CT,blood_vasculature,CL:1000413
CL:0000057$$763,fibroblast,CT,blood_vasculature,CL:0000057
CL:0000359$$764,vascular associated smooth muscle cell,CT,blood_vasculature,CL:0000359
ASCTB-TEMP:lobar-artery-of-spleen,lobar artery of spleen,AS,blood_vasculature,ASCTB-TEMP:lobar-artery-of-spleen
CL:0000071$$765,blood vessel endothelial cell,CT,blood_vasculature,CL:0000071
CL:1000413$$766,endothelial cell of artery,CT,blood_vasculature,CL:1000413
CL:0000057$$767,fibroblast,CT,blood_vasculature,CL:0000057
CL:0000359$$768,vascular associated smooth muscle cell,CT,blood_vasculature,CL:0000359
ASCTB-TEMP:segmental-branch-of-lobar-artery-of-spleen,segmental branch of lobar artery of spleen,AS,blood_vasculature,ASCTB-TEMP:segmental-branch-of-lobar-artery-of-spleen
CL:0000071$$769,blood vessel endothelial cell,CT,blood_vasculature,CL:0000071
CL:1000413$$770,endothelial cell of artery,CT,blood_vasculature,CL:1000413
CL:0000057$$771,fibroblast,CT,blood_vasculature,CL:0000057
CL:0000359$$772,vascular associated smooth muscle cell,CT,blood_vasculature,CL:0000359
UBERON:0010399,spleen trabecular artery,AS,blood_vasculature,UBERON:0010399
CL:0000071$$773,blood vessel endothelial cell,CT,blood_vasculature,CL:0000071
CL:1000413$$774,endothelial cell of artery,CT,blood_vasculature,CL:1000413
CL:0000057$$775,fibroblast,CT,blood_vasculature,CL:0000057
CL:0000359$$776,vascular associated smooth muscle cell,CT,blood_vasculature,CL:0000359
UBERON:0010401,spleen central arteriole,AS,blood_vasculature,UBERON:0010401
CL:0000071$$777,blood vessel endothelial cell,CT,blood_vasculature,CL:0000071
CL:1000412$$778,endothelial cell of arteriole,CT,blood_vasculature,CL:1000412
CL:0000057$$779,fibroblast,CT,blood_vasculature,CL:0000057
CL:0000359$$780,vascular associated smooth muscle cell,CT,blood_vasculature,CL:0000359
ASCTB-TEMP:non-penicillar-arteriole-of-spleen,non-penicillar arteriole of spleen,AS,blood_vasculature,ASCTB-TEMP:non-penicillar-arteriole-of-spleen
CL:0000071$$781,blood vessel endothelial cell,CT,blood_vasculature,CL:0000071
CL:1000412$$782,endothelial cell of arteriole,CT,blood_vasculature,CL:1000412
CL:0000057$$783,fibroblast,CT,blood_vasculature,CL:0000057
CL:0000359$$784,vascular associated smooth muscle cell,CT,blood_vasculature,CL:0000359
ASCTB-TEMP:sheathed-capillary-of-spleen,sheathed capillary of spleen,AS,blood_vasculature,ASCTB-TEMP:sheathed-capillary-of-spleen
CL:0000071$$785,blood vessel endothelial cell,CT,blood_vasculature,CL:0000071
CL:0002144$$786,capillary endothelial cell,CT,blood_vasculature,CL:0002144
ASCTB-TEMP:post-sheath-open-capillary-of-spleen,post-sheath open capillary of spleen,AS,blood_vasculature,ASCTB-TEMP:post-sheath-open-capillary-of-spleen
CL:0000071$$787,blood vessel endothelial cell,CT,blood_vasculature,CL:0000071
CL:0002144$$788,capillary endothelial cell,CT,blood_vasculature,CL:0002144
CL:0002262,endothelial cell of sinusoid,CT,blood_vasculature,CL:0002262
ASCTB-TEMP:superficial-white-pulp-capillary-of-spleen,superficial white pulp capillary of spleen,AS,blood_vasculature,ASCTB-TEMP:superficial-white-pulp-capillary-of-spleen
CL:0000071$$789,blood vessel endothelial cell,CT,blood_vasculature,CL:0000071
CL:0002144$$790,capillary endothelial cell,CT,blood_vasculature,CL:0002144
ASCTB-TEMP:branch-of-superficial-white-pulp-capillary-of-spleen,branch of superficial white pulp capillary of spleen,AS,blood_vasculature,ASCTB-TEMP:branch-of-superficial-white-pulp-capillary-of-spleen
CL:0000071$$791,blood vessel endothelial cell,CT,blood_vasculature,CL:0000071
CL:0002144$$792,capillary endothelial cell,CT,blood_vasculature,CL:0002144
UBERON:0013132,penicillar arteriole,AS,blood_vasculature,UBERON:0013132
CL:0000071$$793,blood vessel endothelial cell,CT,blood_vasculature,CL:0000071
CL:1000413$$794,endothelial cell of artery,CT,blood_vasculature,CL:1000413
CL:0000057$$795,fibroblast,CT,blood_vasculature,CL:0000057
CL:0000359$$796,vascular associated smooth muscle cell,CT,blood_vasculature,CL:0000359
ASCTB-TEMP:sheathed-capillary-of-spleen-2,sheathed capillary of spleen #2,AS,blood_vasculature,ASCTB-TEMP:sheathed-capillary-of-spleen-2
CL:0000071$$797,blood vessel endothelial cell,CT,blood_vasculature,CL:0000071
CL:0002144$$798,capillary endothelial cell,CT,blood_vasculature,CL:0002144
ASCTB-TEMP:secondary-follicle-arteriole-of-spleen,secondary follicle arteriole of spleen,AS,blood_vasculature,ASCTB-TEMP:secondary-follicle-arteriole-of-spleen
CL:0000071$$799,blood vessel endothelial cell,CT,blood_vasculature,CL:0000071
CL:1000412$$800,endothelial cell of arteriole,CT,blood_vasculature,CL:1000412
CL:0000057$$801,fibroblast,CT,blood_vasculature,CL:0000057
CL:0000359$$802,vascular associated smooth muscle cell,CT,blood_vasculature,CL:0000359
FMA:70471,Pancreatic artery,AS,blood_vasculature,FMA:70471
CL:0000071$$803,blood vessel endothelial cell,CT,blood_vasculature,CL:0000071
CL:1000413$$804,endothelial cell of artery,CT,blood_vasculature,CL:1000413
CL:0000057$$805,fibroblast,CT,blood_vasculature,CL:0000057
CL:0000359$$806,vascular associated smooth muscle cell,CT,blood_vasculature,CL:0000359
ASCTB-TEMP:interlobular-artery-of-pancreas,interlobular artery of pancreas,AS,blood_vasculature,ASCTB-TEMP:interlobular-artery-of-pancreas
CL:0000071$$807,blood vessel endothelial cell,CT,blood_vasculature,CL:0000071
CL:1000413$$808,endothelial cell of artery,CT,blood_vasculature,CL:1000413
CL:0000057$$809,fibroblast,CT,blood_vasculature,CL:0000057
CL:0000359$$810,vascular associated smooth muscle cell,CT,blood_vasculature,CL:0000359
ASCTB-TEMP:lobular-artery-of-pancreas,lobular artery of pancreas,AS,blood_vasculature,ASCTB-TEMP:lobular-artery-of-pancreas
CL:0000071$$811,blood vessel endothelial cell,CT,blood_vasculature,CL:0000071
CL:1000413$$812,endothelial cell of artery,CT,blood_vasculature,CL:1000413
CL:0000057$$813,fibroblast,CT,blood_vasculature,CL:0000057
CL:0000359$$814,vascular associated smooth muscle cell,CT,blood_vasculature,CL:0000359
ASCTB-TEMP:intralobular-arteriole-of-pancreas,intralobular arteriole of pancreas,AS,blood_vasculature,ASCTB-TEMP:intralobular-arteriole-of-pancreas
CL:0000071$$815,blood vessel endothelial cell,CT,blood_vasculature,CL:0000071
CL:1000412$$816,endothelial cell of arteriole,CT,blood_vasculature,CL:1000412
CL:0000057$$817,fibroblast,CT,blood_vasculature,CL:0000057
CL:0000359$$818,vascular associated smooth muscle cell,CT,blood_vasculature,CL:0000359
ASCTB-TEMP:lobular-capillary-of-pancreas,lobular capillary of pancreas,AS,blood_vasculature,ASCTB-TEMP:lobular-capillary-of-pancreas
CL:0000071$$819,blood vessel endothelial cell,CT,blood_vasculature,CL:0000071
CL:0002144$$820,capillary endothelial cell,CT,blood_vasculature,CL:0002144
ASCTB-TEMP:pancreatic-islet-afferent-arteriole,pancreatic islet afferent arteriole,AS,blood_vasculature,ASCTB-TEMP:pancreatic-islet-afferent-arteriole
CL:0000071$$821,blood vessel endothelial cell,CT,blood_vasculature,CL:0000071
CL:1000412$$822,endothelial cell of arteriole,CT,blood_vasculature,CL:1000412
CL:0000057$$823,fibroblast,CT,blood_vasculature,CL:0000057
CL:0000359$$824,vascular associated smooth muscle cell,CT,blood_vasculature,CL:0000359
FMA:280080,Capillary network of pancreatic islet,AS,blood_vasculature,FMA:280080
CL:0000071$$825,blood vessel endothelial cell,CT,blood_vasculature,CL:0000071
CL:0002144$$826,capillary endothelial cell,CT,blood_vasculature,CL:0002144
ASCTB-TEMP:periductal-capillary-of-intercalated-duct-of-pancreas,periductal capillary of intercalated duct of pancreas,AS,blood_vasculature,ASCTB-TEMP:periductal-capillary-of-intercalated-duct-of-pancreas
CL:0000071$$827,blood vessel endothelial cell,CT,blood_vasculature,CL:0000071
CL:0002144$$828,capillary endothelial cell,CT,blood_vasculature,CL:0002144
ASCTB-TEMP:periductal-capillary-of-intralobular-duct-of-panceas,periductal capillary of intralobular duct of panceas,AS,blood_vasculature,ASCTB-TEMP:periductal-capillary-of-intralobular-duct-of-panceas
CL:0000071$$829,blood vessel endothelial cell,CT,blood_vasculature,CL:0000071
CL:0002144$$830,capillary endothelial cell,CT,blood_vasculature,CL:0002144
ASCTB-TEMP:periductal-branch-of-lobular-artery-of-pancreas,periductal branch of lobular artery of pancreas,AS,blood_vasculature,ASCTB-TEMP:periductal-branch-of-lobular-artery-of-pancreas
CL:0000071$$831,blood vessel endothelial cell,CT,blood_vasculature,CL:0000071
CL:1000413$$832,endothelial cell of artery,CT,blood_vasculature,CL:1000413
CL:0000057$$833,fibroblast,CT,blood_vasculature,CL:0000057
CL:0000359$$834,vascular associated smooth muscle cell,CT,blood_vasculature,CL:0000359
ASCTB-TEMP:periductal-arteriole-of-interlobular-duct-of-pancreas,periductal arteriole of interlobular duct of pancreas,AS,blood_vasculature,ASCTB-TEMP:periductal-arteriole-of-interlobular-duct-of-pancreas
CL:0000071$$835,blood vessel endothelial cell,CT,blood_vasculature,CL:0000071
CL:1000412$$836,endothelial cell of arteriole,CT,blood_vasculature,CL:1000412
CL:0000057$$837,fibroblast,CT,blood_vasculature,CL:0000057
CL:0000359$$838,vascular associated smooth muscle cell,CT,blood_vasculature,CL:0000359
ASCTB-TEMP:periductal-capillary-of-interlobular-duct-of-pancreas,periductal capillary of interlobular duct of pancreas,AS,blood_vasculature,ASCTB-TEMP:periductal-capillary-of-interlobular-duct-of-pancreas
CL:0000071$$839,blood vessel endothelial cell,CT,blood_vasculature,CL:0000071
CL:0002144$$840,capillary endothelial cell,CT,blood_vasculature,CL:0002144
ASCTB-TEMP:periductal-branch-of-interlobular-artery-of-pancreas,periductal branch of interlobular artery of pancreas,AS,blood_vasculature,ASCTB-TEMP:periductal-branch-of-interlobular-artery-of-pancreas
CL:0000071$$841,blood vessel endothelial cell,CT,blood_vasculature,CL:0000071
CL:1000413$$842,endothelial cell of artery,CT,blood_vasculature,CL:1000413
CL:0000057$$843,fibroblast,CT,blood_vasculature,CL:0000057
CL:0000359$$844,vascular associated smooth muscle cell,CT,blood_vasculature,CL:0000359
ASCTB-TEMP:periductal-arteriole-of-accessory-pancreatic-duct,periductal arteriole of accessory pancreatic duct,AS,blood_vasculature,ASCTB-TEMP:periductal-arteriole-of-accessory-pancreatic-duct
CL:0000071$$845,blood vessel endothelial cell,CT,blood_vasculature,CL:0000071
CL:1000412$$846,endothelial cell of arteriole,CT,blood_vasculature,CL:1000412
CL:0000057$$847,fibroblast,CT,blood_vasculature,CL:0000057
CL:0000359$$848,vascular associated smooth muscle cell,CT,blood_vasculature,CL:0000359
ASCTB-TEMP:periductal-capillary-of-accessory-pancreatic-duct,periductal capillary of accessory pancreatic duct,AS,blood_vasculature,ASCTB-TEMP:periductal-capillary-of-accessory-pancreatic-duct
CL:0000071$$849,blood vessel endothelial cell,CT,blood_vasculature,CL:0000071
CL:0002144$$850,capillary endothelial cell,CT,blood_vasculature,CL:0002144
ASCTB-TEMP:periductal-arteriole-of-main-pancreatic-duct,periductal arteriole of main pancreatic duct,AS,blood_vasculature,ASCTB-TEMP:periductal-arteriole-of-main-pancreatic-duct
CL:0000071$$851,blood vessel endothelial cell,CT,blood_vasculature,CL:0000071
CL:1000412$$852,endothelial cell of arteriole,CT,blood_vasculature,CL:1000412
CL:0000057$$853,fibroblast,CT,blood_vasculature,CL:0000057
CL:0000359$$854,vascular associated smooth muscle cell,CT,blood_vasculature,CL:0000359
ASCTB-TEMP:periductal-capillary-of-main-pancreatic-duct,periductal capillary of main pancreatic duct,AS,blood_vasculature,ASCTB-TEMP:periductal-capillary-of-main-pancreatic-duct
CL:0000071$$855,blood vessel endothelial cell,CT,blood_vasculature,CL:0000071
CL:0002144$$856,capillary endothelial cell,CT,blood_vasculature,CL:0002144
FMA:14794,Short gastric artery,AS,blood_vasculature,FMA:14794
CL:0000071$$857,blood vessel endothelial cell,CT,blood_vasculature,CL:0000071
CL:1000413$$858,endothelial cell of artery,CT,blood_vasculature,CL:1000413
CL:0000057$$859,fibroblast,CT,blood_vasculature,CL:0000057
CL:0000359$$860,vascular associated smooth muscle cell,CT,blood_vasculature,CL:0000359
ASCTB-TEMP:superior-lobar-artery-of-spleen,superior lobar artery of spleen,AS,blood_vasculature,ASCTB-TEMP:superior-lobar-artery-of-spleen
CL:0000071$$861,blood vessel endothelial cell,CT,blood_vasculature,CL:0000071
CL:1000413$$862,endothelial cell of artery,CT,blood_vasculature,CL:1000413
CL:0000057$$863,fibroblast,CT,blood_vasculature,CL:0000057
CL:0000359$$864,vascular associated smooth muscle cell,CT,blood_vasculature,CL:0000359
UBERON:0001191,common iliac artery,AS,blood_vasculature,UBERON:0001191
CL:0000071$$865,blood vessel endothelial cell,CT,blood_vasculature,CL:0000071
CL:1000413$$866,endothelial cell of artery,CT,blood_vasculature,CL:1000413
CL:0000057$$867,fibroblast,CT,blood_vasculature,CL:0000057
CL:0000359$$868,vascular associated smooth muscle cell,CT,blood_vasculature,CL:0000359
UBERON:0001308,external iliac artery,AS,blood_vasculature,UBERON:0001308
CL:0000071$$869,blood vessel endothelial cell,CT,blood_vasculature,CL:0000071
CL:1000413$$870,endothelial cell of artery,CT,blood_vasculature,CL:1000413
CL:0000057$$871,fibroblast,CT,blood_vasculature,CL:0000057
CL:0000359$$872,vascular associated smooth muscle cell,CT,blood_vasculature,CL:0000359
FMA:0323778,Common femoral artery,AS,blood_vasculature,FMA:0323778
CL:0000071$$873,blood vessel endothelial cell,CT,blood_vasculature,CL:0000071
CL:1000413$$874,endothelial cell of artery,CT,blood_vasculature,CL:1000413
CL:0000057$$875,fibroblast,CT,blood_vasculature,CL:0000057
CL:0000359$$876,vascular associated smooth muscle cell,CT,blood_vasculature,CL:0000359
UBERON:0007316,deep external pudendal artery,AS,blood_vasculature,UBERON:0007316
CL:0000071$$877,blood vessel endothelial cell,CT,blood_vasculature,CL:0000071
CL:1000413$$878,endothelial cell of artery,CT,blood_vasculature,CL:1000413
CL:0000057$$879,fibroblast,CT,blood_vasculature,CL:0000057
CL:0000359$$880,vascular associated smooth muscle cell,CT,blood_vasculature,CL:0000359
UBERON:0001355,deep femoral artery,AS,blood_vasculature,UBERON:0001355
CL:0000071$$881,blood vessel endothelial cell,CT,blood_vasculature,CL:0000071
CL:1000413$$882,endothelial cell of artery,CT,blood_vasculature,CL:1000413
CL:0000057$$883,fibroblast,CT,blood_vasculature,CL:0000057
CL:0000359$$884,vascular associated smooth muscle cell,CT,blood_vasculature,CL:0000359
FMA:20798,Lateral circumflex femoral artery,AS,blood_vasculature,FMA:20798
CL:0000071$$885,blood vessel endothelial cell,CT,blood_vasculature,CL:0000071
CL:1000413$$886,endothelial cell of artery,CT,blood_vasculature,CL:1000413
CL:0000057$$887,fibroblast,CT,blood_vasculature,CL:0000057
CL:0000359$$888,vascular associated smooth muscle cell,CT,blood_vasculature,CL:0000359
FMA:20804,Ascending branch of lateral circumflex femoral artery,AS,blood_vasculature,FMA:20804
CL:0000071$$889,blood vessel endothelial cell,CT,blood_vasculature,CL:0000071
CL:1000413$$890,endothelial cell of artery,CT,blood_vasculature,CL:1000413
CL:0000057$$891,fibroblast,CT,blood_vasculature,CL:0000057
CL:0000359$$892,vascular associated smooth muscle cell,CT,blood_vasculature,CL:0000359
FMA:20805,Descending branch of lateral circumflex femoral artery,AS,blood_vasculature,FMA:20805
CL:0000071$$893,blood vessel endothelial cell,CT,blood_vasculature,CL:0000071
CL:1000413$$894,endothelial cell of artery,CT,blood_vasculature,CL:1000413
CL:0000057$$895,fibroblast,CT,blood_vasculature,CL:0000057
CL:0000359$$896,vascular associated smooth muscle cell,CT,blood_vasculature,CL:0000359
UBERON:0001356,medial circumflex femoral artery,AS,blood_vasculature,UBERON:0001356
CL:0000071$$897,blood vessel endothelial cell,CT,blood_vasculature,CL:0000071
CL:1000413$$898,endothelial cell of artery,CT,blood_vasculature,CL:1000413
CL:0000057$$899,fibroblast,CT,blood_vasculature,CL:0000057
CL:0000359$$900,vascular associated smooth muscle cell,CT,blood_vasculature,CL:0000359
FMA:20811,Ascending branch of medial circumflex femoral artery,AS,blood_vasculature,FMA:20811
CL:0000071$$901,blood vessel endothelial cell,CT,blood_vasculature,CL:0000071
CL:1000413$$902,endothelial cell of artery,CT,blood_vasculature,CL:1000413
CL:0000057$$903,fibroblast,CT,blood_vasculature,CL:0000057
CL:0000359$$904,vascular associated smooth muscle cell,CT,blood_vasculature,CL:0000359
FMA:22420,Descending branch of medial circumflex femoral artery,AS,blood_vasculature,FMA:22420
CL:0000071$$905,blood vessel endothelial cell,CT,blood_vasculature,CL:0000071
CL:1000413$$906,endothelial cell of artery,CT,blood_vasculature,CL:1000413
CL:0000057$$907,fibroblast,CT,blood_vasculature,CL:0000057
CL:0000359$$908,vascular associated smooth muscle cell,CT,blood_vasculature,CL:0000359
FMA:69460,Perforating femoral artery,AS,blood_vasculature,FMA:69460
CL:0000071$$909,blood vessel endothelial cell,CT,blood_vasculature,CL:0000071
CL:1000413$$910,endothelial cell of artery,CT,blood_vasculature,CL:1000413
CL:0000057$$911,fibroblast,CT,blood_vasculature,CL:0000057
CL:0000359$$912,vascular associated smooth muscle cell,CT,blood_vasculature,CL:0000359
UBERON:0009041,superficial circumflex iliac artery,AS,blood_vasculature,UBERON:0009041
CL:0000071$$913,blood vessel endothelial cell,CT,blood_vasculature,CL:0000071
CL:1000413$$914,endothelial cell of artery,CT,blood_vasculature,CL:1000413
CL:0000057$$915,fibroblast,CT,blood_vasculature,CL:0000057
CL:0000359$$916,vascular associated smooth muscle cell,CT,blood_vasculature,CL:0000359
UBERON:0034964,superficial epigastric artery,AS,blood_vasculature,UBERON:0034964
CL:0000071$$917,blood vessel endothelial cell,CT,blood_vasculature,CL:0000071
CL:1000413$$918,endothelial cell of artery,CT,blood_vasculature,CL:1000413
CL:0000057$$919,fibroblast,CT,blood_vasculature,CL:0000057
CL:0000359$$920,vascular associated smooth muscle cell,CT,blood_vasculature,CL:0000359
UBERON:0007317,superficial external pudendal artery,AS,blood_vasculature,UBERON:0007317
CL:0000071$$921,blood vessel endothelial cell,CT,blood_vasculature,CL:0000071
CL:1000413$$922,endothelial cell of artery,CT,blood_vasculature,CL:1000413
CL:0000057$$923,fibroblast,CT,blood_vasculature,CL:0000057
CL:0000359$$924,vascular associated smooth muscle cell,CT,blood_vasculature,CL:0000359
FMA:0323777,Superficial femoral artery,AS,blood_vasculature,FMA:0323777
CL:0000071$$925,blood vessel endothelial cell,CT,blood_vasculature,CL:0000071
CL:1000413$$926,endothelial cell of artery,CT,blood_vasculature,CL:1000413
CL:0000057$$927,fibroblast,CT,blood_vasculature,CL:0000057
CL:0000359$$928,vascular associated smooth muscle cell,CT,blood_vasculature,CL:0000359
FMA:22506,Descending genicular artery,AS,blood_vasculature,FMA:22506
CL:0000071$$929,blood vessel endothelial cell,CT,blood_vasculature,CL:0000071
CL:1000413$$930,endothelial cell of artery,CT,blood_vasculature,CL:1000413
CL:0000057$$931,fibroblast,CT,blood_vasculature,CL:0000057
CL:0000359$$932,vascular associated smooth muscle cell,CT,blood_vasculature,CL:0000359
FMA:22511,Articular branch of descending genicular artery,AS,blood_vasculature,FMA:22511
CL:0000071$$933,blood vessel endothelial cell,CT,blood_vasculature,CL:0000071
CL:1000413$$934,endothelial cell of artery,CT,blood_vasculature,CL:1000413
CL:0000057$$935,fibroblast,CT,blood_vasculature,CL:0000057
CL:0000359$$936,vascular associated smooth muscle cell,CT,blood_vasculature,CL:0000359
UBERON:0015350,saphenous artery,AS,blood_vasculature,UBERON:0015350
CL:0000071$$937,blood vessel endothelial cell,CT,blood_vasculature,CL:0000071
CL:1000413$$938,endothelial cell of artery,CT,blood_vasculature,CL:1000413
CL:0000057$$939,fibroblast,CT,blood_vasculature,CL:0000057
CL:0000359$$940,vascular associated smooth muscle cell,CT,blood_vasculature,CL:0000359
UBERON:0002250,popliteal artery,AS,blood_vasculature,UBERON:0002250
CL:0000071$$941,blood vessel endothelial cell,CT,blood_vasculature,CL:0000071
CL:1000413$$942,endothelial cell of artery,CT,blood_vasculature,CL:1000413
CL:0000057$$943,fibroblast,CT,blood_vasculature,CL:0000057
CL:0000359$$944,vascular associated smooth muscle cell,CT,blood_vasculature,CL:0000359
UBERON:0001537,anterior tibial artery,AS,blood_vasculature,UBERON:0001537
CL:0000071$$945,blood vessel endothelial cell,CT,blood_vasculature,CL:0000071
CL:1000413$$946,endothelial cell of artery,CT,blood_vasculature,CL:1000413
CL:0000057$$947,fibroblast,CT,blood_vasculature,CL:0000057
CL:0000359$$948,vascular associated smooth muscle cell,CT,blood_vasculature,CL:0000359
FMA:43904,Anterior lateral malleolar artery,AS,blood_vasculature,FMA:43904
CL:0000071$$949,blood vessel endothelial cell,CT,blood_vasculature,CL:0000071
CL:1000413$$950,endothelial cell of artery,CT,blood_vasculature,CL:1000413
CL:0000057$$951,fibroblast,CT,blood_vasculature,CL:0000057
CL:0000359$$952,vascular associated smooth muscle cell,CT,blood_vasculature,CL:0000359
ASCTB-TEMP:lateral-supramalleolar-artery,lateral supramalleolar artery,AS,blood_vasculature,ASCTB-TEMP:lateral-supramalleolar-artery
CL:0000071$$953,blood vessel endothelial cell,CT,blood_vasculature,CL:0000071
CL:1000413$$954,endothelial cell of artery,CT,blood_vasculature,CL:1000413
CL:0000057$$955,fibroblast,CT,blood_vasculature,CL:0000057
CL:0000359$$956,vascular associated smooth muscle cell,CT,blood_vasculature,CL:0000359
FMA:43905,Anterior medial malleolar artery,AS,blood_vasculature,FMA:43905
CL:0000071$$957,blood vessel endothelial cell,CT,blood_vasculature,CL:0000071
CL:1000413$$958,endothelial cell of artery,CT,blood_vasculature,CL:1000413
CL:0000057$$959,fibroblast,CT,blood_vasculature,CL:0000057
CL:0000359$$960,vascular associated smooth muscle cell,CT,blood_vasculature,CL:0000359
FMA:43902,Anterior tibial recurrent artery,AS,blood_vasculature,FMA:43902
CL:0000071$$961,blood vessel endothelial cell,CT,blood_vasculature,CL:0000071
CL:1000413$$962,endothelial cell of artery,CT,blood_vasculature,CL:1000413
CL:0000057$$963,fibroblast,CT,blood_vasculature,CL:0000057
CL:0000359$$964,vascular associated smooth muscle cell,CT,blood_vasculature,CL:0000359
UBERON:0001539,dorsalis pedis artery,AS,blood_vasculature,UBERON:0001539
CL:0000071$$965,blood vessel endothelial cell,CT,blood_vasculature,CL:0000071
CL:1000413$$966,endothelial cell of artery,CT,blood_vasculature,CL:1000413
CL:0000057$$967,fibroblast,CT,blood_vasculature,CL:0000057
CL:0000359$$968,vascular associated smooth muscle cell,CT,blood_vasculature,CL:0000359
UBERON:0034927,arcuate artery of foot,AS,blood_vasculature,UBERON:0034927
CL:0000071$$969,blood vessel endothelial cell,CT,blood_vasculature,CL:0000071
CL:1000413$$970,endothelial cell of artery,CT,blood_vasculature,CL:1000413
CL:0000057$$971,fibroblast,CT,blood_vasculature,CL:0000057
CL:0000359$$972,vascular associated smooth muscle cell,CT,blood_vasculature,CL:0000359
FMA:44650,Fourth dorsal metatarsal artery,AS,blood_vasculature,FMA:44650
CL:0000071$$973,blood vessel endothelial cell,CT,blood_vasculature,CL:0000071
CL:1000413$$974,endothelial cell of artery,CT,blood_vasculature,CL:1000413
CL:0000057$$975,fibroblast,CT,blood_vasculature,CL:0000057
CL:0000359$$976,vascular associated smooth muscle cell,CT,blood_vasculature,CL:0000359
FMA:69613,Lateral part of dorsal digital artery of fifth toe,AS,blood_vasculature,FMA:69613
CL:0000071$$977,blood vessel endothelial cell,CT,blood_vasculature,CL:0000071
CL:1000413$$978,endothelial cell of artery,CT,blood_vasculature,CL:1000413
CL:0000057$$979,fibroblast,CT,blood_vasculature,CL:0000057
CL:0000359$$980,vascular associated smooth muscle cell,CT,blood_vasculature,CL:0000359
FMA:69610,Lateral part of dorsal digital artery of fourth toe,AS,blood_vasculature,FMA:69610
CL:0000071$$981,blood vessel endothelial cell,CT,blood_vasculature,CL:0000071
CL:1000413$$982,endothelial cell of artery,CT,blood_vasculature,CL:1000413
CL:0000057$$983,fibroblast,CT,blood_vasculature,CL:0000057
CL:0000359$$984,vascular associated smooth muscle cell,CT,blood_vasculature,CL:0000359
FMA:69589,Medial part of dorsal digital artery of fifth toe,AS,blood_vasculature,FMA:69589
CL:0000071$$985,blood vessel endothelial cell,CT,blood_vasculature,CL:0000071
CL:1000413$$986,endothelial cell of artery,CT,blood_vasculature,CL:1000413
CL:0000057$$987,fibroblast,CT,blood_vasculature,CL:0000057
CL:0000359$$988,vascular associated smooth muscle cell,CT,blood_vasculature,CL:0000359
FMA:44648,Second dorsal metatarsal artery,AS,blood_vasculature,FMA:44648
CL:0000071$$989,blood vessel endothelial cell,CT,blood_vasculature,CL:0000071
CL:1000413$$990,endothelial cell of artery,CT,blood_vasculature,CL:1000413
CL:0000057$$991,fibroblast,CT,blood_vasculature,CL:0000057
CL:0000359$$992,vascular associated smooth muscle cell,CT,blood_vasculature,CL:0000359
FMA:69604,Lateral part of dorsal digital artery of second toe,AS,blood_vasculature,FMA:69604
CL:0000071$$993,blood vessel endothelial cell,CT,blood_vasculature,CL:0000071
CL:1000413$$994,endothelial cell of artery,CT,blood_vasculature,CL:1000413
CL:0000057$$995,fibroblast,CT,blood_vasculature,CL:0000057
CL:0000359$$996,vascular associated smooth muscle cell,CT,blood_vasculature,CL:0000359
FMA:69587,Medial part of dorsal digital artery of third toe,AS,blood_vasculature,FMA:69587
CL:0000071$$997,blood vessel endothelial cell,CT,blood_vasculature,CL:0000071
CL:1000413$$998,endothelial cell of artery,CT,blood_vasculature,CL:1000413
CL:0000057$$999,fibroblast,CT,blood_vasculature,CL:0000057
CL:0000359$$1000,vascular associated smooth muscle cell,CT,blood_vasculature,CL:0000359
FMA:44649,Third dorsal metatarsal artery,AS,blood_vasculature,FMA:44649
CL:0000071$$1001,blood vessel endothelial cell,CT,blood_vasculature,CL:0000071
CL:1000413$$1002,endothelial cell of artery,CT,blood_vasculature,CL:1000413
CL:0000057$$1003,fibroblast,CT,blood_vasculature,CL:0000057
CL:0000359$$1004,vascular associated smooth muscle cell,CT,blood_vasculature,CL:0000359
FMA:69607,Lateral part of dorsal digital artery of third toe,AS,blood_vasculature,FMA:69607
CL:0000071$$1005,blood vessel endothelial cell,CT,blood_vasculature,CL:0000071
CL:1000413$$1006,endothelial cell of artery,CT,blood_vasculature,CL:1000413
CL:0000057$$1007,fibroblast,CT,blood_vasculature,CL:0000057
CL:0000359$$1008,vascular associated smooth muscle cell,CT,blood_vasculature,CL:0000359
FMA:69588,Medial part of dorsal digital artery of fourth toe,AS,blood_vasculature,FMA:69588
CL:0000071$$1009,blood vessel endothelial cell,CT,blood_vasculature,CL:0000071
CL:1000413$$1010,endothelial cell of artery,CT,blood_vasculature,CL:1000413
CL:0000057$$1011,fibroblast,CT,blood_vasculature,CL:0000057
CL:0000359$$1012,vascular associated smooth muscle cell,CT,blood_vasculature,CL:0000359
FMA:69513,Deep plantar artery,AS,blood_vasculature,FMA:69513
CL:0000071$$1013,blood vessel endothelial cell,CT,blood_vasculature,CL:0000071
CL:1000413$$1014,endothelial cell of artery,CT,blood_vasculature,CL:1000413
CL:0000057$$1015,fibroblast,CT,blood_vasculature,CL:0000057
CL:0000359$$1016,vascular associated smooth muscle cell,CT,blood_vasculature,CL:0000359
FMA:44647,First dorsal metatarsal artery,AS,blood_vasculature,FMA:44647
CL:0000071$$1017,blood vessel endothelial cell,CT,blood_vasculature,CL:0000071
CL:1000413$$1018,endothelial cell of artery,CT,blood_vasculature,CL:1000413
CL:0000057$$1019,fibroblast,CT,blood_vasculature,CL:0000057
CL:0000359$$1020,vascular associated smooth muscle cell,CT,blood_vasculature,CL:0000359
FMA:69601,Lateral part of dorsal digital artery of great toe,AS,blood_vasculature,FMA:69601
CL:0000071$$1021,blood vessel endothelial cell,CT,blood_vasculature,CL:0000071
CL:1000413$$1022,endothelial cell of artery,CT,blood_vasculature,CL:1000413
CL:0000057$$1023,fibroblast,CT,blood_vasculature,CL:0000057
CL:0000359$$1024,vascular associated smooth muscle cell,CT,blood_vasculature,CL:0000359
FMA:69585,Medial part of dorsal digital artery of great toe,AS,blood_vasculature,FMA:69585
CL:0000071$$1025,blood vessel endothelial cell,CT,blood_vasculature,CL:0000071
CL:1000413$$1026,endothelial cell of artery,CT,blood_vasculature,CL:1000413
CL:0000057$$1027,fibroblast,CT,blood_vasculature,CL:0000057
CL:0000359$$1028,vascular associated smooth muscle cell,CT,blood_vasculature,CL:0000359
FMA:69586,Medial part of dorsal digital artery of second toe,AS,blood_vasculature,FMA:69586
CL:0000071$$1029,blood vessel endothelial cell,CT,blood_vasculature,CL:0000071
CL:1000413$$1030,endothelial cell of artery,CT,blood_vasculature,CL:1000413
CL:0000057$$1031,fibroblast,CT,blood_vasculature,CL:0000057
CL:0000359$$1032,vascular associated smooth muscle cell,CT,blood_vasculature,CL:0000359
FMA:44595,Lateral tarsal artery,AS,blood_vasculature,FMA:44595
CL:0000071$$1033,blood vessel endothelial cell,CT,blood_vasculature,CL:0000071
CL:1000413$$1034,endothelial cell of artery,CT,blood_vasculature,CL:1000413
CL:0000057$$1035,fibroblast,CT,blood_vasculature,CL:0000057
CL:0000359$$1036,vascular associated smooth muscle cell,CT,blood_vasculature,CL:0000359
UBERON:0001553,medial tarsal artery,AS,blood_vasculature,UBERON:0001553
CL:0000071$$1037,blood vessel endothelial cell,CT,blood_vasculature,CL:0000071
CL:1000413$$1038,endothelial cell of artery,CT,blood_vasculature,CL:1000413
CL:0000057$$1039,fibroblast,CT,blood_vasculature,CL:0000057
CL:0000359$$1040,vascular associated smooth muscle cell,CT,blood_vasculature,CL:0000359
ASCTB-TEMP:lateral-calcaneal-artery,lateral calcaneal artery,AS,blood_vasculature,ASCTB-TEMP:lateral-calcaneal-artery
CL:0000071$$1041,blood vessel endothelial cell,CT,blood_vasculature,CL:0000071
CL:1000413$$1042,endothelial cell of artery,CT,blood_vasculature,CL:1000413
CL:0000057$$1043,fibroblast,CT,blood_vasculature,CL:0000057
CL:0000359$$1044,vascular associated smooth muscle cell,CT,blood_vasculature,CL:0000359
FMA:43903,Posterior tibial recurrent artery,AS,blood_vasculature,FMA:43903
CL:0000071$$1045,blood vessel endothelial cell,CT,blood_vasculature,CL:0000071
CL:1000413$$1046,endothelial cell of artery,CT,blood_vasculature,CL:1000413
CL:0000057$$1047,fibroblast,CT,blood_vasculature,CL:0000057
CL:0000359$$1048,vascular associated smooth muscle cell,CT,blood_vasculature,CL:0000359
FMA:43888,Inferior lateral genicular artery,AS,blood_vasculature,FMA:43888
CL:0000071$$1049,blood vessel endothelial cell,CT,blood_vasculature,CL:0000071
CL:1000413$$1050,endothelial cell of artery,CT,blood_vasculature,CL:1000413
CL:0000057$$1051,fibroblast,CT,blood_vasculature,CL:0000057
CL:0000359$$1052,vascular associated smooth muscle cell,CT,blood_vasculature,CL:0000359
FMA:22585,Superior lateral genicular artery,AS,blood_vasculature,FMA:22585
CL:0000071$$1053,blood vessel endothelial cell,CT,blood_vasculature,CL:0000071
CL:1000413$$1054,endothelial cell of artery,CT,blood_vasculature,CL:1000413
CL:0000057$$1055,fibroblast,CT,blood_vasculature,CL:0000057
CL:0000359$$1056,vascular associated smooth muscle cell,CT,blood_vasculature,CL:0000359
ASCTB-TEMP:lateral-sural-artery,lateral sural artery,AS,blood_vasculature,ASCTB-TEMP:lateral-sural-artery
CL:0000071$$1057,blood vessel endothelial cell,CT,blood_vasculature,CL:0000071
CL:1000413$$1058,endothelial cell of artery,CT,blood_vasculature,CL:1000413
CL:0000057$$1059,fibroblast,CT,blood_vasculature,CL:0000057
CL:0000359$$1060,vascular associated smooth muscle cell,CT,blood_vasculature,CL:0000359
FMA:43889,Inferior medial genicular artery,AS,blood_vasculature,FMA:43889
CL:0000071$$1061,blood vessel endothelial cell,CT,blood_vasculature,CL:0000071
CL:1000413$$1062,endothelial cell of artery,CT,blood_vasculature,CL:1000413
CL:0000057$$1063,fibroblast,CT,blood_vasculature,CL:0000057
CL:0000359$$1064,vascular associated smooth muscle cell,CT,blood_vasculature,CL:0000359
FMA:22584,Superior medial genicular artery,AS,blood_vasculature,FMA:22584
CL:0000071$$1065,blood vessel endothelial cell,CT,blood_vasculature,CL:0000071
CL:1000413$$1066,endothelial cell of artery,CT,blood_vasculature,CL:1000413
CL:0000057$$1067,fibroblast,CT,blood_vasculature,CL:0000057
CL:0000359$$1068,vascular associated smooth muscle cell,CT,blood_vasculature,CL:0000359
ASCTB-TEMP:medial-sural-artery,medial sural artery,AS,blood_vasculature,ASCTB-TEMP:medial-sural-artery
CL:0000071$$1069,blood vessel endothelial cell,CT,blood_vasculature,CL:0000071
CL:1000413$$1070,endothelial cell of artery,CT,blood_vasculature,CL:1000413
CL:0000057$$1071,fibroblast,CT,blood_vasculature,CL:0000057
CL:0000359$$1072,vascular associated smooth muscle cell,CT,blood_vasculature,CL:0000359
FMA:22536,Middle genicular artery,AS,blood_vasculature,FMA:22536
CL:0000071$$1073,blood vessel endothelial cell,CT,blood_vasculature,CL:0000071
CL:1000413$$1074,endothelial cell of artery,CT,blood_vasculature,CL:1000413
CL:0000057$$1075,fibroblast,CT,blood_vasculature,CL:0000057
CL:0000359$$1076,vascular associated smooth muscle cell,CT,blood_vasculature,CL:0000359
FMA:66421,Trunk of posterior tibial artery,AS,blood_vasculature,FMA:66421
CL:0000071$$1077,blood vessel endothelial cell,CT,blood_vasculature,CL:0000071
CL:1000413$$1078,endothelial cell of artery,CT,blood_vasculature,CL:1000413
CL:0000057$$1079,fibroblast,CT,blood_vasculature,CL:0000057
CL:0000359$$1080,vascular associated smooth muscle cell,CT,blood_vasculature,CL:0000359
UBERON:0001540,peroneal artery,AS,blood_vasculature,UBERON:0001540
CL:0000071$$1081,blood vessel endothelial cell,CT,blood_vasculature,CL:0000071
CL:1000413$$1082,endothelial cell of artery,CT,blood_vasculature,CL:1000413
CL:0000057$$1083,fibroblast,CT,blood_vasculature,CL:0000057
CL:0000359$$1084,vascular associated smooth muscle cell,CT,blood_vasculature,CL:0000359
FMA:44630,Calcaneal branch of fibular artery,AS,blood_vasculature,FMA:44630
CL:0000071$$1085,blood vessel endothelial cell,CT,blood_vasculature,CL:0000071
CL:1000413$$1086,endothelial cell of artery,CT,blood_vasculature,CL:1000413
CL:0000057$$1087,fibroblast,CT,blood_vasculature,CL:0000057
CL:0000359$$1088,vascular associated smooth muscle cell,CT,blood_vasculature,CL:0000359
FMA:44034,Communicating branch of fibular artery,AS,blood_vasculature,FMA:44034
CL:0000071$$1089,blood vessel endothelial cell,CT,blood_vasculature,CL:0000071
CL:1000413$$1090,endothelial cell of artery,CT,blood_vasculature,CL:1000413
CL:0000057$$1091,fibroblast,CT,blood_vasculature,CL:0000057
CL:0000359$$1092,vascular associated smooth muscle cell,CT,blood_vasculature,CL:0000359
FMA:44033,Perforating branch of fibular artery,AS,blood_vasculature,FMA:44033
CL:0000071$$1093,blood vessel endothelial cell,CT,blood_vasculature,CL:0000071
CL:1000413$$1094,endothelial cell of artery,CT,blood_vasculature,CL:1000413
CL:0000057$$1095,fibroblast,CT,blood_vasculature,CL:0000057
CL:0000359$$1096,vascular associated smooth muscle cell,CT,blood_vasculature,CL:0000359
UBERON:0001538,posterior tibial artery,AS,blood_vasculature,UBERON:0001538
CL:0000071$$1097,blood vessel endothelial cell,CT,blood_vasculature,CL:0000071
CL:1000413$$1098,endothelial cell of artery,CT,blood_vasculature,CL:1000413
CL:0000057$$1099,fibroblast,CT,blood_vasculature,CL:0000057
CL:0000359$$1100,vascular associated smooth muscle cell,CT,blood_vasculature,CL:0000359
FMA:43918,Circumflex fibular artery,AS,blood_vasculature,FMA:43918
CL:0000071$$1101,blood vessel endothelial cell,CT,blood_vasculature,CL:0000071
CL:1000413$$1102,endothelial cell of artery,CT,blood_vasculature,CL:1000413
CL:0000057$$1103,fibroblast,CT,blood_vasculature,CL:0000057
CL:0000359$$1104,vascular associated smooth muscle cell,CT,blood_vasculature,CL:0000359
FMA:43926,Lateral plantar artery,AS,blood_vasculature,FMA:43926
CL:0000071$$1105,blood vessel endothelial cell,CT,blood_vasculature,CL:0000071
CL:1000413$$1106,endothelial cell of artery,CT,blood_vasculature,CL:1000413
CL:0000057$$1107,fibroblast,CT,blood_vasculature,CL:0000057
CL:0000359$$1108,vascular associated smooth muscle cell,CT,blood_vasculature,CL:0000359
FMA:43942,Plantar arch,AS,blood_vasculature,FMA:43942
CL:0000071$$1109,blood vessel endothelial cell,CT,blood_vasculature,CL:0000071
CL:1000413$$1110,endothelial cell of artery,CT,blood_vasculature,CL:1000413
CL:0000057$$1111,fibroblast,CT,blood_vasculature,CL:0000057
CL:0000359$$1112,vascular associated smooth muscle cell,CT,blood_vasculature,CL:0000359
FMA:43959,First plantar metatarsal artery,AS,blood_vasculature,FMA:43959
CL:0000071$$1113,blood vessel endothelial cell,CT,blood_vasculature,CL:0000071
CL:1000413$$1114,endothelial cell of artery,CT,blood_vasculature,CL:1000413
CL:0000057$$1115,fibroblast,CT,blood_vasculature,CL:0000057
CL:0000359$$1116,vascular associated smooth muscle cell,CT,blood_vasculature,CL:0000359
ASCTB-TEMP:first-common-plantar-digital-artery,first common plantar digital artery,AS,blood_vasculature,ASCTB-TEMP:first-common-plantar-digital-artery
CL:0000071$$1117,blood vessel endothelial cell,CT,blood_vasculature,CL:0000071
CL:1000413$$1118,endothelial cell of artery,CT,blood_vasculature,CL:1000413
CL:0000057$$1119,fibroblast,CT,blood_vasculature,CL:0000057
CL:0000359$$1120,vascular associated smooth muscle cell,CT,blood_vasculature,CL:0000359
ASCTB-TEMP:lateral-proper-plantar-digital-artery-of-first-digit-of-foot,lateral proper plantar digital artery of first digit of foot,AS,blood_vasculature,ASCTB-TEMP:lateral-proper-plantar-digital-artery-of-first-digit-of-foot
CL:0000071$$1121,blood vessel endothelial cell,CT,blood_vasculature,CL:0000071
CL:1000413$$1122,endothelial cell of artery,CT,blood_vasculature,CL:1000413
CL:0000057$$1123,fibroblast,CT,blood_vasculature,CL:0000057
CL:0000359$$1124,vascular associated smooth muscle cell,CT,blood_vasculature,CL:0000359
ASCTB-TEMP:medial-proper-plantar-digital-artery-of-second-digit-of-foot,medial proper plantar digital artery of second digit of foot,AS,blood_vasculature,ASCTB-TEMP:medial-proper-plantar-digital-artery-of-second-digit-of-foot
CL:0000071$$1125,blood vessel endothelial cell,CT,blood_vasculature,CL:0000071
CL:1000413$$1126,endothelial cell of artery,CT,blood_vasculature,CL:1000413
CL:0000057$$1127,fibroblast,CT,blood_vasculature,CL:0000057
CL:0000359$$1128,vascular associated smooth muscle cell,CT,blood_vasculature,CL:0000359
ASCTB-TEMP:medial-proper-plantar-digital-artery-of-first-digit-of-foot,medial proper plantar digital artery of first digit of foot,AS,blood_vasculature,ASCTB-TEMP:medial-proper-plantar-digital-artery-of-first-digit-of-foot
CL:0000071$$1129,blood vessel endothelial cell,CT,blood_vasculature,CL:0000071
CL:1000413$$1130,endothelial cell of artery,CT,blood_vasculature,CL:1000413
CL:0000057$$1131,fibroblast,CT,blood_vasculature,CL:0000057
CL:0000359$$1132,vascular associated smooth muscle cell,CT,blood_vasculature,CL:0000359
ASCTB-TEMP:first-posterior-perforating-branch-of-plantar-arch,first posterior perforating branch of plantar arch,AS,blood_vasculature,ASCTB-TEMP:first-posterior-perforating-branch-of-plantar-arch
CL:0000071$$1133,blood vessel endothelial cell,CT,blood_vasculature,CL:0000071
CL:1000413$$1134,endothelial cell of artery,CT,blood_vasculature,CL:1000413
CL:0000057$$1135,fibroblast,CT,blood_vasculature,CL:0000057
CL:0000359$$1136,vascular associated smooth muscle cell,CT,blood_vasculature,CL:0000359
FMA:43962,Fourth plantar metatarsal artery,AS,blood_vasculature,FMA:43962
CL:0000071$$1137,blood vessel endothelial cell,CT,blood_vasculature,CL:0000071
CL:1000413$$1138,endothelial cell of artery,CT,blood_vasculature,CL:1000413
CL:0000057$$1139,fibroblast,CT,blood_vasculature,CL:0000057
CL:0000359$$1140,vascular associated smooth muscle cell,CT,blood_vasculature,CL:0000359
ASCTB-TEMP:fourth-common-plantar-digital-artery,fourth common plantar digital artery,AS,blood_vasculature,ASCTB-TEMP:fourth-common-plantar-digital-artery
CL:0000071$$1141,blood vessel endothelial cell,CT,blood_vasculature,CL:0000071
CL:1000413$$1142,endothelial cell of artery,CT,blood_vasculature,CL:1000413
CL:0000057$$1143,fibroblast,CT,blood_vasculature,CL:0000057
CL:0000359$$1144,vascular associated smooth muscle cell,CT,blood_vasculature,CL:0000359
ASCTB-TEMP:lateral-proper-plantar-digital-artery-of-fourth-digit-of-foot,lateral proper plantar digital artery of fourth digit of foot,AS,blood_vasculature,ASCTB-TEMP:lateral-proper-plantar-digital-artery-of-fourth-digit-of-foot
CL:0000071$$1145,blood vessel endothelial cell,CT,blood_vasculature,CL:0000071
CL:1000413$$1146,endothelial cell of artery,CT,blood_vasculature,CL:1000413
CL:0000057$$1147,fibroblast,CT,blood_vasculature,CL:0000057
CL:0000359$$1148,vascular associated smooth muscle cell,CT,blood_vasculature,CL:0000359
ASCTB-TEMP:medial-proper-plantar-digital-artery-of-fifth-digit-of-foot,medial proper plantar digital artery of fifth digit of foot,AS,blood_vasculature,ASCTB-TEMP:medial-proper-plantar-digital-artery-of-fifth-digit-of-foot
CL:0000071$$1149,blood vessel endothelial cell,CT,blood_vasculature,CL:0000071
CL:1000413$$1150,endothelial cell of artery,CT,blood_vasculature,CL:1000413
CL:0000057$$1151,fibroblast,CT,blood_vasculature,CL:0000057
CL:0000359$$1152,vascular associated smooth muscle cell,CT,blood_vasculature,CL:0000359
FMA:43960,Second plantar metatarsal artery,AS,blood_vasculature,FMA:43960
CL:0000071$$1153,blood vessel endothelial cell,CT,blood_vasculature,CL:0000071
CL:1000413$$1154,endothelial cell of artery,CT,blood_vasculature,CL:1000413
CL:0000057$$1155,fibroblast,CT,blood_vasculature,CL:0000057
CL:0000359$$1156,vascular associated smooth muscle cell,CT,blood_vasculature,CL:0000359
ASCTB-TEMP:second-common-plantar-digital-artery,second common plantar digital artery,AS,blood_vasculature,ASCTB-TEMP:second-common-plantar-digital-artery
CL:0000071$$1157,blood vessel endothelial cell,CT,blood_vasculature,CL:0000071
CL:1000413$$1158,endothelial cell of artery,CT,blood_vasculature,CL:1000413
CL:0000057$$1159,fibroblast,CT,blood_vasculature,CL:0000057
CL:0000359$$1160,vascular associated smooth muscle cell,CT,blood_vasculature,CL:0000359
ASCTB-TEMP:lateral-proper-plantar-digital-artery-of-second-digit-of-foot,lateral proper plantar digital artery of second digit of foot,AS,blood_vasculature,ASCTB-TEMP:lateral-proper-plantar-digital-artery-of-second-digit-of-foot
CL:0000071$$1161,blood vessel endothelial cell,CT,blood_vasculature,CL:0000071
CL:1000413$$1162,endothelial cell of artery,CT,blood_vasculature,CL:1000413
CL:0000057$$1163,fibroblast,CT,blood_vasculature,CL:0000057
CL:0000359$$1164,vascular associated smooth muscle cell,CT,blood_vasculature,CL:0000359
ASCTB-TEMP:medial-proper-plantar-digital-artery-of-third-digit-of-foot,medial proper plantar digital artery of third digit of foot,AS,blood_vasculature,ASCTB-TEMP:medial-proper-plantar-digital-artery-of-third-digit-of-foot
CL:0000071$$1165,blood vessel endothelial cell,CT,blood_vasculature,CL:0000071
CL:1000413$$1166,endothelial cell of artery,CT,blood_vasculature,CL:1000413
CL:0000057$$1167,fibroblast,CT,blood_vasculature,CL:0000057
CL:0000359$$1168,vascular associated smooth muscle cell,CT,blood_vasculature,CL:0000359
ASCTB-TEMP:second-posterior-perforating-branch-of-plantar-arch,second posterior perforating branch of plantar arch,AS,blood_vasculature,ASCTB-TEMP:second-posterior-perforating-branch-of-plantar-arch
CL:0000071$$1169,blood vessel endothelial cell,CT,blood_vasculature,CL:0000071
CL:1000413$$1170,endothelial cell of artery,CT,blood_vasculature,CL:1000413
CL:0000057$$1171,fibroblast,CT,blood_vasculature,CL:0000057
CL:0000359$$1172,vascular associated smooth muscle cell,CT,blood_vasculature,CL:0000359
FMA:43961,Third plantar metatarsal artery,AS,blood_vasculature,FMA:43961
CL:0000071$$1173,blood vessel endothelial cell,CT,blood_vasculature,CL:0000071
CL:1000413$$1174,endothelial cell of artery,CT,blood_vasculature,CL:1000413
CL:0000057$$1175,fibroblast,CT,blood_vasculature,CL:0000057
CL:0000359$$1176,vascular associated smooth muscle cell,CT,blood_vasculature,CL:0000359
ASCTB-TEMP:third-common-plantar-digital-artery,third common plantar digital artery,AS,blood_vasculature,ASCTB-TEMP:third-common-plantar-digital-artery
CL:0000071$$1177,blood vessel endothelial cell,CT,blood_vasculature,CL:0000071
CL:1000413$$1178,endothelial cell of artery,CT,blood_vasculature,CL:1000413
CL:0000057$$1179,fibroblast,CT,blood_vasculature,CL:0000057
CL:0000359$$1180,vascular associated smooth muscle cell,CT,blood_vasculature,CL:0000359
ASCTB-TEMP:lateral-proper-plantar-digital-artery-of-third-digit-of-foot,lateral proper plantar digital artery of third digit of foot,AS,blood_vasculature,ASCTB-TEMP:lateral-proper-plantar-digital-artery-of-third-digit-of-foot
CL:0000071$$1181,blood vessel endothelial cell,CT,blood_vasculature,CL:0000071
CL:1000413$$1182,endothelial cell of artery,CT,blood_vasculature,CL:1000413
CL:0000057$$1183,fibroblast,CT,blood_vasculature,CL:0000057
CL:0000359$$1184,vascular associated smooth muscle cell,CT,blood_vasculature,CL:0000359
ASCTB-TEMP:medial-proper-plantar-digital-artery-of-fourth-digit-of-foot,medial proper plantar digital artery of fourth digit of foot,AS,blood_vasculature,ASCTB-TEMP:medial-proper-plantar-digital-artery-of-fourth-digit-of-foot
CL:0000071$$1185,blood vessel endothelial cell,CT,blood_vasculature,CL:0000071
CL:1000413$$1186,endothelial cell of artery,CT,blood_vasculature,CL:1000413
CL:0000057$$1187,fibroblast,CT,blood_vasculature,CL:0000057
CL:0000359$$1188,vascular associated smooth muscle cell,CT,blood_vasculature,CL:0000359
ASCTB-TEMP:third-posterior-perforating-branch-of-plantar-arch,third posterior perforating branch of plantar arch,AS,blood_vasculature,ASCTB-TEMP:third-posterior-perforating-branch-of-plantar-arch
CL:0000071$$1189,blood vessel endothelial cell,CT,blood_vasculature,CL:0000071
CL:1000413$$1190,endothelial cell of artery,CT,blood_vasculature,CL:1000413
CL:0000057$$1191,fibroblast,CT,blood_vasculature,CL:0000057
CL:0000359$$1192,vascular associated smooth muscle cell,CT,blood_vasculature,CL:0000359
ASCTB-TEMP:superficial-branch-of-lateral-plantar-artery,superficial branch of lateral plantar artery,AS,blood_vasculature,ASCTB-TEMP:superficial-branch-of-lateral-plantar-artery
CL:0000071$$1193,blood vessel endothelial cell,CT,blood_vasculature,CL:0000071
CL:1000413$$1194,endothelial cell of artery,CT,blood_vasculature,CL:1000413
CL:0000057$$1195,fibroblast,CT,blood_vasculature,CL:0000057
CL:0000359$$1196,vascular associated smooth muscle cell,CT,blood_vasculature,CL:0000359
ASCTB-TEMP:lateral-proper-plantar-digital-artery-of-fifth-digit-of-foot,lateral proper plantar digital artery of fifth digit of foot,AS,blood_vasculature,ASCTB-TEMP:lateral-proper-plantar-digital-artery-of-fifth-digit-of-foot
CL:0000071$$1197,blood vessel endothelial cell,CT,blood_vasculature,CL:0000071
CL:1000413$$1198,endothelial cell of artery,CT,blood_vasculature,CL:1000413
CL:0000057$$1199,fibroblast,CT,blood_vasculature,CL:0000057
CL:0000359$$1200,vascular associated smooth muscle cell,CT,blood_vasculature,CL:0000359
ASCTB-TEMP:medial-calcaneal-artery,medial calcaneal artery,AS,blood_vasculature,ASCTB-TEMP:medial-calcaneal-artery
CL:0000071$$1201,blood vessel endothelial cell,CT,blood_vasculature,CL:0000071
CL:1000413$$1202,endothelial cell of artery,CT,blood_vasculature,CL:1000413
CL:0000057$$1203,fibroblast,CT,blood_vasculature,CL:0000057
CL:0000359$$1204,vascular associated smooth muscle cell,CT,blood_vasculature,CL:0000359
UBERON:0001541,medial plantar artery,AS,blood_vasculature,UBERON:0001541
CL:0000071$$1205,blood vessel endothelial cell,CT,blood_vasculature,CL:0000071
CL:1000413$$1206,endothelial cell of artery,CT,blood_vasculature,CL:1000413
CL:0000057$$1207,fibroblast,CT,blood_vasculature,CL:0000057
CL:0000359$$1208,vascular associated smooth muscle cell,CT,blood_vasculature,CL:0000359
FMA:43934,Deep medial plantar artery,AS,blood_vasculature,FMA:43934
CL:0000071$$1209,blood vessel endothelial cell,CT,blood_vasculature,CL:0000071
CL:1000413$$1210,endothelial cell of artery,CT,blood_vasculature,CL:1000413
CL:0000057$$1211,fibroblast,CT,blood_vasculature,CL:0000057
CL:0000359$$1212,vascular associated smooth muscle cell,CT,blood_vasculature,CL:0000359
FMA:43933,Superficial medial plantar artery,AS,blood_vasculature,FMA:43933
CL:0000071$$1213,blood vessel endothelial cell,CT,blood_vasculature,CL:0000071
CL:1000413$$1214,endothelial cell of artery,CT,blood_vasculature,CL:1000413
CL:0000057$$1215,fibroblast,CT,blood_vasculature,CL:0000057
CL:0000359$$1216,vascular associated smooth muscle cell,CT,blood_vasculature,CL:0000359
UBERON:0009040,deep circumflex iliac artery,AS,blood_vasculature,UBERON:0009040
CL:0000071$$1217,blood vessel endothelial cell,CT,blood_vasculature,CL:0000071
CL:1000413$$1218,endothelial cell of artery,CT,blood_vasculature,CL:1000413
CL:0000057$$1219,fibroblast,CT,blood_vasculature,CL:0000057
CL:0000359$$1220,vascular associated smooth muscle cell,CT,blood_vasculature,CL:0000359
UBERON:0001354,inferior epigastric artery,AS,blood_vasculature,UBERON:0001354
CL:0000071$$1221,blood vessel endothelial cell,CT,blood_vasculature,CL:0000071
CL:1000413$$1222,endothelial cell of artery,CT,blood_vasculature,CL:1000413
CL:0000057$$1223,fibroblast,CT,blood_vasculature,CL:0000057
CL:0000359$$1224,vascular associated smooth muscle cell,CT,blood_vasculature,CL:0000359
FMA:70195,Artery of round ligament of uterus,AS,blood_vasculature,FMA:70195
CL:0000071$$1225,blood vessel endothelial cell,CT,blood_vasculature,CL:0000071
CL:1000413$$1226,endothelial cell of artery,CT,blood_vasculature,CL:1000413
CL:0000057$$1227,fibroblast,CT,blood_vasculature,CL:0000057
CL:0000359$$1228,vascular associated smooth muscle cell,CT,blood_vasculature,CL:0000359
UBERON:0034693,cremasteric artery,AS,blood_vasculature,UBERON:0034693
CL:0000071$$1229,blood vessel endothelial cell,CT,blood_vasculature,CL:0000071
CL:1000413$$1230,endothelial cell of artery,CT,blood_vasculature,CL:1000413
CL:0000057$$1231,fibroblast,CT,blood_vasculature,CL:0000057
CL:0000359$$1232,vascular associated smooth muscle cell,CT,blood_vasculature,CL:0000359
FMA:20701,Trunk of pubic part of inferior epigastric artery,AS,blood_vasculature,FMA:20701
CL:0000071$$1233,blood vessel endothelial cell,CT,blood_vasculature,CL:0000071
CL:1000413$$1234,endothelial cell of artery,CT,blood_vasculature,CL:1000413
CL:0000057$$1235,fibroblast,CT,blood_vasculature,CL:0000057
CL:0000359$$1236,vascular associated smooth muscle cell,CT,blood_vasculature,CL:0000359
UBERON:0001309,internal iliac artery,AS,blood_vasculature,UBERON:0001309
CL:0000071$$1237,blood vessel endothelial cell,CT,blood_vasculature,CL:0000071
CL:1000413$$1238,endothelial cell of artery,CT,blood_vasculature,CL:1000413
CL:0000057$$1239,fibroblast,CT,blood_vasculature,CL:0000057
CL:0000359$$1240,vascular associated smooth muscle cell,CT,blood_vasculature,CL:0000359
FMA:69797,Anterior division of internal iliac artery,AS,blood_vasculature,FMA:69797
CL:0000071$$1241,blood vessel endothelial cell,CT,blood_vasculature,CL:0000071
CL:1000413$$1242,endothelial cell of artery,CT,blood_vasculature,CL:1000413
CL:0000057$$1243,fibroblast,CT,blood_vasculature,CL:0000057
CL:0000359$$1244,vascular associated smooth muscle cell,CT,blood_vasculature,CL:0000359
FMA:18871,Inferior gluteal artery,AS,blood_vasculature,FMA:18871
CL:0000071$$1245,blood vessel endothelial cell,CT,blood_vasculature,CL:0000071
CL:1000413$$1246,endothelial cell of artery,CT,blood_vasculature,CL:1000413
CL:0000057$$1247,fibroblast,CT,blood_vasculature,CL:0000057
CL:0000359$$1248,vascular associated smooth muscle cell,CT,blood_vasculature,CL:0000359
UBERON:0001311,inferior vesical artery,AS,blood_vasculature,UBERON:0001311
CL:0000071$$1249,blood vessel endothelial cell,CT,blood_vasculature,CL:0000071
CL:1000413$$1250,endothelial cell of artery,CT,blood_vasculature,CL:1000413
CL:0000057$$1251,fibroblast,CT,blood_vasculature,CL:0000057
CL:0000359$$1252,vascular associated smooth muscle cell,CT,blood_vasculature,CL:0000359
FMA:20966,Prostatic part of inferior vesical artery,AS,blood_vasculature,FMA:20966
CL:0000071$$1253,blood vessel endothelial cell,CT,blood_vasculature,CL:0000071
CL:1000413$$1254,endothelial cell of artery,CT,blood_vasculature,CL:1000413
CL:0000057$$1255,fibroblast,CT,blood_vasculature,CL:0000057
CL:0000359$$1256,vascular associated smooth muscle cell,CT,blood_vasculature,CL:0000359
FMA:18826,Middle rectal artery,AS,blood_vasculature,FMA:18826
CL:0000071$$1257,blood vessel endothelial cell,CT,blood_vasculature,CL:0000071
CL:1000413$$1258,endothelial cell of artery,CT,blood_vasculature,CL:1000413
CL:0000057$$1259,fibroblast,CT,blood_vasculature,CL:0000057
CL:0000359$$1260,vascular associated smooth muscle cell,CT,blood_vasculature,CL:0000359
ASCTB-TEMP:prostatic-arteriole,prostatic arteriole,AS,blood_vasculature,ASCTB-TEMP:prostatic-arteriole
CL:0000071$$1261,blood vessel endothelial cell,CT,blood_vasculature,CL:0000071
CL:1000412$$1262,endothelial cell of arteriole,CT,blood_vasculature,CL:1000412
CL:0000057$$1263,fibroblast,CT,blood_vasculature,CL:0000057
CL:0000359$$1264,vascular associated smooth muscle cell,CT,blood_vasculature,CL:0000359
FMA:280966,Capillary network of prostate,AS,blood_vasculature,FMA:280966
CL:0000071$$1265,blood vessel endothelial cell,CT,blood_vasculature,CL:0000071
CL:0002144$$1266,capillary endothelial cell,CT,blood_vasculature,CL:0002144
ASCTB-TEMP:seminal-vesicle-arterial-branches-of-prostatic-artery,seminal vesicle arterial branches of prostatic artery,AS,blood_vasculature,ASCTB-TEMP:seminal-vesicle-arterial-branches-of-prostatic-artery
CL:0000071$$1267,blood vessel endothelial cell,CT,blood_vasculature,CL:0000071
CL:1000413$$1268,endothelial cell of artery,CT,blood_vasculature,CL:1000413
CL:0000057$$1269,fibroblast,CT,blood_vasculature,CL:0000057
CL:0000359$$1270,vascular associated smooth muscle cell,CT,blood_vasculature,CL:0000359
UBERON:0007315,internal pudendal artery,AS,blood_vasculature,UBERON:0007315
CL:0000071$$1271,blood vessel endothelial cell,CT,blood_vasculature,CL:0000071
CL:1000413$$1272,endothelial cell of artery,CT,blood_vasculature,CL:1000413
CL:0000057$$1273,fibroblast,CT,blood_vasculature,CL:0000057
CL:0000359$$1274,vascular associated smooth muscle cell,CT,blood_vasculature,CL:0000359
UBERON:0008320,common penile artery,AS,blood_vasculature,UBERON:0008320
CL:0000071$$1275,blood vessel endothelial cell,CT,blood_vasculature,CL:0000071
CL:1000413$$1276,endothelial cell of artery,CT,blood_vasculature,CL:1000413
CL:0000057$$1277,fibroblast,CT,blood_vasculature,CL:0000057
CL:0000359$$1278,vascular associated smooth muscle cell,CT,blood_vasculature,CL:0000359
ASCTB-TEMP:bulbourethral-artery,bulbourethral artery,AS,blood_vasculature,ASCTB-TEMP:bulbourethral-artery
CL:0000071$$1279,blood vessel endothelial cell,CT,blood_vasculature,CL:0000071
CL:1000413$$1280,endothelial cell of artery,CT,blood_vasculature,CL:1000413
CL:0000057$$1281,fibroblast,CT,blood_vasculature,CL:0000057
CL:0000359$$1282,vascular associated smooth muscle cell,CT,blood_vasculature,CL:0000359
ASCTB-TEMP:cavernosal-artery,cavernosal artery,AS,blood_vasculature,ASCTB-TEMP:cavernosal-artery
CL:0000071$$1283,blood vessel endothelial cell,CT,blood_vasculature,CL:0000071
CL:1000413$$1284,endothelial cell of artery,CT,blood_vasculature,CL:1000413
CL:0000057$$1285,fibroblast,CT,blood_vasculature,CL:0000057
CL:0000359$$1286,vascular associated smooth muscle cell,CT,blood_vasculature,CL:0000359
UBERON:0008321,deep artery of penis,AS,blood_vasculature,UBERON:0008321
CL:0000071$$1287,blood vessel endothelial cell,CT,blood_vasculature,CL:0000071
CL:1000413$$1288,endothelial cell of artery,CT,blood_vasculature,CL:1000413
CL:0000057$$1289,fibroblast,CT,blood_vasculature,CL:0000057
CL:0000359$$1290,vascular associated smooth muscle cell,CT,blood_vasculature,CL:0000359
UBERON:0015174,helicine artery of penis,AS,blood_vasculature,UBERON:0015174
CL:0000071$$1291,blood vessel endothelial cell,CT,blood_vasculature,CL:0000071
CL:1000413$$1292,endothelial cell of artery,CT,blood_vasculature,CL:1000413
CL:0000057$$1293,fibroblast,CT,blood_vasculature,CL:0000057
CL:0000359$$1294,vascular associated smooth muscle cell,CT,blood_vasculature,CL:0000359
UBERON:0001340,dorsal artery of penis,AS,blood_vasculature,UBERON:0001340
CL:0000071$$1295,blood vessel endothelial cell,CT,blood_vasculature,CL:0000071
CL:1000413$$1296,endothelial cell of artery,CT,blood_vasculature,CL:1000413
CL:0000057$$1297,fibroblast,CT,blood_vasculature,CL:0000057
CL:0000359$$1298,vascular associated smooth muscle cell,CT,blood_vasculature,CL:0000359
UBERON:0008322,deep artery of clitoris,AS,blood_vasculature,UBERON:0008322
CL:0000071$$1299,blood vessel endothelial cell,CT,blood_vasculature,CL:0000071
CL:1000413$$1300,endothelial cell of artery,CT,blood_vasculature,CL:1000413
CL:0000057$$1301,fibroblast,CT,blood_vasculature,CL:0000057
CL:0000359$$1302,vascular associated smooth muscle cell,CT,blood_vasculature,CL:0000359
UBERON:0008323,dorsal artery of clitoris,AS,blood_vasculature,UBERON:0008323
CL:0000071$$1303,blood vessel endothelial cell,CT,blood_vasculature,CL:0000071
CL:1000413$$1304,endothelial cell of artery,CT,blood_vasculature,CL:1000413
CL:0000057$$1305,fibroblast,CT,blood_vasculature,CL:0000057
CL:0000359$$1306,vascular associated smooth muscle cell,CT,blood_vasculature,CL:0000359
UBERON:0001357,inferior rectal artery,AS,blood_vasculature,UBERON:0001357
CL:0000071$$1307,blood vessel endothelial cell,CT,blood_vasculature,CL:0000071
CL:1000413$$1308,endothelial cell of artery,CT,blood_vasculature,CL:1000413
CL:0000057$$1309,fibroblast,CT,blood_vasculature,CL:0000057
CL:0000359$$1310,vascular associated smooth muscle cell,CT,blood_vasculature,CL:0000359
UBERON:0001358,perineal artery,AS,blood_vasculature,UBERON:0001358
CL:0000071$$1311,blood vessel endothelial cell,CT,blood_vasculature,CL:0000071
CL:1000413$$1312,endothelial cell of artery,CT,blood_vasculature,CL:1000413
CL:0000057$$1313,fibroblast,CT,blood_vasculature,CL:0000057
CL:0000359$$1314,vascular associated smooth muscle cell,CT,blood_vasculature,CL:0000359
FMA:20840,Transverse part of perineal artery,AS,blood_vasculature,FMA:20840
CL:0000071$$1315,blood vessel endothelial cell,CT,blood_vasculature,CL:0000071
CL:1000413$$1316,endothelial cell of artery,CT,blood_vasculature,CL:1000413
CL:0000057$$1317,fibroblast,CT,blood_vasculature,CL:0000057
CL:0000359$$1318,vascular associated smooth muscle cell,CT,blood_vasculature,CL:0000359
FMA:20886,Posterior labial artery,AS,blood_vasculature,FMA:20886
CL:0000071$$1319,blood vessel endothelial cell,CT,blood_vasculature,CL:0000071
CL:1000413$$1320,endothelial cell of artery,CT,blood_vasculature,CL:1000413
CL:0000057$$1321,fibroblast,CT,blood_vasculature,CL:0000057
CL:0000359$$1322,vascular associated smooth muscle cell,CT,blood_vasculature,CL:0000359
FMA:20853,Posterior scrotal artery,AS,blood_vasculature,FMA:20853
CL:0000071$$1323,blood vessel endothelial cell,CT,blood_vasculature,CL:0000071
CL:1000413$$1324,endothelial cell of artery,CT,blood_vasculature,CL:1000413
CL:0000057$$1325,fibroblast,CT,blood_vasculature,CL:0000057
CL:0000359$$1326,vascular associated smooth muscle cell,CT,blood_vasculature,CL:0000359
UBERON:0034727,vestibular bulb artery,AS,blood_vasculature,UBERON:0034727
CL:0000071$$1327,blood vessel endothelial cell,CT,blood_vasculature,CL:0000071
CL:1000413$$1328,endothelial cell of artery,CT,blood_vasculature,CL:1000413
CL:0000057$$1329,fibroblast,CT,blood_vasculature,CL:0000057
CL:0000359$$1330,vascular associated smooth muscle cell,CT,blood_vasculature,CL:0000359
FMA:18826$$1331,Middle rectal artery,AS,blood_vasculature,FMA:18826
CL:0000071$$1332,blood vessel endothelial cell,CT,blood_vasculature,CL:0000071
CL:1000413$$1333,endothelial cell of artery,CT,blood_vasculature,CL:1000413
CL:0000057$$1334,fibroblast,CT,blood_vasculature,CL:0000057
CL:0000359$$1335,vascular associated smooth muscle cell,CT,blood_vasculature,CL:0000359
UBERON:0001314,obturator artery,AS,blood_vasculature,UBERON:0001314
CL:0000071$$1336,blood vessel endothelial cell,CT,blood_vasculature,CL:0000071
CL:1000413$$1337,endothelial cell of artery,CT,blood_vasculature,CL:1000413
CL:0000057$$1338,fibroblast,CT,blood_vasculature,CL:0000057
CL:0000359$$1339,vascular associated smooth muscle cell,CT,blood_vasculature,CL:0000359
FMA:70175,Trunk of acetabular part of obturator artery,AS,blood_vasculature,FMA:70175
CL:0000071$$1340,blood vessel endothelial cell,CT,blood_vasculature,CL:0000071
CL:1000413$$1341,endothelial cell of artery,CT,blood_vasculature,CL:1000413
CL:0000057$$1342,fibroblast,CT,blood_vasculature,CL:0000057
CL:0000359$$1343,vascular associated smooth muscle cell,CT,blood_vasculature,CL:0000359
FMA:70150,Trunk of anterior part of obturator artery,AS,blood_vasculature,FMA:70150
CL:0000071$$1344,blood vessel endothelial cell,CT,blood_vasculature,CL:0000071
CL:1000413$$1345,endothelial cell of artery,CT,blood_vasculature,CL:1000413
CL:0000057$$1346,fibroblast,CT,blood_vasculature,CL:0000057
CL:0000359$$1347,vascular associated smooth muscle cell,CT,blood_vasculature,CL:0000359
ASCTB-TEMP:posterior-branch-of-obturator-artery,posterior branch of obturator artery,AS,blood_vasculature,ASCTB-TEMP:posterior-branch-of-obturator-artery
CL:0000071$$1348,blood vessel endothelial cell,CT,blood_vasculature,CL:0000071
CL:1000413$$1349,endothelial cell of artery,CT,blood_vasculature,CL:1000413
CL:0000057$$1350,fibroblast,CT,blood_vasculature,CL:0000057
CL:0000359$$1351,vascular associated smooth muscle cell,CT,blood_vasculature,CL:0000359
UBERON:0001312,superior vesical artery,AS,blood_vasculature,UBERON:0001312
CL:0000071$$1352,blood vessel endothelial cell,CT,blood_vasculature,CL:0000071
CL:1000413$$1353,endothelial cell of artery,CT,blood_vasculature,CL:1000413
CL:0000057$$1354,fibroblast,CT,blood_vasculature,CL:0000057
CL:0000359$$1355,vascular associated smooth muscle cell,CT,blood_vasculature,CL:0000359
UBERON:0035640,middle vesical artery,AS,blood_vasculature,UBERON:0035640
CL:0000071$$1356,blood vessel endothelial cell,CT,blood_vasculature,CL:0000071
CL:1000413$$1357,endothelial cell of artery,CT,blood_vasculature,CL:1000413
CL:0000057$$1358,fibroblast,CT,blood_vasculature,CL:0000057
CL:0000359$$1359,vascular associated smooth muscle cell,CT,blood_vasculature,CL:0000359
UBERON:0001310,umbilical artery,AS,blood_vasculature,UBERON:0001310
CL:0000071$$1360,blood vessel endothelial cell,CT,blood_vasculature,CL:0000071
CL:1000413$$1361,endothelial cell of artery,CT,blood_vasculature,CL:1000413
CL:0000057$$1362,fibroblast,CT,blood_vasculature,CL:0000057
CL:0000359$$1363,vascular associated smooth muscle cell,CT,blood_vasculature,CL:0000359
UBERON:0005192,deferent duct artery,AS,blood_vasculature,UBERON:0005192
CL:0000071$$1364,blood vessel endothelial cell,CT,blood_vasculature,CL:0000071
CL:1000413$$1365,endothelial cell of artery,CT,blood_vasculature,CL:1000413
CL:0000057$$1366,fibroblast,CT,blood_vasculature,CL:0000057
CL:0000359$$1367,vascular associated smooth muscle cell,CT,blood_vasculature,CL:0000359
UBERON:0002493,uterine artery,AS,blood_vasculature,UBERON:0002493
CL:0000071$$1368,blood vessel endothelial cell,CT,blood_vasculature,CL:0000071
CL:1000413$$1369,endothelial cell of artery,CT,blood_vasculature,CL:1000413
CL:0000057$$1370,fibroblast,CT,blood_vasculature,CL:0000057
CL:0000359$$1371,vascular associated smooth muscle cell,CT,blood_vasculature,CL:0000359
UBERON:0015173,helicine branch of uterine artery,AS,blood_vasculature,UBERON:0015173
CL:0000071$$1372,blood vessel endothelial cell,CT,blood_vasculature,CL:0000071
CL:1000413$$1373,endothelial cell of artery,CT,blood_vasculature,CL:1000413
CL:0000057$$1374,fibroblast,CT,blood_vasculature,CL:0000057
CL:0000359$$1375,vascular associated smooth muscle cell,CT,blood_vasculature,CL:0000359
ASCTB-TEMP:radial-artery-of-uterus,radial artery of uterus,AS,blood_vasculature,ASCTB-TEMP:radial-artery-of-uterus
CL:0000071$$1376,blood vessel endothelial cell,CT,blood_vasculature,CL:0000071
CL:1000413$$1377,endothelial cell of artery,CT,blood_vasculature,CL:1000413
CL:0000057$$1378,fibroblast,CT,blood_vasculature,CL:0000057
CL:0000359$$1379,vascular associated smooth muscle cell,CT,blood_vasculature,CL:0000359
UBERON:0015171,uterine spiral artery,AS,blood_vasculature,UBERON:0015171
CL:0000071$$1380,blood vessel endothelial cell,CT,blood_vasculature,CL:0000071
CL:1000413$$1381,endothelial cell of artery,CT,blood_vasculature,CL:1000413
CL:0000057$$1382,fibroblast,CT,blood_vasculature,CL:0000057
CL:0000359$$1383,vascular associated smooth muscle cell,CT,blood_vasculature,CL:0000359
FMA:18832,Vaginal artery,AS,blood_vasculature,FMA:18832
CL:0000071$$1384,blood vessel endothelial cell,CT,blood_vasculature,CL:0000071
CL:1000413$$1385,endothelial cell of artery,CT,blood_vasculature,CL:1000413
CL:0000057$$1386,fibroblast,CT,blood_vasculature,CL:0000057
CL:0000359$$1387,vascular associated smooth muscle cell,CT,blood_vasculature,CL:0000359
FMA:69798,Posterior division of internal iliac artery,AS,blood_vasculature,FMA:69798
CL:0000071$$1388,blood vessel endothelial cell,CT,blood_vasculature,CL:0000071
CL:1000413$$1389,endothelial cell of artery,CT,blood_vasculature,CL:1000413
CL:0000057$$1390,fibroblast,CT,blood_vasculature,CL:0000057
CL:0000359$$1391,vascular associated smooth muscle cell,CT,blood_vasculature,CL:0000359
UBERON:0001313,iliolumbar artery,AS,blood_vasculature,UBERON:0001313
CL:0000071$$1392,blood vessel endothelial cell,CT,blood_vasculature,CL:0000071
CL:1000413$$1393,endothelial cell of artery,CT,blood_vasculature,CL:1000413
CL:0000057$$1394,fibroblast,CT,blood_vasculature,CL:0000057
CL:0000359$$1395,vascular associated smooth muscle cell,CT,blood_vasculature,CL:0000359
FMA:18850,Iliac part of iliolumbar artery,AS,blood_vasculature,FMA:18850
CL:0000071$$1396,blood vessel endothelial cell,CT,blood_vasculature,CL:0000071
CL:1000413$$1397,endothelial cell of artery,CT,blood_vasculature,CL:1000413
CL:0000057$$1398,fibroblast,CT,blood_vasculature,CL:0000057
CL:0000359$$1399,vascular associated smooth muscle cell,CT,blood_vasculature,CL:0000359
FMA:18849,Lumbar part of iliolumbar artery,AS,blood_vasculature,FMA:18849
CL:0000071$$1400,blood vessel endothelial cell,CT,blood_vasculature,CL:0000071
CL:1000413$$1401,endothelial cell of artery,CT,blood_vasculature,CL:1000413
CL:0000057$$1402,fibroblast,CT,blood_vasculature,CL:0000057
CL:0000359$$1403,vascular associated smooth muscle cell,CT,blood_vasculature,CL:0000359
FMA:18855,Lateral sacral artery,AS,blood_vasculature,FMA:18855
CL:0000071$$1404,blood vessel endothelial cell,CT,blood_vasculature,CL:0000071
CL:1000413$$1405,endothelial cell of artery,CT,blood_vasculature,CL:1000413
CL:0000057$$1406,fibroblast,CT,blood_vasculature,CL:0000057
CL:0000359$$1407,vascular associated smooth muscle cell,CT,blood_vasculature,CL:0000359
UBERON:0001315,superior gluteal artery,AS,blood_vasculature,UBERON:0001315
CL:0000071$$1408,blood vessel endothelial cell,CT,blood_vasculature,CL:0000071
CL:1000413$$1409,endothelial cell of artery,CT,blood_vasculature,CL:1000413
CL:0000057$$1410,fibroblast,CT,blood_vasculature,CL:0000057
CL:0000359$$1411,vascular associated smooth muscle cell,CT,blood_vasculature,CL:0000359
FMA:21121,Deep part of superior gluteal artery,AS,blood_vasculature,FMA:21121
CL:0000071$$1412,blood vessel endothelial cell,CT,blood_vasculature,CL:0000071
CL:1000413$$1413,endothelial cell of artery,CT,blood_vasculature,CL:1000413
CL:0000057$$1414,fibroblast,CT,blood_vasculature,CL:0000057
CL:0000359$$1415,vascular associated smooth muscle cell,CT,blood_vasculature,CL:0000359
FMA:21120,Superficial part of superior gluteal artery,AS,blood_vasculature,FMA:21120
CL:0000071$$1416,blood vessel endothelial cell,CT,blood_vasculature,CL:0000071
CL:1000413$$1417,endothelial cell of artery,CT,blood_vasculature,CL:1000413
CL:0000057$$1418,fibroblast,CT,blood_vasculature,CL:0000057
CL:0000359$$1419,vascular associated smooth muscle cell,CT,blood_vasculature,CL:0000359
UBERON:0001183,inferior mesenteric artery,AS,blood_vasculature,UBERON:0001183
CL:0000071$$1420,blood vessel endothelial cell,CT,blood_vasculature,CL:0000071
CL:1000413$$1421,endothelial cell of artery,CT,blood_vasculature,CL:1000413
CL:0000057$$1422,fibroblast,CT,blood_vasculature,CL:0000057
CL:0000359$$1423,vascular associated smooth muscle cell,CT,blood_vasculature,CL:0000359
UBERON:8410022,left colic artery,AS,blood_vasculature,UBERON:8410022
CL:0000071$$1424,blood vessel endothelial cell,CT,blood_vasculature,CL:0000071
CL:1000413$$1425,endothelial cell of artery,CT,blood_vasculature,CL:1000413
CL:0000057$$1426,fibroblast,CT,blood_vasculature,CL:0000057
CL:0000359$$1427,vascular associated smooth muscle cell,CT,blood_vasculature,CL:0000359
FMA:14828,Ascending branch of left colic artery,AS,blood_vasculature,FMA:14828
CL:0000071$$1428,blood vessel endothelial cell,CT,blood_vasculature,CL:0000071
CL:1000413$$1429,endothelial cell of artery,CT,blood_vasculature,CL:1000413
CL:0000057$$1430,fibroblast,CT,blood_vasculature,CL:0000057
CL:0000359$$1431,vascular associated smooth muscle cell,CT,blood_vasculature,CL:0000359
FMA:14824,Marginal colic artery,AS,blood_vasculature,FMA:14824
CL:0000071$$1432,blood vessel endothelial cell,CT,blood_vasculature,CL:0000071
CL:1000413$$1433,endothelial cell of artery,CT,blood_vasculature,CL:1000413
CL:0000057$$1434,fibroblast,CT,blood_vasculature,CL:0000057
CL:0000359$$1435,vascular associated smooth muscle cell,CT,blood_vasculature,CL:0000359
ASCTB-TEMP:vasa-recta-of-colon,vasa recta of colon,AS,blood_vasculature,ASCTB-TEMP:vasa-recta-of-colon
CL:0000071$$1436,blood vessel endothelial cell,CT,blood_vasculature,CL:0000071
CL:1000413$$1437,endothelial cell of artery,CT,blood_vasculature,CL:1000413
CL:0000057$$1438,fibroblast,CT,blood_vasculature,CL:0000057
CL:0000359$$1439,vascular associated smooth muscle cell,CT,blood_vasculature,CL:0000359
ASCTB-TEMP:long-branch-of-vasa-recta-of-colon,long branch of vasa recta of colon,AS,blood_vasculature,ASCTB-TEMP:long-branch-of-vasa-recta-of-colon
CL:0000071$$1440,blood vessel endothelial cell,CT,blood_vasculature,CL:0000071
CL:1000413$$1441,endothelial cell of artery,CT,blood_vasculature,CL:1000413
CL:0000057$$1442,fibroblast,CT,blood_vasculature,CL:0000057
CL:0000359$$1443,vascular associated smooth muscle cell,CT,blood_vasculature,CL:0000359
ASCTB-TEMP:submucosal-artery-of-colon,submucosal artery of colon,AS,blood_vasculature,ASCTB-TEMP:submucosal-artery-of-colon
CL:0000071$$1444,blood vessel endothelial cell,CT,blood_vasculature,CL:0000071
CL:1000413$$1445,endothelial cell of artery,CT,blood_vasculature,CL:1000413
CL:0000057$$1446,fibroblast,CT,blood_vasculature,CL:0000057
CL:0000359$$1447,vascular associated smooth muscle cell,CT,blood_vasculature,CL:0000359
ASCTB-TEMP:recurrent-muscular-branch-of-submucosal-artery-of-colon,recurrent muscular branch of submucosal artery of colon,AS,blood_vasculature,ASCTB-TEMP:recurrent-muscular-branch-of-submucosal-artery-of-colon
CL:0000071$$1448,blood vessel endothelial cell,CT,blood_vasculature,CL:0000071
CL:1000413$$1449,endothelial cell of artery,CT,blood_vasculature,CL:1000413
CL:0000057$$1450,fibroblast,CT,blood_vasculature,CL:0000057
CL:0000359$$1451,vascular associated smooth muscle cell,CT,blood_vasculature,CL:0000359
ASCTB-TEMP:submucosal-arteriole-of-colon,submucosal arteriole of colon,AS,blood_vasculature,ASCTB-TEMP:submucosal-arteriole-of-colon
CL:0000071$$1452,blood vessel endothelial cell,CT,blood_vasculature,CL:0000071
CL:1000412$$1453,endothelial cell of arteriole,CT,blood_vasculature,CL:1000412
CL:0000057$$1454,fibroblast,CT,blood_vasculature,CL:0000057
CL:0000359$$1455,vascular associated smooth muscle cell,CT,blood_vasculature,CL:0000359
ASCTB-TEMP:mucosal-arteriole-of-colon,mucosal arteriole of colon,AS,blood_vasculature,ASCTB-TEMP:mucosal-arteriole-of-colon
CL:0000071$$1456,blood vessel endothelial cell,CT,blood_vasculature,CL:0000071
CL:1000412$$1457,endothelial cell of arteriole,CT,blood_vasculature,CL:1000412
CL:0000057$$1458,fibroblast,CT,blood_vasculature,CL:0000057
CL:0000359$$1459,vascular associated smooth muscle cell,CT,blood_vasculature,CL:0000359
ASCTB-TEMP:branch-of-mucous-plexus-of-colon,branch of mucous plexus of colon,AS,blood_vasculature,ASCTB-TEMP:branch-of-mucous-plexus-of-colon
CL:0000071$$1460,blood vessel endothelial cell,CT,blood_vasculature,CL:0000071
CL:0002144$$1461,capillary endothelial cell,CT,blood_vasculature,CL:0002144
ASCTB-TEMP:subserous-artery-of-colon,subserous artery of colon,AS,blood_vasculature,ASCTB-TEMP:subserous-artery-of-colon
CL:0000071$$1462,blood vessel endothelial cell,CT,blood_vasculature,CL:0000071
CL:1000413$$1463,endothelial cell of artery,CT,blood_vasculature,CL:1000413
CL:0000057$$1464,fibroblast,CT,blood_vasculature,CL:0000057
CL:0000359$$1465,vascular associated smooth muscle cell,CT,blood_vasculature,CL:0000359
ASCTB-TEMP:short-branch-of-vasa-recta-of-colon,short branch of vasa recta of colon,AS,blood_vasculature,ASCTB-TEMP:short-branch-of-vasa-recta-of-colon
CL:0000071$$1466,blood vessel endothelial cell,CT,blood_vasculature,CL:0000071
CL:1000413$$1467,endothelial cell of artery,CT,blood_vasculature,CL:1000413
CL:0000057$$1468,fibroblast,CT,blood_vasculature,CL:0000057
CL:0000359$$1469,vascular associated smooth muscle cell,CT,blood_vasculature,CL:0000359
ASCTB-TEMP:subserous-artery-of-colon-2,subserous artery of colon #2,AS,blood_vasculature,ASCTB-TEMP:subserous-artery-of-colon-2
CL:0000071$$1470,blood vessel endothelial cell,CT,blood_vasculature,CL:0000071
CL:1000413$$1471,endothelial cell of artery,CT,blood_vasculature,CL:1000413
CL:0000057$$1472,fibroblast,CT,blood_vasculature,CL:0000057
CL:0000359$$1473,vascular associated smooth muscle cell,CT,blood_vasculature,CL:0000359
ASCTB-TEMP:meandering-mesenteric-artery,meandering mesenteric artery,AS,blood_vasculature,ASCTB-TEMP:meandering-mesenteric-artery
CL:0000071$$1474,blood vessel endothelial cell,CT,blood_vasculature,CL:0000071
CL:1000413$$1475,endothelial cell of artery,CT,blood_vasculature,CL:1000413
CL:0000057$$1476,fibroblast,CT,blood_vasculature,CL:0000057
CL:0000359$$1477,vascular associated smooth muscle cell,CT,blood_vasculature,CL:0000359
FMA:14829,Descending branch of left colic artery,AS,blood_vasculature,FMA:14829
CL:0000071$$1478,blood vessel endothelial cell,CT,blood_vasculature,CL:0000071
CL:1000413$$1479,endothelial cell of artery,CT,blood_vasculature,CL:1000413
CL:0000057$$1480,fibroblast,CT,blood_vasculature,CL:0000057
CL:0000359$$1481,vascular associated smooth muscle cell,CT,blood_vasculature,CL:0000359
UBERON:0035180,sigmoid artery,AS,blood_vasculature,UBERON:0035180
CL:0000071$$1482,blood vessel endothelial cell,CT,blood_vasculature,CL:0000071
CL:1000413$$1483,endothelial cell of artery,CT,blood_vasculature,CL:1000413
CL:0000057$$1484,fibroblast,CT,blood_vasculature,CL:0000057
CL:0000359$$1485,vascular associated smooth muscle cell,CT,blood_vasculature,CL:0000359
UBERON:0035040,superior rectal artery,AS,blood_vasculature,UBERON:0035040
CL:0000071$$1486,blood vessel endothelial cell,CT,blood_vasculature,CL:0000071
CL:1000413$$1487,endothelial cell of artery,CT,blood_vasculature,CL:1000413
CL:0000057$$1488,fibroblast,CT,blood_vasculature,CL:0000057
CL:0000359$$1489,vascular associated smooth muscle cell,CT,blood_vasculature,CL:0000359
UBERON:0012255,inferior phrenic artery,AS,blood_vasculature,UBERON:0012255
CL:0000071$$1490,blood vessel endothelial cell,CT,blood_vasculature,CL:0000071
CL:1000413$$1491,endothelial cell of artery,CT,blood_vasculature,CL:1000413
CL:0000057$$1492,fibroblast,CT,blood_vasculature,CL:0000057
CL:0000359$$1493,vascular associated smooth muscle cell,CT,blood_vasculature,CL:0000359
UBERON:0001198,superior suprarenal artery,AS,blood_vasculature,UBERON:0001198
CL:0000071$$1494,blood vessel endothelial cell,CT,blood_vasculature,CL:0000071
CL:1000413$$1495,endothelial cell of artery,CT,blood_vasculature,CL:1000413
CL:0000057$$1496,fibroblast,CT,blood_vasculature,CL:0000057
CL:0000359$$1497,vascular associated smooth muscle cell,CT,blood_vasculature,CL:0000359
UBERON:0035529,left common iliac artery,AS,blood_vasculature,UBERON:0035529
CL:0000071$$1498,blood vessel endothelial cell,CT,blood_vasculature,CL:0000071
CL:1000413$$1499,endothelial cell of artery,CT,blood_vasculature,CL:1000413
CL:0000057$$1500,fibroblast,CT,blood_vasculature,CL:0000057
CL:0000359$$1501,vascular associated smooth muscle cell,CT,blood_vasculature,CL:0000359
FMA:14747,Left inferior phrenic artery,AS,blood_vasculature,FMA:14747
CL:0000071$$1502,blood vessel endothelial cell,CT,blood_vasculature,CL:0000071
CL:1000413$$1503,endothelial cell of artery,CT,blood_vasculature,CL:1000413
CL:0000057$$1504,fibroblast,CT,blood_vasculature,CL:0000057
CL:0000359$$1505,vascular associated smooth muscle cell,CT,blood_vasculature,CL:0000359
FMA:14742,Left first lumbar artery,AS,blood_vasculature,FMA:14742
CL:0000071$$1506,blood vessel endothelial cell,CT,blood_vasculature,CL:0000071
CL:1000413$$1507,endothelial cell of artery,CT,blood_vasculature,CL:1000413
CL:0000057$$1508,fibroblast,CT,blood_vasculature,CL:0000057
CL:0000359$$1509,vascular associated smooth muscle cell,CT,blood_vasculature,CL:0000359
FMA:14743,Left second lumbar artery,AS,blood_vasculature,FMA:14743
CL:0000071$$1510,blood vessel endothelial cell,CT,blood_vasculature,CL:0000071
CL:1000413$$1511,endothelial cell of artery,CT,blood_vasculature,CL:1000413
CL:0000057$$1512,fibroblast,CT,blood_vasculature,CL:0000057
CL:0000359$$1513,vascular associated smooth muscle cell,CT,blood_vasculature,CL:0000359
FMA:14744,Left third lumbar artery,AS,blood_vasculature,FMA:14744
CL:0000071$$1514,blood vessel endothelial cell,CT,blood_vasculature,CL:0000071
CL:1000413$$1515,endothelial cell of artery,CT,blood_vasculature,CL:1000413
CL:0000057$$1516,fibroblast,CT,blood_vasculature,CL:0000057
CL:0000359$$1517,vascular associated smooth muscle cell,CT,blood_vasculature,CL:0000359
FMA:14745,Left fourth lumbar artery,AS,blood_vasculature,FMA:14745
CL:0000071$$1518,blood vessel endothelial cell,CT,blood_vasculature,CL:0000071
CL:1000413$$1519,endothelial cell of artery,CT,blood_vasculature,CL:1000413
CL:0000057$$1520,fibroblast,CT,blood_vasculature,CL:0000057
CL:0000359$$1521,vascular associated smooth muscle cell,CT,blood_vasculature,CL:0000359
FMA:14903,Left fifth lumbar artery,AS,blood_vasculature,FMA:14903
CL:0000071$$1522,blood vessel endothelial cell,CT,blood_vasculature,CL:0000071
CL:1000413$$1523,endothelial cell of artery,CT,blood_vasculature,CL:1000413
CL:0000057$$1524,fibroblast,CT,blood_vasculature,CL:0000057
CL:0000359$$1525,vascular associated smooth muscle cell,CT,blood_vasculature,CL:0000359
FMA:14756,Left middle suprarenal artery,AS,blood_vasculature,FMA:14756
CL:0000071$$1526,blood vessel endothelial cell,CT,blood_vasculature,CL:0000071
CL:1000413$$1527,endothelial cell of artery,CT,blood_vasculature,CL:1000413
CL:0000057$$1528,fibroblast,CT,blood_vasculature,CL:0000057
CL:0000359$$1529,vascular associated smooth muscle cell,CT,blood_vasculature,CL:0000359
FMA:14763,Left ovarian artery,AS,blood_vasculature,FMA:14763
CL:0000071$$1530,blood vessel endothelial cell,CT,blood_vasculature,CL:0000071
CL:1000413$$1531,endothelial cell of artery,CT,blood_vasculature,CL:1000413
CL:0000057$$1532,fibroblast,CT,blood_vasculature,CL:0000057
CL:0000359$$1533,vascular associated smooth muscle cell,CT,blood_vasculature,CL:0000359
UBERON:0001186,left renal artery,AS,blood_vasculature,UBERON:0001186
CL:0000071$$1534,blood vessel endothelial cell,CT,blood_vasculature,CL:0000071
CL:1000413$$1535,endothelial cell of artery,CT,blood_vasculature,CL:1000413
CL:0000057$$1536,fibroblast,CT,blood_vasculature,CL:0000057
CL:0000359$$1537,vascular associated smooth muscle cell,CT,blood_vasculature,CL:0000359
UBERON:0001189,left testicular artery,AS,blood_vasculature,UBERON:0001189
CL:0000071$$1538,blood vessel endothelial cell,CT,blood_vasculature,CL:0000071
CL:1000413$$1539,endothelial cell of artery,CT,blood_vasculature,CL:1000413
CL:0000057$$1540,fibroblast,CT,blood_vasculature,CL:0000057
CL:0000359$$1541,vascular associated smooth muscle cell,CT,blood_vasculature,CL:0000359
UBERON:0006636,lumbar artery,AS,blood_vasculature,UBERON:0006636
CL:0000071$$1542,blood vessel endothelial cell,CT,blood_vasculature,CL:0000071
CL:1000413$$1543,endothelial cell of artery,CT,blood_vasculature,CL:1000413
CL:0000057$$1544,fibroblast,CT,blood_vasculature,CL:0000057
CL:0000359$$1545,vascular associated smooth muscle cell,CT,blood_vasculature,CL:0000359
ASCTB-TEMP:segmental-spinal-artery-3,segmental spinal artery #3,AS,blood_vasculature,ASCTB-TEMP:segmental-spinal-artery-3
CL:0000071$$1546,blood vessel endothelial cell,CT,blood_vasculature,CL:0000071
CL:1000413$$1547,endothelial cell of artery,CT,blood_vasculature,CL:1000413
CL:0000057$$1548,fibroblast,CT,blood_vasculature,CL:0000057
CL:0000359$$1549,vascular associated smooth muscle cell,CT,blood_vasculature,CL:0000359
UBERON:0005464,median sacral artery,AS,blood_vasculature,UBERON:0005464
CL:0000071$$1550,blood vessel endothelial cell,CT,blood_vasculature,CL:0000071
CL:1000413$$1551,endothelial cell of artery,CT,blood_vasculature,CL:1000413
CL:0000057$$1552,fibroblast,CT,blood_vasculature,CL:0000057
CL:0000359$$1553,vascular associated smooth muscle cell,CT,blood_vasculature,CL:0000359
UBERON:0012173,middle suprarenal artery,AS,blood_vasculature,UBERON:0012173
CL:0000071$$1554,blood vessel endothelial cell,CT,blood_vasculature,CL:0000071
CL:1000413$$1555,endothelial cell of artery,CT,blood_vasculature,CL:1000413
CL:0000057$$1556,fibroblast,CT,blood_vasculature,CL:0000057
CL:0000359$$1557,vascular associated smooth muscle cell,CT,blood_vasculature,CL:0000359
UBERON:0001190,ovarian artery,AS,blood_vasculature,UBERON:0001190
CL:0000071$$1558,blood vessel endothelial cell,CT,blood_vasculature,CL:0000071
CL:1000413$$1559,endothelial cell of artery,CT,blood_vasculature,CL:1000413
CL:0000057$$1560,fibroblast,CT,blood_vasculature,CL:0000057
CL:0000359$$1561,vascular associated smooth muscle cell,CT,blood_vasculature,CL:0000359
UBERON:0001184,renal artery,AS,blood_vasculature,UBERON:0001184
CL:0000071$$1562,blood vessel endothelial cell,CT,blood_vasculature,CL:0000071
CL:1000413$$1563,endothelial cell of artery,CT,blood_vasculature,CL:1000413
CL:0000057$$1564,fibroblast,CT,blood_vasculature,CL:0000057
CL:0000359$$1565,vascular associated smooth muscle cell,CT,blood_vasculature,CL:0000359
FMA:70501,Anterior inferior segmental renal artery,AS,blood_vasculature,FMA:70501
CL:0000071$$1566,blood vessel endothelial cell,CT,blood_vasculature,CL:0000071
CL:1000413$$1567,endothelial cell of artery,CT,blood_vasculature,CL:1000413
CL:0000057$$1568,fibroblast,CT,blood_vasculature,CL:0000057
CL:0000359$$1569,vascular associated smooth muscle cell,CT,blood_vasculature,CL:0000359
FMA:70500,Anterior superior segmental renal artery,AS,blood_vasculature,FMA:70500
CL:0000071$$1570,blood vessel endothelial cell,CT,blood_vasculature,CL:0000071
CL:1000413$$1571,endothelial cell of artery,CT,blood_vasculature,CL:1000413
CL:0000057$$1572,fibroblast,CT,blood_vasculature,CL:0000057
CL:0000359$$1573,vascular associated smooth muscle cell,CT,blood_vasculature,CL:0000359
FMA:70502,Inferior segmental renal artery,AS,blood_vasculature,FMA:70502
CL:0000071$$1574,blood vessel endothelial cell,CT,blood_vasculature,CL:0000071
CL:1000413$$1575,endothelial cell of artery,CT,blood_vasculature,CL:1000413
CL:0000057$$1576,fibroblast,CT,blood_vasculature,CL:0000057
CL:0000359$$1577,vascular associated smooth muscle cell,CT,blood_vasculature,CL:0000359
UBERON:0002056,inferior suprarenal artery,AS,blood_vasculature,UBERON:0002056
CL:0000071$$1578,blood vessel endothelial cell,CT,blood_vasculature,CL:0000071
CL:1000413$$1579,endothelial cell of artery,CT,blood_vasculature,CL:1000413
CL:0000057$$1580,fibroblast,CT,blood_vasculature,CL:0000057
CL:0000359$$1581,vascular associated smooth muscle cell,CT,blood_vasculature,CL:0000359
FMA:70503,Posterior segmental renal artery,AS,blood_vasculature,FMA:70503
CL:0000071$$1582,blood vessel endothelial cell,CT,blood_vasculature,CL:0000071
CL:1000413$$1583,endothelial cell of artery,CT,blood_vasculature,CL:1000413
CL:0000057$$1584,fibroblast,CT,blood_vasculature,CL:0000057
CL:0000359$$1585,vascular associated smooth muscle cell,CT,blood_vasculature,CL:0000359
FMA:70494,Segmental renal artery,AS,blood_vasculature,FMA:70494
CL:0000071$$1586,blood vessel endothelial cell,CT,blood_vasculature,CL:0000071
CL:1000413$$1587,endothelial cell of artery,CT,blood_vasculature,CL:1000413
CL:0000057$$1588,fibroblast,CT,blood_vasculature,CL:0000057
CL:0000359$$1589,vascular associated smooth muscle cell,CT,blood_vasculature,CL:0000359
UBERON:0009885,interlobar artery,AS,blood_vasculature,UBERON:0009885
CL:0000071$$1590,blood vessel endothelial cell,CT,blood_vasculature,CL:0000071
CL:1000413$$1591,endothelial cell of artery,CT,blood_vasculature,CL:1000413
CL:0000057$$1592,fibroblast,CT,blood_vasculature,CL:0000057
CL:0000359$$1593,vascular associated smooth muscle cell,CT,blood_vasculature,CL:0000359
UBERON:0001552,kidney arcuate artery,AS,blood_vasculature,UBERON:0001552
CL:0000071$$1594,blood vessel endothelial cell,CT,blood_vasculature,CL:0000071
CL:1000413$$1595,endothelial cell of artery,CT,blood_vasculature,CL:1000413
CL:0000057$$1596,fibroblast,CT,blood_vasculature,CL:0000057
CL:0000359$$1597,vascular associated smooth muscle cell,CT,blood_vasculature,CL:0000359
UBERON:0004723,interlobular artery,AS,blood_vasculature,UBERON:0004723
CL:0000071$$1598,blood vessel endothelial cell,CT,blood_vasculature,CL:0000071
CL:1000413$$1599,endothelial cell of artery,CT,blood_vasculature,CL:1000413
CL:0000057$$1600,fibroblast,CT,blood_vasculature,CL:0000057
CL:0000359$$1601,vascular associated smooth muscle cell,CT,blood_vasculature,CL:0000359
UBERON:0004639,renal afferent arteriole,AS,blood_vasculature,UBERON:0004639
CL:0000071$$1602,blood vessel endothelial cell,CT,blood_vasculature,CL:0000071
CL:1000412$$1603,endothelial cell of arteriole,CT,blood_vasculature,CL:1000412
CL:0000057$$1604,fibroblast,CT,blood_vasculature,CL:0000057
CL:0000359$$1605,vascular associated smooth muscle cell,CT,blood_vasculature,CL:0000359
UBERON:0004212,glomerular capillary,AS,blood_vasculature,UBERON:0004212
CL:0000071$$1606,blood vessel endothelial cell,CT,blood_vasculature,CL:0000071
CL:0002144$$1607,capillary endothelial cell,CT,blood_vasculature,CL:0002144
UBERON:0004640,renal efferent arteriole,AS,blood_vasculature,UBERON:0004640
CL:0000071$$1608,blood vessel endothelial cell,CT,blood_vasculature,CL:0000071
CL:1000412$$1609,endothelial cell of arteriole,CT,blood_vasculature,CL:1000412
CL:0000057$$1610,fibroblast,CT,blood_vasculature,CL:0000057
CL:0000359$$1611,vascular associated smooth muscle cell,CT,blood_vasculature,CL:0000359
UBERON:0009202,vasa recta descending limb,AS,blood_vasculature,UBERON:0009202
CL:0000071$$1612,blood vessel endothelial cell,CT,blood_vasculature,CL:0000071
CL:0002144$$1613,capillary endothelial cell,CT,blood_vasculature,CL:0002144
UBERON:0004726,vasa recta,AS,blood_vasculature,UBERON:0004726
CL:0000071$$1614,blood vessel endothelial cell,CT,blood_vasculature,CL:0000071
CL:0002144$$1615,capillary endothelial cell,CT,blood_vasculature,CL:0002144
UBERON:0005272,peritubular capillary,AS,blood_vasculature,UBERON:0005272
CL:0000071$$1616,blood vessel endothelial cell,CT,blood_vasculature,CL:0000071
CL:0002144$$1617,capillary endothelial cell,CT,blood_vasculature,CL:0002144
FMA:70499,Superior segmental renal artery,AS,blood_vasculature,FMA:70499
CL:0000071$$1618,blood vessel endothelial cell,CT,blood_vasculature,CL:0000071
CL:1000413$$1619,endothelial cell of artery,CT,blood_vasculature,CL:1000413
CL:0000057$$1620,fibroblast,CT,blood_vasculature,CL:0000057
CL:0000359$$1621,vascular associated smooth muscle cell,CT,blood_vasculature,CL:0000359
UBERON:0003468,ureteric segment of renal artery,AS,blood_vasculature,UBERON:0003468
CL:0000071$$1622,blood vessel endothelial cell,CT,blood_vasculature,CL:0000071
CL:1000413$$1623,endothelial cell of artery,CT,blood_vasculature,CL:1000413
CL:0000057$$1624,fibroblast,CT,blood_vasculature,CL:0000057
CL:0000359$$1625,vascular associated smooth muscle cell,CT,blood_vasculature,CL:0000359
UBERON:0035322,right common iliac artery,AS,blood_vasculature,UBERON:0035322
CL:0000071$$1626,blood vessel endothelial cell,CT,blood_vasculature,CL:0000071
CL:1000413$$1627,endothelial cell of artery,CT,blood_vasculature,CL:1000413
CL:0000057$$1628,fibroblast,CT,blood_vasculature,CL:0000057
CL:0000359$$1629,vascular associated smooth muscle cell,CT,blood_vasculature,CL:0000359
FMA:14746,Right inferior phrenic artery,AS,blood_vasculature,FMA:14746
CL:0000071$$1630,blood vessel endothelial cell,CT,blood_vasculature,CL:0000071
CL:1000413$$1631,endothelial cell of artery,CT,blood_vasculature,CL:1000413
CL:0000057$$1632,fibroblast,CT,blood_vasculature,CL:0000057
CL:0000359$$1633,vascular associated smooth muscle cell,CT,blood_vasculature,CL:0000359
FMA:14738,Right first lumbar artery,AS,blood_vasculature,FMA:14738
CL:0000071$$1634,blood vessel endothelial cell,CT,blood_vasculature,CL:0000071
CL:1000413$$1635,endothelial cell of artery,CT,blood_vasculature,CL:1000413
CL:0000057$$1636,fibroblast,CT,blood_vasculature,CL:0000057
CL:0000359$$1637,vascular associated smooth muscle cell,CT,blood_vasculature,CL:0000359
FMA:14739,Right second lumbar artery,AS,blood_vasculature,FMA:14739
CL:0000071$$1638,blood vessel endothelial cell,CT,blood_vasculature,CL:0000071
CL:1000413$$1639,endothelial cell of artery,CT,blood_vasculature,CL:1000413
CL:0000057$$1640,fibroblast,CT,blood_vasculature,CL:0000057
CL:0000359$$1641,vascular associated smooth muscle cell,CT,blood_vasculature,CL:0000359
FMA:14740,Right third lumbar artery,AS,blood_vasculature,FMA:14740
CL:0000071$$1642,blood vessel endothelial cell,CT,blood_vasculature,CL:0000071
CL:1000413$$1643,endothelial cell of artery,CT,blood_vasculature,CL:1000413
CL:0000057$$1644,fibroblast,CT,blood_vasculature,CL:0000057
CL:0000359$$1645,vascular associated smooth muscle cell,CT,blood_vasculature,CL:0000359
FMA:14741,Right fourth lumbar artery,AS,blood_vasculature,FMA:14741
CL:0000071$$1646,blood vessel endothelial cell,CT,blood_vasculature,CL:0000071
CL:1000413$$1647,endothelial cell of artery,CT,blood_vasculature,CL:1000413
CL:0000057$$1648,fibroblast,CT,blood_vasculature,CL:0000057
CL:0000359$$1649,vascular associated smooth muscle cell,CT,blood_vasculature,CL:0000359
FMA:14902,Right fifth lumbar artery,AS,blood_vasculature,FMA:14902
CL:0000071$$1650,blood vessel endothelial cell,CT,blood_vasculature,CL:0000071
CL:1000413$$1651,endothelial cell of artery,CT,blood_vasculature,CL:1000413
CL:0000057$$1652,fibroblast,CT,blood_vasculature,CL:0000057
CL:0000359$$1653,vascular associated smooth muscle cell,CT,blood_vasculature,CL:0000359
FMA:14755,Right middle suprarenal artery,AS,blood_vasculature,FMA:14755
CL:0000071$$1654,blood vessel endothelial cell,CT,blood_vasculature,CL:0000071
CL:1000413$$1655,endothelial cell of artery,CT,blood_vasculature,CL:1000413
CL:0000057$$1656,fibroblast,CT,blood_vasculature,CL:0000057
CL:0000359$$1657,vascular associated smooth muscle cell,CT,blood_vasculature,CL:0000359
FMA:14762,Right ovarian artery,AS,blood_vasculature,FMA:14762
CL:0000071$$1658,blood vessel endothelial cell,CT,blood_vasculature,CL:0000071
CL:1000413$$1659,endothelial cell of artery,CT,blood_vasculature,CL:1000413
CL:0000057$$1660,fibroblast,CT,blood_vasculature,CL:0000057
CL:0000359$$1661,vascular associated smooth muscle cell,CT,blood_vasculature,CL:0000359
UBERON:0001185,right renal artery,AS,blood_vasculature,UBERON:0001185
CL:0000071$$1662,blood vessel endothelial cell,CT,blood_vasculature,CL:0000071
CL:1000413$$1663,endothelial cell of artery,CT,blood_vasculature,CL:1000413
CL:0000057$$1664,fibroblast,CT,blood_vasculature,CL:0000057
CL:0000359$$1665,vascular associated smooth muscle cell,CT,blood_vasculature,CL:0000359
UBERON:0001188,right testicular artery,AS,blood_vasculature,UBERON:0001188
CL:0000071$$1666,blood vessel endothelial cell,CT,blood_vasculature,CL:0000071
CL:1000413$$1667,endothelial cell of artery,CT,blood_vasculature,CL:1000413
CL:0000057$$1668,fibroblast,CT,blood_vasculature,CL:0000057
CL:0000359$$1669,vascular associated smooth muscle cell,CT,blood_vasculature,CL:0000359
UBERON:0001182,superior mesenteric artery,AS,blood_vasculature,UBERON:0001182
CL:0000071$$1670,blood vessel endothelial cell,CT,blood_vasculature,CL:0000071
CL:1000413$$1671,endothelial cell of artery,CT,blood_vasculature,CL:1000413
CL:0000057$$1672,fibroblast,CT,blood_vasculature,CL:0000057
CL:0000359$$1673,vascular associated smooth muscle cell,CT,blood_vasculature,CL:0000359
UBERON:0005628,ileal artery,AS,blood_vasculature,UBERON:0005628
CL:0000071$$1674,blood vessel endothelial cell,CT,blood_vasculature,CL:0000071
CL:1000413$$1675,endothelial cell of artery,CT,blood_vasculature,CL:1000413
CL:0000057$$1676,fibroblast,CT,blood_vasculature,CL:0000057
CL:0000359$$1677,vascular associated smooth muscle cell,CT,blood_vasculature,CL:0000359
ASCTB-TEMP:vasa-recta-of-ileum,vasa recta of ileum,AS,blood_vasculature,ASCTB-TEMP:vasa-recta-of-ileum
CL:0000071$$1678,blood vessel endothelial cell,CT,blood_vasculature,CL:0000071
CL:1000413$$1679,endothelial cell of artery,CT,blood_vasculature,CL:1000413
CL:0000057$$1680,fibroblast,CT,blood_vasculature,CL:0000057
CL:0000359$$1681,vascular associated smooth muscle cell,CT,blood_vasculature,CL:0000359
UBERON:0001197,ileocolic artery,AS,blood_vasculature,UBERON:0001197
CL:0000071$$1682,blood vessel endothelial cell,CT,blood_vasculature,CL:0000071
CL:1000413$$1683,endothelial cell of artery,CT,blood_vasculature,CL:1000413
CL:0000057$$1684,fibroblast,CT,blood_vasculature,CL:0000057
CL:0000359$$1685,vascular associated smooth muscle cell,CT,blood_vasculature,CL:0000359
FMA:14820,Ascending branch of inferior branch of ileocolic artery,AS,blood_vasculature,FMA:14820
CL:0000071$$1686,blood vessel endothelial cell,CT,blood_vasculature,CL:0000071
CL:1000413$$1687,endothelial cell of artery,CT,blood_vasculature,CL:1000413
CL:0000057$$1688,fibroblast,CT,blood_vasculature,CL:0000057
CL:0000359$$1689,vascular associated smooth muscle cell,CT,blood_vasculature,CL:0000359
FMA:14816,Anterior cecal artery,AS,blood_vasculature,FMA:14816
CL:0000071$$1690,blood vessel endothelial cell,CT,blood_vasculature,CL:0000071
CL:1000413$$1691,endothelial cell of artery,CT,blood_vasculature,CL:1000413
CL:0000057$$1692,fibroblast,CT,blood_vasculature,CL:0000057
CL:0000359$$1693,vascular associated smooth muscle cell,CT,blood_vasculature,CL:0000359
FMA:14817,Posterior cecal artery,AS,blood_vasculature,FMA:14817
CL:0000071$$1694,blood vessel endothelial cell,CT,blood_vasculature,CL:0000071
CL:1000413$$1695,endothelial cell of artery,CT,blood_vasculature,CL:1000413
CL:0000057$$1696,fibroblast,CT,blood_vasculature,CL:0000057
CL:0000359$$1697,vascular associated smooth muscle cell,CT,blood_vasculature,CL:0000359
FMA:14819,Ileal branch of inferior branch of ileocolic artery,AS,blood_vasculature,FMA:14819
CL:0000071$$1698,blood vessel endothelial cell,CT,blood_vasculature,CL:0000071
CL:1000413$$1699,endothelial cell of artery,CT,blood_vasculature,CL:1000413
CL:0000057$$1700,fibroblast,CT,blood_vasculature,CL:0000057
CL:0000359$$1701,vascular associated smooth muscle cell,CT,blood_vasculature,CL:0000359
FMA:14818,Appendicular artery,AS,blood_vasculature,FMA:14818
CL:0000071$$1702,blood vessel endothelial cell,CT,blood_vasculature,CL:0000071
CL:1000413$$1703,endothelial cell of artery,CT,blood_vasculature,CL:1000413
CL:0000057$$1704,fibroblast,CT,blood_vasculature,CL:0000057
CL:0000359$$1705,vascular associated smooth muscle cell,CT,blood_vasculature,CL:0000359
UBERON:0001195,inferior pancreaticoduodenal artery,AS,blood_vasculature,UBERON:0001195
CL:0000071$$1706,blood vessel endothelial cell,CT,blood_vasculature,CL:0000071
CL:1000413$$1707,endothelial cell of artery,CT,blood_vasculature,CL:1000413
CL:0000057$$1708,fibroblast,CT,blood_vasculature,CL:0000057
CL:0000359$$1709,vascular associated smooth muscle cell,CT,blood_vasculature,CL:0000359
FMA:70479,Anterior inferior pancreaticoduodenal artery,AS,blood_vasculature,FMA:70479
CL:0000071$$1710,blood vessel endothelial cell,CT,blood_vasculature,CL:0000071
CL:1000413$$1711,endothelial cell of artery,CT,blood_vasculature,CL:1000413
CL:0000057$$1712,fibroblast,CT,blood_vasculature,CL:0000057
CL:0000359$$1713,vascular associated smooth muscle cell,CT,blood_vasculature,CL:0000359
FMA:70480,Posterior inferior pancreaticoduodenal artery,AS,blood_vasculature,FMA:70480
CL:0000071$$1714,blood vessel endothelial cell,CT,blood_vasculature,CL:0000071
CL:1000413$$1715,endothelial cell of artery,CT,blood_vasculature,CL:1000413
CL:0000057$$1716,fibroblast,CT,blood_vasculature,CL:0000057
CL:0000359$$1717,vascular associated smooth muscle cell,CT,blood_vasculature,CL:0000359
UBERON:0018255,jejunal artery,AS,blood_vasculature,UBERON:0018255
CL:0000071$$1718,blood vessel endothelial cell,CT,blood_vasculature,CL:0000071
CL:1000413$$1719,endothelial cell of artery,CT,blood_vasculature,CL:1000413
CL:0000057$$1720,fibroblast,CT,blood_vasculature,CL:0000057
CL:0000359$$1721,vascular associated smooth muscle cell,CT,blood_vasculature,CL:0000359
ASCTB-TEMP:jejunal-arcade,jejunal arcade,AS,blood_vasculature,ASCTB-TEMP:jejunal-arcade
CL:0000071$$1722,blood vessel endothelial cell,CT,blood_vasculature,CL:0000071
CL:1000413$$1723,endothelial cell of artery,CT,blood_vasculature,CL:1000413
CL:0000057$$1724,fibroblast,CT,blood_vasculature,CL:0000057
CL:0000359$$1725,vascular associated smooth muscle cell,CT,blood_vasculature,CL:0000359
ASCTB-TEMP:vasa-recta-of-jejunum,vasa recta of jejunum,AS,blood_vasculature,ASCTB-TEMP:vasa-recta-of-jejunum
CL:0000071$$1726,blood vessel endothelial cell,CT,blood_vasculature,CL:0000071
CL:1000413$$1727,endothelial cell of artery,CT,blood_vasculature,CL:1000413
CL:0000057$$1728,fibroblast,CT,blood_vasculature,CL:0000057
CL:0000359$$1729,vascular associated smooth muscle cell,CT,blood_vasculature,CL:0000359
FMA:264945,Capillary plexus of mucosa of small intestine,AS,blood_vasculature,FMA:264945
CL:0000071$$1730,blood vessel endothelial cell,CT,blood_vasculature,CL:0000071
CL:0002144$$1731,capillary endothelial cell,CT,blood_vasculature,CL:0002144
ASCTB-TEMP:branch-of-mucous-plexus-of-small-intestine,branch of mucous plexus of small intestine,AS,blood_vasculature,ASCTB-TEMP:branch-of-mucous-plexus-of-small-intestine
CL:0000071$$1732,blood vessel endothelial cell,CT,blood_vasculature,CL:0000071
CL:0002144$$1733,capillary endothelial cell,CT,blood_vasculature,CL:0002144
UBERON:0001196,middle colic artery,AS,blood_vasculature,UBERON:0001196
CL:0000071$$1734,blood vessel endothelial cell,CT,blood_vasculature,CL:0000071
CL:1000413$$1735,endothelial cell of artery,CT,blood_vasculature,CL:1000413
CL:0000057$$1736,fibroblast,CT,blood_vasculature,CL:0000057
CL:0000359$$1737,vascular associated smooth muscle cell,CT,blood_vasculature,CL:0000359
UBERON:8410023,right colic artery,AS,blood_vasculature,UBERON:8410023
CL:0000071$$1738,blood vessel endothelial cell,CT,blood_vasculature,CL:0000071
CL:1000413$$1739,endothelial cell of artery,CT,blood_vasculature,CL:1000413
CL:0000057$$1740,fibroblast,CT,blood_vasculature,CL:0000057
CL:0000359$$1741,vascular associated smooth muscle cell,CT,blood_vasculature,CL:0000359
UBERON:0001187,testicular artery,AS,blood_vasculature,UBERON:0001187
CL:0000071$$1742,blood vessel endothelial cell,CT,blood_vasculature,CL:0000071
CL:1000413$$1743,endothelial cell of artery,CT,blood_vasculature,CL:1000413
CL:0000057$$1744,fibroblast,CT,blood_vasculature,CL:0000057
CL:0000359$$1745,vascular associated smooth muscle cell,CT,blood_vasculature,CL:0000359
UBERON:0002040,bronchial artery,AS,blood_vasculature,UBERON:0002040
CL:0000071$$1746,blood vessel endothelial cell,CT,blood_vasculature,CL:0000071
CL:1000413$$1747,endothelial cell of artery,CT,blood_vasculature,CL:1000413
CL:0000057$$1748,fibroblast,CT,blood_vasculature,CL:0000057
CL:0000359$$1749,vascular associated smooth muscle cell,CT,blood_vasculature,CL:0000359
ASCTB-TEMP:bronchial-arteriole,bronchial arteriole,AS,blood_vasculature,ASCTB-TEMP:bronchial-arteriole
CL:0000071$$1750,blood vessel endothelial cell,CT,blood_vasculature,CL:0000071
CL:1000412$$1751,endothelial cell of arteriole,CT,blood_vasculature,CL:1000412
CL:0000057$$1752,fibroblast,CT,blood_vasculature,CL:0000057
CL:0000359$$1753,vascular associated smooth muscle cell,CT,blood_vasculature,CL:0000359
ASCTB-TEMP:bronchial-capillary,bronchial capillary,AS,blood_vasculature,ASCTB-TEMP:bronchial-capillary
CL:0000071$$1754,blood vessel endothelial cell,CT,blood_vasculature,CL:0000071
CL:0002144$$1755,capillary endothelial cell,CT,blood_vasculature,CL:0002144
UBERON:0035539,esophageal artery,AS,blood_vasculature,UBERON:0035539
CL:0000071$$1756,blood vessel endothelial cell,CT,blood_vasculature,CL:0000071
CL:1000413$$1757,endothelial cell of artery,CT,blood_vasculature,CL:1000413
CL:0000057$$1758,fibroblast,CT,blood_vasculature,CL:0000057
CL:0000359$$1759,vascular associated smooth muscle cell,CT,blood_vasculature,CL:0000359
FMA:4147,Left second bronchial artery,AS,blood_vasculature,FMA:4147
CL:0000071$$1760,blood vessel endothelial cell,CT,blood_vasculature,CL:0000071
CL:1000413$$1761,endothelial cell of artery,CT,blood_vasculature,CL:1000413
CL:0000057$$1762,fibroblast,CT,blood_vasculature,CL:0000057
CL:0000359$$1763,vascular associated smooth muscle cell,CT,blood_vasculature,CL:0000359
FMA:4170,Left first superior phrenic artery,AS,blood_vasculature,FMA:4170
CL:0000071$$1764,blood vessel endothelial cell,CT,blood_vasculature,CL:0000071
CL:1000413$$1765,endothelial cell of artery,CT,blood_vasculature,CL:1000413
CL:0000057$$1766,fibroblast,CT,blood_vasculature,CL:0000057
CL:0000359$$1767,vascular associated smooth muscle cell,CT,blood_vasculature,CL:0000359
FMA:4567,Left tenth posterior intercostal artery,AS,blood_vasculature,FMA:4567
CL:0000071$$1768,blood vessel endothelial cell,CT,blood_vasculature,CL:0000071
CL:1000413$$1769,endothelial cell of artery,CT,blood_vasculature,CL:1000413
CL:0000057$$1770,fibroblast,CT,blood_vasculature,CL:0000057
CL:0000359$$1771,vascular associated smooth muscle cell,CT,blood_vasculature,CL:0000359
FMA:4590,Left eleventh posterior intercostal artery,AS,blood_vasculature,FMA:4590
CL:0000071$$1772,blood vessel endothelial cell,CT,blood_vasculature,CL:0000071
CL:1000413$$1773,endothelial cell of artery,CT,blood_vasculature,CL:1000413
CL:0000057$$1774,fibroblast,CT,blood_vasculature,CL:0000057
CL:0000359$$1775,vascular associated smooth muscle cell,CT,blood_vasculature,CL:0000359
FMA:4406,Left third posterior intercostal artery,AS,blood_vasculature,FMA:4406
CL:0000071$$1776,blood vessel endothelial cell,CT,blood_vasculature,CL:0000071
CL:1000413$$1777,endothelial cell of artery,CT,blood_vasculature,CL:1000413
CL:0000057$$1778,fibroblast,CT,blood_vasculature,CL:0000057
CL:0000359$$1779,vascular associated smooth muscle cell,CT,blood_vasculature,CL:0000359
FMA:4429,Left fourth posterior intercostal artery,AS,blood_vasculature,FMA:4429
CL:0000071$$1780,blood vessel endothelial cell,CT,blood_vasculature,CL:0000071
CL:1000413$$1781,endothelial cell of artery,CT,blood_vasculature,CL:1000413
CL:0000057$$1782,fibroblast,CT,blood_vasculature,CL:0000057
CL:0000359$$1783,vascular associated smooth muscle cell,CT,blood_vasculature,CL:0000359
FMA:4452,Left fifth posterior intercostal artery,AS,blood_vasculature,FMA:4452
CL:0000071$$1784,blood vessel endothelial cell,CT,blood_vasculature,CL:0000071
CL:1000413$$1785,endothelial cell of artery,CT,blood_vasculature,CL:1000413
CL:0000057$$1786,fibroblast,CT,blood_vasculature,CL:0000057
CL:0000359$$1787,vascular associated smooth muscle cell,CT,blood_vasculature,CL:0000359
FMA:4475,Left sixth posterior intercostal artery,AS,blood_vasculature,FMA:4475
CL:0000071$$1788,blood vessel endothelial cell,CT,blood_vasculature,CL:0000071
CL:1000413$$1789,endothelial cell of artery,CT,blood_vasculature,CL:1000413
CL:0000057$$1790,fibroblast,CT,blood_vasculature,CL:0000057
CL:0000359$$1791,vascular associated smooth muscle cell,CT,blood_vasculature,CL:0000359
FMA:4498,Left seventh posterior intercostal artery,AS,blood_vasculature,FMA:4498
CL:0000071$$1792,blood vessel endothelial cell,CT,blood_vasculature,CL:0000071
CL:1000413$$1793,endothelial cell of artery,CT,blood_vasculature,CL:1000413
CL:0000057$$1794,fibroblast,CT,blood_vasculature,CL:0000057
CL:0000359$$1795,vascular associated smooth muscle cell,CT,blood_vasculature,CL:0000359
FMA:4521,Left eighth posterior intercostal artery,AS,blood_vasculature,FMA:4521
CL:0000071$$1796,blood vessel endothelial cell,CT,blood_vasculature,CL:0000071
CL:1000413$$1797,endothelial cell of artery,CT,blood_vasculature,CL:1000413
CL:0000057$$1798,fibroblast,CT,blood_vasculature,CL:0000057
CL:0000359$$1799,vascular associated smooth muscle cell,CT,blood_vasculature,CL:0000359
FMA:4544,Left ninth posterior intercostal artery,AS,blood_vasculature,FMA:4544
CL:0000071$$1800,blood vessel endothelial cell,CT,blood_vasculature,CL:0000071
CL:1000413$$1801,endothelial cell of artery,CT,blood_vasculature,CL:1000413
CL:0000057$$1802,fibroblast,CT,blood_vasculature,CL:0000057
CL:0000359$$1803,vascular associated smooth muscle cell,CT,blood_vasculature,CL:0000359
FMA:4173,Left second superior phrenic artery,AS,blood_vasculature,FMA:4173
CL:0000071$$1804,blood vessel endothelial cell,CT,blood_vasculature,CL:0000071
CL:1000413$$1805,endothelial cell of artery,CT,blood_vasculature,CL:1000413
CL:0000057$$1806,fibroblast,CT,blood_vasculature,CL:0000057
CL:0000359$$1807,vascular associated smooth muscle cell,CT,blood_vasculature,CL:0000359
FMA:4654,Left subcostal artery,AS,blood_vasculature,FMA:4654
CL:0000071$$1808,blood vessel endothelial cell,CT,blood_vasculature,CL:0000071
CL:1000413$$1809,endothelial cell of artery,CT,blood_vasculature,CL:1000413
CL:0000057$$1810,fibroblast,CT,blood_vasculature,CL:0000057
CL:0000359$$1811,vascular associated smooth muscle cell,CT,blood_vasculature,CL:0000359
UBERON:8600080,pericardial artery,AS,blood_vasculature,UBERON:8600080
CL:0000071$$1812,blood vessel endothelial cell,CT,blood_vasculature,CL:0000071
CL:1000413$$1813,endothelial cell of artery,CT,blood_vasculature,CL:1000413
CL:0000057$$1814,fibroblast,CT,blood_vasculature,CL:0000057
CL:0000359$$1815,vascular associated smooth muscle cell,CT,blood_vasculature,CL:0000359
FMA:4176,Posterior intercostal artery,AS,blood_vasculature,FMA:4176
CL:0000071$$1816,blood vessel endothelial cell,CT,blood_vasculature,CL:0000071
CL:1000413$$1817,endothelial cell of artery,CT,blood_vasculature,CL:1000413
CL:0000057$$1818,fibroblast,CT,blood_vasculature,CL:0000057
CL:0000359$$1819,vascular associated smooth muscle cell,CT,blood_vasculature,CL:0000359
ASCTB-TEMP:segmental-spinal-artery-4,segmental spinal artery #4,AS,blood_vasculature,ASCTB-TEMP:segmental-spinal-artery-4
CL:0000071$$1820,blood vessel endothelial cell,CT,blood_vasculature,CL:0000071
CL:1000413$$1821,endothelial cell of artery,CT,blood_vasculature,CL:1000413
CL:0000057$$1822,fibroblast,CT,blood_vasculature,CL:0000057
CL:0000359$$1823,vascular associated smooth muscle cell,CT,blood_vasculature,CL:0000359
FMA:31933,Right bronchial artery,AS,blood_vasculature,FMA:31933
CL:0000071$$1824,blood vessel endothelial cell,CT,blood_vasculature,CL:0000071
CL:1000413$$1825,endothelial cell of artery,CT,blood_vasculature,CL:1000413
CL:0000057$$1826,fibroblast,CT,blood_vasculature,CL:0000057
CL:0000359$$1827,vascular associated smooth muscle cell,CT,blood_vasculature,CL:0000359
FMA:4165,Right first superior phrenic artery,AS,blood_vasculature,FMA:4165
CL:0000071$$1828,blood vessel endothelial cell,CT,blood_vasculature,CL:0000071
CL:1000413$$1829,endothelial cell of artery,CT,blood_vasculature,CL:1000413
CL:0000057$$1830,fibroblast,CT,blood_vasculature,CL:0000057
CL:0000359$$1831,vascular associated smooth muscle cell,CT,blood_vasculature,CL:0000359
FMA:4360,Right tenth posterior intercostal artery,AS,blood_vasculature,FMA:4360
CL:0000071$$1832,blood vessel endothelial cell,CT,blood_vasculature,CL:0000071
CL:1000413$$1833,endothelial cell of artery,CT,blood_vasculature,CL:1000413
CL:0000057$$1834,fibroblast,CT,blood_vasculature,CL:0000057
CL:0000359$$1835,vascular associated smooth muscle cell,CT,blood_vasculature,CL:0000359
FMA:4383,Right eleventh posterior intercostal artery,AS,blood_vasculature,FMA:4383
CL:0000071$$1836,blood vessel endothelial cell,CT,blood_vasculature,CL:0000071
CL:1000413$$1837,endothelial cell of artery,CT,blood_vasculature,CL:1000413
CL:0000057$$1838,fibroblast,CT,blood_vasculature,CL:0000057
CL:0000359$$1839,vascular associated smooth muscle cell,CT,blood_vasculature,CL:0000359
FMA:4199,Right third posterior intercostal artery,AS,blood_vasculature,FMA:4199
CL:0000071$$1840,blood vessel endothelial cell,CT,blood_vasculature,CL:0000071
CL:1000413$$1841,endothelial cell of artery,CT,blood_vasculature,CL:1000413
CL:0000057$$1842,fibroblast,CT,blood_vasculature,CL:0000057
CL:0000359$$1843,vascular associated smooth muscle cell,CT,blood_vasculature,CL:0000359
FMA:4222,Right fourth posterior intercostal artery,AS,blood_vasculature,FMA:4222
CL:0000071$$1844,blood vessel endothelial cell,CT,blood_vasculature,CL:0000071
CL:1000413$$1845,endothelial cell of artery,CT,blood_vasculature,CL:1000413
CL:0000057$$1846,fibroblast,CT,blood_vasculature,CL:0000057
CL:0000359$$1847,vascular associated smooth muscle cell,CT,blood_vasculature,CL:0000359
FMA:4245,Right fifth posterior intercostal artery,AS,blood_vasculature,FMA:4245
CL:0000071$$1848,blood vessel endothelial cell,CT,blood_vasculature,CL:0000071
CL:1000413$$1849,endothelial cell of artery,CT,blood_vasculature,CL:1000413
CL:0000057$$1850,fibroblast,CT,blood_vasculature,CL:0000057
CL:0000359$$1851,vascular associated smooth muscle cell,CT,blood_vasculature,CL:0000359
FMA:4268,Right sixth posterior intercostal artery,AS,blood_vasculature,FMA:4268
CL:0000071$$1852,blood vessel endothelial cell,CT,blood_vasculature,CL:0000071
CL:1000413$$1853,endothelial cell of artery,CT,blood_vasculature,CL:1000413
CL:0000057$$1854,fibroblast,CT,blood_vasculature,CL:0000057
CL:0000359$$1855,vascular associated smooth muscle cell,CT,blood_vasculature,CL:0000359
FMA:4291,Right seventh posterior intercostal artery,AS,blood_vasculature,FMA:4291
CL:0000071$$1856,blood vessel endothelial cell,CT,blood_vasculature,CL:0000071
CL:1000413$$1857,endothelial cell of artery,CT,blood_vasculature,CL:1000413
CL:0000057$$1858,fibroblast,CT,blood_vasculature,CL:0000057
CL:0000359$$1859,vascular associated smooth muscle cell,CT,blood_vasculature,CL:0000359
FMA:4314,Right eighth posterior intercostal artery,AS,blood_vasculature,FMA:4314
CL:0000071$$1860,blood vessel endothelial cell,CT,blood_vasculature,CL:0000071
CL:1000413$$1861,endothelial cell of artery,CT,blood_vasculature,CL:1000413
CL:0000057$$1862,fibroblast,CT,blood_vasculature,CL:0000057
CL:0000359$$1863,vascular associated smooth muscle cell,CT,blood_vasculature,CL:0000359
FMA:4337,Right ninth posterior intercostal artery,AS,blood_vasculature,FMA:4337
CL:0000071$$1864,blood vessel endothelial cell,CT,blood_vasculature,CL:0000071
CL:1000413$$1865,endothelial cell of artery,CT,blood_vasculature,CL:1000413
CL:0000057$$1866,fibroblast,CT,blood_vasculature,CL:0000057
CL:0000359$$1867,vascular associated smooth muscle cell,CT,blood_vasculature,CL:0000359
FMA:4168,Right second superior phrenic artery,AS,blood_vasculature,FMA:4168
CL:0000071$$1868,blood vessel endothelial cell,CT,blood_vasculature,CL:0000071
CL:1000413$$1869,endothelial cell of artery,CT,blood_vasculature,CL:1000413
CL:0000057$$1870,fibroblast,CT,blood_vasculature,CL:0000057
CL:0000359$$1871,vascular associated smooth muscle cell,CT,blood_vasculature,CL:0000359
FMA:4634,Right subcostal artery,AS,blood_vasculature,FMA:4634
CL:0000071$$1872,blood vessel endothelial cell,CT,blood_vasculature,CL:0000071
CL:1000413$$1873,endothelial cell of artery,CT,blood_vasculature,CL:1000413
CL:0000057$$1874,fibroblast,CT,blood_vasculature,CL:0000057
CL:0000359$$1875,vascular associated smooth muscle cell,CT,blood_vasculature,CL:0000359
UBERON:0001561,subcostal artery,AS,blood_vasculature,UBERON:0001561
CL:0000071$$1876,blood vessel endothelial cell,CT,blood_vasculature,CL:0000071
CL:1000413$$1877,endothelial cell of artery,CT,blood_vasculature,CL:1000413
CL:0000057$$1878,fibroblast,CT,blood_vasculature,CL:0000057
CL:0000359$$1879,vascular associated smooth muscle cell,CT,blood_vasculature,CL:0000359
FMA:4146,Left first bronchial artery,AS,blood_vasculature,FMA:4146
CL:0000071$$1880,blood vessel endothelial cell,CT,blood_vasculature,CL:0000071
CL:1000413$$1881,endothelial cell of artery,CT,blood_vasculature,CL:1000413
CL:0000057$$1882,fibroblast,CT,blood_vasculature,CL:0000057
CL:0000359$$1883,vascular associated smooth muscle cell,CT,blood_vasculature,CL:0000359
UBERON:0013133,superior phrenic artery,AS,blood_vasculature,UBERON:0013133
CL:0000071$$1884,blood vessel endothelial cell,CT,blood_vasculature,CL:0000071
CL:1000413$$1885,endothelial cell of artery,CT,blood_vasculature,CL:1000413
CL:0000057$$1886,fibroblast,CT,blood_vasculature,CL:0000057
CL:0000359$$1887,vascular associated smooth muscle cell,CT,blood_vasculature,CL:0000359
UBERON:0001536,left common carotid artery plus branches,AS,blood_vasculature,UBERON:0001536
CL:0000071$$1888,blood vessel endothelial cell,CT,blood_vasculature,CL:0000071
CL:1000413$$1889,endothelial cell of artery,CT,blood_vasculature,CL:1000413
CL:0000057$$1890,fibroblast,CT,blood_vasculature,CL:0000057
CL:0000359$$1891,vascular associated smooth muscle cell,CT,blood_vasculature,CL:0000359
UBERON:0001584,left subclavian artery,AS,blood_vasculature,UBERON:0001584
CL:0000071$$1892,blood vessel endothelial cell,CT,blood_vasculature,CL:0000071
CL:1000413$$1893,endothelial cell of artery,CT,blood_vasculature,CL:1000413
CL:0000057$$1894,fibroblast,CT,blood_vasculature,CL:0000057
CL:0000359$$1895,vascular associated smooth muscle cell,CT,blood_vasculature,CL:0000359
UBERON:0001533,subclavian artery,AS,blood_vasculature,UBERON:0001533
CL:0000071$$1896,blood vessel endothelial cell,CT,blood_vasculature,CL:0000071
CL:1000413$$1897,endothelial cell of artery,CT,blood_vasculature,CL:1000413
CL:0000057$$1898,fibroblast,CT,blood_vasculature,CL:0000057
CL:0000359$$1899,vascular associated smooth muscle cell,CT,blood_vasculature,CL:0000359
UBERON:0001394,axillary artery,AS,blood_vasculature,UBERON:0001394
CL:0000071$$1900,blood vessel endothelial cell,CT,blood_vasculature,CL:0000071
CL:1000413$$1901,endothelial cell of artery,CT,blood_vasculature,CL:1000413
CL:0000057$$1902,fibroblast,CT,blood_vasculature,CL:0000057
CL:0000359$$1903,vascular associated smooth muscle cell,CT,blood_vasculature,CL:0000359
FMA:22680,Anterior circumflex humeral artery,AS,blood_vasculature,FMA:22680
CL:0000071$$1904,blood vessel endothelial cell,CT,blood_vasculature,CL:0000071
CL:1000413$$1905,endothelial cell of artery,CT,blood_vasculature,CL:1000413
CL:0000057$$1906,fibroblast,CT,blood_vasculature,CL:0000057
CL:0000359$$1907,vascular associated smooth muscle cell,CT,blood_vasculature,CL:0000359
UBERON:0001398,brachial artery,AS,blood_vasculature,UBERON:0001398
CL:0000071$$1908,blood vessel endothelial cell,CT,blood_vasculature,CL:0000071
CL:1000413$$1909,endothelial cell of artery,CT,blood_vasculature,CL:1000413
CL:0000057$$1910,fibroblast,CT,blood_vasculature,CL:0000057
CL:0000359$$1911,vascular associated smooth muscle cell,CT,blood_vasculature,CL:0000359
UBERON:0001399,deep brachial artery,AS,blood_vasculature,UBERON:0001399
CL:0000071$$1912,blood vessel endothelial cell,CT,blood_vasculature,CL:0000071
CL:1000413$$1913,endothelial cell of artery,CT,blood_vasculature,CL:1000413
CL:0000057$$1914,fibroblast,CT,blood_vasculature,CL:0000057
CL:0000359$$1915,vascular associated smooth muscle cell,CT,blood_vasculature,CL:0000359
FMA:23119,Medial collateral artery,AS,blood_vasculature,FMA:23119
CL:0000071$$1916,blood vessel endothelial cell,CT,blood_vasculature,CL:0000071
CL:1000413$$1917,endothelial cell of artery,CT,blood_vasculature,CL:1000413
CL:0000057$$1918,fibroblast,CT,blood_vasculature,CL:0000057
CL:0000359$$1919,vascular associated smooth muscle cell,CT,blood_vasculature,CL:0000359
FMA:23120,Radial collateral artery,AS,blood_vasculature,FMA:23120
CL:0000071$$1920,blood vessel endothelial cell,CT,blood_vasculature,CL:0000071
CL:1000413$$1921,endothelial cell of artery,CT,blood_vasculature,CL:1000413
CL:0000057$$1922,fibroblast,CT,blood_vasculature,CL:0000057
CL:0000359$$1923,vascular associated smooth muscle cell,CT,blood_vasculature,CL:0000359
FMA:22710,Inferior ulnar collateral artery,AS,blood_vasculature,FMA:22710
CL:0000071$$1924,blood vessel endothelial cell,CT,blood_vasculature,CL:0000071
CL:1000413$$1925,endothelial cell of artery,CT,blood_vasculature,CL:1000413
CL:0000057$$1926,fibroblast,CT,blood_vasculature,CL:0000057
CL:0000359$$1927,vascular associated smooth muscle cell,CT,blood_vasculature,CL:0000359
UBERON:0001404,radial artery,AS,blood_vasculature,UBERON:0001404
CL:0000071$$1928,blood vessel endothelial cell,CT,blood_vasculature,CL:0000071
CL:1000413$$1929,endothelial cell of artery,CT,blood_vasculature,CL:1000413
CL:0000057$$1930,fibroblast,CT,blood_vasculature,CL:0000057
CL:0000359$$1931,vascular associated smooth muscle cell,CT,blood_vasculature,CL:0000359
FMA:22838,Deep palmar arterial arch,AS,blood_vasculature,FMA:22838
CL:0000071$$1932,blood vessel endothelial cell,CT,blood_vasculature,CL:0000071
CL:1000413$$1933,endothelial cell of artery,CT,blood_vasculature,CL:1000413
CL:0000057$$1934,fibroblast,CT,blood_vasculature,CL:0000057
CL:0000359$$1935,vascular associated smooth muscle cell,CT,blood_vasculature,CL:0000359
ASCTB-TEMP:first-palmar-metacarpal-artery,first palmar metacarpal artery,AS,blood_vasculature,ASCTB-TEMP:first-palmar-metacarpal-artery
CL:0000071$$1936,blood vessel endothelial cell,CT,blood_vasculature,CL:0000071
CL:1000413$$1937,endothelial cell of artery,CT,blood_vasculature,CL:1000413
CL:0000057$$1938,fibroblast,CT,blood_vasculature,CL:0000057
CL:0000359$$1939,vascular associated smooth muscle cell,CT,blood_vasculature,CL:0000359
ASCTB-TEMP:second-palmar-metacarpal-artery,second palmar metacarpal artery,AS,blood_vasculature,ASCTB-TEMP:second-palmar-metacarpal-artery
CL:0000071$$1940,blood vessel endothelial cell,CT,blood_vasculature,CL:0000071
CL:1000413$$1941,endothelial cell of artery,CT,blood_vasculature,CL:1000413
CL:0000057$$1942,fibroblast,CT,blood_vasculature,CL:0000057
CL:0000359$$1943,vascular associated smooth muscle cell,CT,blood_vasculature,CL:0000359
ASCTB-TEMP:third-palmar-metacarpal-artery,third palmar metacarpal artery,AS,blood_vasculature,ASCTB-TEMP:third-palmar-metacarpal-artery
CL:0000071$$1944,blood vessel endothelial cell,CT,blood_vasculature,CL:0000071
CL:1000413$$1945,endothelial cell of artery,CT,blood_vasculature,CL:1000413
CL:0000057$$1946,fibroblast,CT,blood_vasculature,CL:0000057
CL:0000359$$1947,vascular associated smooth muscle cell,CT,blood_vasculature,CL:0000359
FMA:22755,Dorsal carpal branch of radial artery,AS,blood_vasculature,FMA:22755
CL:0000071$$1948,blood vessel endothelial cell,CT,blood_vasculature,CL:0000071
CL:1000413$$1949,endothelial cell of artery,CT,blood_vasculature,CL:1000413
CL:0000057$$1950,fibroblast,CT,blood_vasculature,CL:0000057
CL:0000359$$1951,vascular associated smooth muscle cell,CT,blood_vasculature,CL:0000359
FMA:0323597,Fourth dorsal metacarpal artery,AS,blood_vasculature,FMA:0323597
CL:0000071$$1952,blood vessel endothelial cell,CT,blood_vasculature,CL:0000071
CL:1000413$$1953,endothelial cell of artery,CT,blood_vasculature,CL:1000413
CL:0000057$$1954,fibroblast,CT,blood_vasculature,CL:0000057
CL:0000359$$1955,vascular associated smooth muscle cell,CT,blood_vasculature,CL:0000359
ASCTB-TEMP:lateral-dorsal-digital-artery-of-fifth-digit-of-hand,lateral dorsal digital artery of fifth digit of hand,AS,blood_vasculature,ASCTB-TEMP:lateral-dorsal-digital-artery-of-fifth-digit-of-hand
CL:0000071$$1956,blood vessel endothelial cell,CT,blood_vasculature,CL:0000071
CL:1000413$$1957,endothelial cell of artery,CT,blood_vasculature,CL:1000413
CL:0000057$$1958,fibroblast,CT,blood_vasculature,CL:0000057
CL:0000359$$1959,vascular associated smooth muscle cell,CT,blood_vasculature,CL:0000359
ASCTB-TEMP:medial-dorsal-digital-artery-of-fourth-digit-of-hand,medial dorsal digital artery of fourth digit of hand,AS,blood_vasculature,ASCTB-TEMP:medial-dorsal-digital-artery-of-fourth-digit-of-hand
CL:0000071$$1960,blood vessel endothelial cell,CT,blood_vasculature,CL:0000071
CL:1000413$$1961,endothelial cell of artery,CT,blood_vasculature,CL:1000413
CL:0000057$$1962,fibroblast,CT,blood_vasculature,CL:0000057
CL:0000359$$1963,vascular associated smooth muscle cell,CT,blood_vasculature,CL:0000359
FMA:0323595,Second dorsal metacarpal artery,AS,blood_vasculature,FMA:0323595
CL:0000071$$1964,blood vessel endothelial cell,CT,blood_vasculature,CL:0000071
CL:1000413$$1965,endothelial cell of artery,CT,blood_vasculature,CL:1000413
CL:0000057$$1966,fibroblast,CT,blood_vasculature,CL:0000057
CL:0000359$$1967,vascular associated smooth muscle cell,CT,blood_vasculature,CL:0000359
ASCTB-TEMP:lateral-dorsal-digital-artery-of-third-digit-of-hand,lateral dorsal digital artery of third digit of hand,AS,blood_vasculature,ASCTB-TEMP:lateral-dorsal-digital-artery-of-third-digit-of-hand
CL:0000071$$1968,blood vessel endothelial cell,CT,blood_vasculature,CL:0000071
CL:1000413$$1969,endothelial cell of artery,CT,blood_vasculature,CL:1000413
CL:0000057$$1970,fibroblast,CT,blood_vasculature,CL:0000057
CL:0000359$$1971,vascular associated smooth muscle cell,CT,blood_vasculature,CL:0000359
ASCTB-TEMP:medial-dorsal-digital-artery-of-second-digit-of-hand,medial dorsal digital artery of second digit of hand,AS,blood_vasculature,ASCTB-TEMP:medial-dorsal-digital-artery-of-second-digit-of-hand
CL:0000071$$1972,blood vessel endothelial cell,CT,blood_vasculature,CL:0000071
CL:1000413$$1973,endothelial cell of artery,CT,blood_vasculature,CL:1000413
CL:0000057$$1974,fibroblast,CT,blood_vasculature,CL:0000057
CL:0000359$$1975,vascular associated smooth muscle cell,CT,blood_vasculature,CL:0000359
FMA:0323596,Third dorsal metacarpal artery,AS,blood_vasculature,FMA:0323596
CL:0000071$$1976,blood vessel endothelial cell,CT,blood_vasculature,CL:0000071
CL:1000413$$1977,endothelial cell of artery,CT,blood_vasculature,CL:1000413
CL:0000057$$1978,fibroblast,CT,blood_vasculature,CL:0000057
CL:0000359$$1979,vascular associated smooth muscle cell,CT,blood_vasculature,CL:0000359
ASCTB-TEMP:lateral-dorsal-digital-artery-of-fourth-digit-of-hand,lateral dorsal digital artery of fourth digit of hand,AS,blood_vasculature,ASCTB-TEMP:lateral-dorsal-digital-artery-of-fourth-digit-of-hand
CL:0000071$$1980,blood vessel endothelial cell,CT,blood_vasculature,CL:0000071
CL:1000413$$1981,endothelial cell of artery,CT,blood_vasculature,CL:1000413
CL:0000057$$1982,fibroblast,CT,blood_vasculature,CL:0000057
CL:0000359$$1983,vascular associated smooth muscle cell,CT,blood_vasculature,CL:0000359
ASCTB-TEMP:medial-dorsal-digital-artery-of-third-digit-of-hand,medial dorsal digital artery of third digit of hand,AS,blood_vasculature,ASCTB-TEMP:medial-dorsal-digital-artery-of-third-digit-of-hand
CL:0000071$$1984,blood vessel endothelial cell,CT,blood_vasculature,CL:0000071
CL:1000413$$1985,endothelial cell of artery,CT,blood_vasculature,CL:1000413
CL:0000057$$1986,fibroblast,CT,blood_vasculature,CL:0000057
CL:0000359$$1987,vascular associated smooth muscle cell,CT,blood_vasculature,CL:0000359
FMA:22761,First dorsal metacarpal artery,AS,blood_vasculature,FMA:22761
CL:0000071$$1988,blood vessel endothelial cell,CT,blood_vasculature,CL:0000071
CL:1000413$$1989,endothelial cell of artery,CT,blood_vasculature,CL:1000413
CL:0000057$$1990,fibroblast,CT,blood_vasculature,CL:0000057
CL:0000359$$1991,vascular associated smooth muscle cell,CT,blood_vasculature,CL:0000359
ASCTB-TEMP:dorsal-digital-artery-of-first-digit-of-hand,dorsal digital artery of first digit of hand,AS,blood_vasculature,ASCTB-TEMP:dorsal-digital-artery-of-first-digit-of-hand
CL:0000071$$1992,blood vessel endothelial cell,CT,blood_vasculature,CL:0000071
CL:1000413$$1993,endothelial cell of artery,CT,blood_vasculature,CL:1000413
CL:0000057$$1994,fibroblast,CT,blood_vasculature,CL:0000057
CL:0000359$$1995,vascular associated smooth muscle cell,CT,blood_vasculature,CL:0000359
ASCTB-TEMP:lateral-dorsal-digital-artery-of-second-digit-of-hand,lateral dorsal digital artery of second digit of hand,AS,blood_vasculature,ASCTB-TEMP:lateral-dorsal-digital-artery-of-second-digit-of-hand
CL:0000071$$1996,blood vessel endothelial cell,CT,blood_vasculature,CL:0000071
CL:1000413$$1997,endothelial cell of artery,CT,blood_vasculature,CL:1000413
CL:0000057$$1998,fibroblast,CT,blood_vasculature,CL:0000057
CL:0000359$$1999,vascular associated smooth muscle cell,CT,blood_vasculature,CL:0000359
FMA:22750,Palmar carpal branch of radial artery,AS,blood_vasculature,FMA:22750
CL:0000071$$2000,blood vessel endothelial cell,CT,blood_vasculature,CL:0000071
CL:1000413$$2001,endothelial cell of artery,CT,blood_vasculature,CL:1000413
CL:0000057$$2002,fibroblast,CT,blood_vasculature,CL:0000057
CL:0000359$$2003,vascular associated smooth muscle cell,CT,blood_vasculature,CL:0000359
ASCTB-TEMP:palmar-carpal-arterial-arch,palmar carpal arterial arch,AS,blood_vasculature,ASCTB-TEMP:palmar-carpal-arterial-arch
CL:0000071$$2004,blood vessel endothelial cell,CT,blood_vasculature,CL:0000071
CL:1000413$$2005,endothelial cell of artery,CT,blood_vasculature,CL:1000413
CL:0000057$$2006,fibroblast,CT,blood_vasculature,CL:0000057
CL:0000359$$2007,vascular associated smooth muscle cell,CT,blood_vasculature,CL:0000359
FMA:71534,Set of princeps pollicis artery,AS,blood_vasculature,FMA:71534
CL:0000071$$2008,blood vessel endothelial cell,CT,blood_vasculature,CL:0000071
CL:1000413$$2009,endothelial cell of artery,CT,blood_vasculature,CL:1000413
CL:0000057$$2010,fibroblast,CT,blood_vasculature,CL:0000057
CL:0000359$$2011,vascular associated smooth muscle cell,CT,blood_vasculature,CL:0000359
ASCTB-TEMP:lateral-proper-palmar-digital-artery-of-first-digit-of-hand,lateral proper palmar digital artery of first digit of hand,AS,blood_vasculature,ASCTB-TEMP:lateral-proper-palmar-digital-artery-of-first-digit-of-hand
CL:0000071$$2012,blood vessel endothelial cell,CT,blood_vasculature,CL:0000071
CL:1000413$$2013,endothelial cell of artery,CT,blood_vasculature,CL:1000413
CL:0000057$$2014,fibroblast,CT,blood_vasculature,CL:0000057
CL:0000359$$2015,vascular associated smooth muscle cell,CT,blood_vasculature,CL:0000359
ASCTB-TEMP:medial-proper-palmar-digital-artery-of-first-digit-of-hand,medial proper palmar digital artery of first digit of hand,AS,blood_vasculature,ASCTB-TEMP:medial-proper-palmar-digital-artery-of-first-digit-of-hand
CL:0000071$$2016,blood vessel endothelial cell,CT,blood_vasculature,CL:0000071
CL:1000413$$2017,endothelial cell of artery,CT,blood_vasculature,CL:1000413
CL:0000057$$2018,fibroblast,CT,blood_vasculature,CL:0000057
CL:0000359$$2019,vascular associated smooth muscle cell,CT,blood_vasculature,CL:0000359
FMA:22748,Radial recurrent artery,AS,blood_vasculature,FMA:22748
CL:0000071$$2020,blood vessel endothelial cell,CT,blood_vasculature,CL:0000071
CL:1000413$$2021,endothelial cell of artery,CT,blood_vasculature,CL:1000413
CL:0000057$$2022,fibroblast,CT,blood_vasculature,CL:0000057
CL:0000359$$2023,vascular associated smooth muscle cell,CT,blood_vasculature,CL:0000359
FMA:22763,Arteria radialis indicis,AS,blood_vasculature,FMA:22763
CL:0000071$$2024,blood vessel endothelial cell,CT,blood_vasculature,CL:0000071
CL:1000413$$2025,endothelial cell of artery,CT,blood_vasculature,CL:1000413
CL:0000057$$2026,fibroblast,CT,blood_vasculature,CL:0000057
CL:0000359$$2027,vascular associated smooth muscle cell,CT,blood_vasculature,CL:0000359
ASCTB-TEMP:lateral-proper-palmar-digital-artery-of-second-digit-of-hand,lateral proper palmar digital artery of second digit of hand,AS,blood_vasculature,ASCTB-TEMP:lateral-proper-palmar-digital-artery-of-second-digit-of-hand
CL:0000071$$2028,blood vessel endothelial cell,CT,blood_vasculature,CL:0000071
CL:1000413$$2029,endothelial cell of artery,CT,blood_vasculature,CL:1000413
CL:0000057$$2030,fibroblast,CT,blood_vasculature,CL:0000057
CL:0000359$$2031,vascular associated smooth muscle cell,CT,blood_vasculature,CL:0000359
ASCTB-TEMP:dorsal-branch-of-lateral-proper-palmar-digital-artery-of-second-digit-of-hand,dorsal branch of lateral proper palmar digital artery of second digit of hand,AS,blood_vasculature,ASCTB-TEMP:dorsal-branch-of-lateral-proper-palmar-digital-artery-of-second-digit-of-hand
CL:0000071$$2032,blood vessel endothelial cell,CT,blood_vasculature,CL:0000071
CL:1000413$$2033,endothelial cell of artery,CT,blood_vasculature,CL:1000413
CL:0000057$$2034,fibroblast,CT,blood_vasculature,CL:0000057
CL:0000359$$2035,vascular associated smooth muscle cell,CT,blood_vasculature,CL:0000359
FMA:22752,Superficial palmar branch of radial artery,AS,blood_vasculature,FMA:22752
CL:0000071$$2036,blood vessel endothelial cell,CT,blood_vasculature,CL:0000071
CL:1000413$$2037,endothelial cell of artery,CT,blood_vasculature,CL:1000413
CL:0000057$$2038,fibroblast,CT,blood_vasculature,CL:0000057
CL:0000359$$2039,vascular associated smooth muscle cell,CT,blood_vasculature,CL:0000359
FMA:22706,Superior ulnar collateral artery,AS,blood_vasculature,FMA:22706
CL:0000071$$2040,blood vessel endothelial cell,CT,blood_vasculature,CL:0000071
CL:1000413$$2041,endothelial cell of artery,CT,blood_vasculature,CL:1000413
CL:0000057$$2042,fibroblast,CT,blood_vasculature,CL:0000057
CL:0000359$$2043,vascular associated smooth muscle cell,CT,blood_vasculature,CL:0000359
UBERON:0001406,ulnar artery,AS,blood_vasculature,UBERON:0001406
CL:0000071$$2044,blood vessel endothelial cell,CT,blood_vasculature,CL:0000071
CL:1000413$$2045,endothelial cell of artery,CT,blood_vasculature,CL:1000413
CL:0000057$$2046,fibroblast,CT,blood_vasculature,CL:0000057
CL:0000359$$2047,vascular associated smooth muscle cell,CT,blood_vasculature,CL:0000359
FMA:22800,Anterior ulnar recurrent artery,AS,blood_vasculature,FMA:22800
CL:0000071$$2048,blood vessel endothelial cell,CT,blood_vasculature,CL:0000071
CL:1000413$$2049,endothelial cell of artery,CT,blood_vasculature,CL:1000413
CL:0000057$$2050,fibroblast,CT,blood_vasculature,CL:0000057
CL:0000359$$2051,vascular associated smooth muscle cell,CT,blood_vasculature,CL:0000359
FMA:22806,Common interosseous artery,AS,blood_vasculature,FMA:22806
CL:0000071$$2052,blood vessel endothelial cell,CT,blood_vasculature,CL:0000071
CL:1000413$$2053,endothelial cell of artery,CT,blood_vasculature,CL:1000413
CL:0000057$$2054,fibroblast,CT,blood_vasculature,CL:0000057
CL:0000359$$2055,vascular associated smooth muscle cell,CT,blood_vasculature,CL:0000359
FMA:22810,Anterior interosseous artery,AS,blood_vasculature,FMA:22810
CL:0000071$$2056,blood vessel endothelial cell,CT,blood_vasculature,CL:0000071
CL:1000413$$2057,endothelial cell of artery,CT,blood_vasculature,CL:1000413
CL:0000057$$2058,fibroblast,CT,blood_vasculature,CL:0000057
CL:0000359$$2059,vascular associated smooth muscle cell,CT,blood_vasculature,CL:0000359
FMA:22811,Posterior interosseous artery,AS,blood_vasculature,FMA:22811
CL:0000071$$2060,blood vessel endothelial cell,CT,blood_vasculature,CL:0000071
CL:1000413$$2061,endothelial cell of artery,CT,blood_vasculature,CL:1000413
CL:0000057$$2062,fibroblast,CT,blood_vasculature,CL:0000057
CL:0000359$$2063,vascular associated smooth muscle cell,CT,blood_vasculature,CL:0000359
FMA:22824,Deep palmar branch of ulnar artery,AS,blood_vasculature,FMA:22824
CL:0000071$$2064,blood vessel endothelial cell,CT,blood_vasculature,CL:0000071
CL:1000413$$2065,endothelial cell of artery,CT,blood_vasculature,CL:1000413
CL:0000057$$2066,fibroblast,CT,blood_vasculature,CL:0000057
CL:0000359$$2067,vascular associated smooth muscle cell,CT,blood_vasculature,CL:0000359
FMA:22820,Dorsal carpal branch of ulnar artery,AS,blood_vasculature,FMA:22820
CL:0000071$$2068,blood vessel endothelial cell,CT,blood_vasculature,CL:0000071
CL:1000413$$2069,endothelial cell of artery,CT,blood_vasculature,CL:1000413
CL:0000057$$2070,fibroblast,CT,blood_vasculature,CL:0000057
CL:0000359$$2071,vascular associated smooth muscle cell,CT,blood_vasculature,CL:0000359
FMA:22755$$2072,Dorsal carpal branch of radial artery,AS,blood_vasculature,FMA:22755
CL:0000071$$2073,blood vessel endothelial cell,CT,blood_vasculature,CL:0000071
CL:1000413$$2074,endothelial cell of artery,CT,blood_vasculature,CL:1000413
CL:0000057$$2075,fibroblast,CT,blood_vasculature,CL:0000057
CL:0000359$$2076,vascular associated smooth muscle cell,CT,blood_vasculature,CL:0000359
ASCTB-TEMP:medial-dorsal-digital-artery-of-fifth-digit-of-hand,medial dorsal digital artery of fifth digit of hand,AS,blood_vasculature,ASCTB-TEMP:medial-dorsal-digital-artery-of-fifth-digit-of-hand
CL:0000071$$2077,blood vessel endothelial cell,CT,blood_vasculature,CL:0000071
CL:1000413$$2078,endothelial cell of artery,CT,blood_vasculature,CL:1000413
CL:0000057$$2079,fibroblast,CT,blood_vasculature,CL:0000057
CL:0000359$$2080,vascular associated smooth muscle cell,CT,blood_vasculature,CL:0000359
UBERON:0002249,median artery,AS,blood_vasculature,UBERON:0002249
CL:0000071$$2081,blood vessel endothelial cell,CT,blood_vasculature,CL:0000071
CL:1000413$$2082,endothelial cell of artery,CT,blood_vasculature,CL:1000413
CL:0000057$$2083,fibroblast,CT,blood_vasculature,CL:0000057
CL:0000359$$2084,vascular associated smooth muscle cell,CT,blood_vasculature,CL:0000359
FMA:22817,Palmar carpal branch of ulnar artery,AS,blood_vasculature,FMA:22817
CL:0000071$$2085,blood vessel endothelial cell,CT,blood_vasculature,CL:0000071
CL:1000413$$2086,endothelial cell of artery,CT,blood_vasculature,CL:1000413
CL:0000057$$2087,fibroblast,CT,blood_vasculature,CL:0000057
CL:0000359$$2088,vascular associated smooth muscle cell,CT,blood_vasculature,CL:0000359
FMA:22803,Posterior ulnar recurrent artery,AS,blood_vasculature,FMA:22803
CL:0000071$$2089,blood vessel endothelial cell,CT,blood_vasculature,CL:0000071
CL:1000413$$2090,endothelial cell of artery,CT,blood_vasculature,CL:1000413
CL:0000057$$2091,fibroblast,CT,blood_vasculature,CL:0000057
CL:0000359$$2092,vascular associated smooth muscle cell,CT,blood_vasculature,CL:0000359
UBERON:0006564,superficial palmar arch,AS,blood_vasculature,UBERON:0006564
CL:0000071$$2093,blood vessel endothelial cell,CT,blood_vasculature,CL:0000071
CL:1000413$$2094,endothelial cell of artery,CT,blood_vasculature,CL:1000413
CL:0000057$$2095,fibroblast,CT,blood_vasculature,CL:0000057
CL:0000359$$2096,vascular associated smooth muscle cell,CT,blood_vasculature,CL:0000359
UBERON:0001410,common palmar digital artery,AS,blood_vasculature,UBERON:0001410
CL:0000071$$2097,blood vessel endothelial cell,CT,blood_vasculature,CL:0000071
CL:1000413$$2098,endothelial cell of artery,CT,blood_vasculature,CL:1000413
CL:0000057$$2099,fibroblast,CT,blood_vasculature,CL:0000057
CL:0000359$$2100,vascular associated smooth muscle cell,CT,blood_vasculature,CL:0000359
UBERON:0006137,proper palmar digital artery,AS,blood_vasculature,UBERON:0006137
CL:0000071$$2101,blood vessel endothelial cell,CT,blood_vasculature,CL:0000071
CL:1000413$$2102,endothelial cell of artery,CT,blood_vasculature,CL:1000413
CL:0000057$$2103,fibroblast,CT,blood_vasculature,CL:0000057
CL:0000359$$2104,vascular associated smooth muscle cell,CT,blood_vasculature,CL:0000359
FMA:22854,First common palmar digital artery,AS,blood_vasculature,FMA:22854
CL:0000071$$2105,blood vessel endothelial cell,CT,blood_vasculature,CL:0000071
CL:1000413$$2106,endothelial cell of artery,CT,blood_vasculature,CL:1000413
CL:0000057$$2107,fibroblast,CT,blood_vasculature,CL:0000057
CL:0000359$$2108,vascular associated smooth muscle cell,CT,blood_vasculature,CL:0000359
FMA:22857,Lateral proper palmar digital artery of middle finger,AS,blood_vasculature,FMA:22857
CL:0000071$$2109,blood vessel endothelial cell,CT,blood_vasculature,CL:0000071
CL:1000413$$2110,endothelial cell of artery,CT,blood_vasculature,CL:1000413
CL:0000057$$2111,fibroblast,CT,blood_vasculature,CL:0000057
CL:0000359$$2112,vascular associated smooth muscle cell,CT,blood_vasculature,CL:0000359
ASCTB-TEMP:dorsal-branch-of-lateral-proper-palmar-digital-artery-of-third-digit-of-hand,dorsal branch of lateral proper palmar digital artery of third digit of hand,AS,blood_vasculature,ASCTB-TEMP:dorsal-branch-of-lateral-proper-palmar-digital-artery-of-third-digit-of-hand
CL:0000071$$2113,blood vessel endothelial cell,CT,blood_vasculature,CL:0000071
CL:1000413$$2114,endothelial cell of artery,CT,blood_vasculature,CL:1000413
CL:0000057$$2115,fibroblast,CT,blood_vasculature,CL:0000057
CL:0000359$$2116,vascular associated smooth muscle cell,CT,blood_vasculature,CL:0000359
FMA:23047,Medial proper palmar digital artery of index finger,AS,blood_vasculature,FMA:23047
CL:0000071$$2117,blood vessel endothelial cell,CT,blood_vasculature,CL:0000071
CL:1000413$$2118,endothelial cell of artery,CT,blood_vasculature,CL:1000413
CL:0000057$$2119,fibroblast,CT,blood_vasculature,CL:0000057
CL:0000359$$2120,vascular associated smooth muscle cell,CT,blood_vasculature,CL:0000359
ASCTB-TEMP:dorsal-branch-of-medial-proper-palmar-digital-artery-of-second-digit-of-hand,dorsal branch of medial proper palmar digital artery of second digit of hand,AS,blood_vasculature,ASCTB-TEMP:dorsal-branch-of-medial-proper-palmar-digital-artery-of-second-digit-of-hand
CL:0000071$$2121,blood vessel endothelial cell,CT,blood_vasculature,CL:0000071
CL:1000413$$2122,endothelial cell of artery,CT,blood_vasculature,CL:1000413
CL:0000057$$2123,fibroblast,CT,blood_vasculature,CL:0000057
CL:0000359$$2124,vascular associated smooth muscle cell,CT,blood_vasculature,CL:0000359
FMA:85108,Fourth common palmar digital artery,AS,blood_vasculature,FMA:85108
CL:0000071$$2125,blood vessel endothelial cell,CT,blood_vasculature,CL:0000071
CL:1000413$$2126,endothelial cell of artery,CT,blood_vasculature,CL:1000413
CL:0000057$$2127,fibroblast,CT,blood_vasculature,CL:0000057
CL:0000359$$2128,vascular associated smooth muscle cell,CT,blood_vasculature,CL:0000359
ASCTB-TEMP:cutaneous-branch-of-medial-proper-palmar-digital-artery-of-fifth-digit-of-hand,cutaneous branch of medial proper palmar digital artery of fifth digit of hand,AS,blood_vasculature,ASCTB-TEMP:cutaneous-branch-of-medial-proper-palmar-digital-artery-of-fifth-digit-of-hand
CL:0000071$$2129,blood vessel endothelial cell,CT,blood_vasculature,CL:0000071
CL:1000413$$2130,endothelial cell of artery,CT,blood_vasculature,CL:1000413
CL:0000057$$2131,fibroblast,CT,blood_vasculature,CL:0000057
CL:0000359$$2132,vascular associated smooth muscle cell,CT,blood_vasculature,CL:0000359
ASCTB-TEMP:cutaneous-arteriole,cutaneous arteriole,AS,blood_vasculature,ASCTB-TEMP:cutaneous-arteriole
CL:0000071$$2133,blood vessel endothelial cell,CT,blood_vasculature,CL:0000071
CL:1000412$$2134,endothelial cell of arteriole,CT,blood_vasculature,CL:1000412
CL:0000057$$2135,fibroblast,CT,blood_vasculature,CL:0000057
CL:0000359$$2136,vascular associated smooth muscle cell,CT,blood_vasculature,CL:0000359
FMA:280962,Capillary network of skin,AS,blood_vasculature,FMA:280962
CL:0000071$$2137,blood vessel endothelial cell,CT,blood_vasculature,CL:0000071
CL:0002144$$2138,capillary endothelial cell,CT,blood_vasculature,CL:0002144
ASCTB-TEMP:branch-of-subpapillary-plexus,branch of subpapillary plexus,AS,blood_vasculature,ASCTB-TEMP:branch-of-subpapillary-plexus
CL:0000071$$2139,blood vessel endothelial cell,CT,blood_vasculature,CL:0000071
CL:0002144$$2140,capillary endothelial cell,CT,blood_vasculature,CL:0002144
ASCTB-TEMP:dorsal-branch-of-medial-proper-palmar-digital-artery-of-fifth-digit-of-hand,dorsal branch of medial proper palmar digital artery of fifth digit of hand,AS,blood_vasculature,ASCTB-TEMP:dorsal-branch-of-medial-proper-palmar-digital-artery-of-fifth-digit-of-hand
CL:0000071$$2141,blood vessel endothelial cell,CT,blood_vasculature,CL:0000071
CL:1000413$$2142,endothelial cell of artery,CT,blood_vasculature,CL:1000413
CL:0000057$$2143,fibroblast,CT,blood_vasculature,CL:0000057
CL:0000359$$2144,vascular associated smooth muscle cell,CT,blood_vasculature,CL:0000359
FMA:22855,Second common palmar digital artery,AS,blood_vasculature,FMA:22855
CL:0000071$$2145,blood vessel endothelial cell,CT,blood_vasculature,CL:0000071
CL:1000413$$2146,endothelial cell of artery,CT,blood_vasculature,CL:1000413
CL:0000057$$2147,fibroblast,CT,blood_vasculature,CL:0000057
CL:0000359$$2148,vascular associated smooth muscle cell,CT,blood_vasculature,CL:0000359
FMA:85114,Lateral proper palmar digital artery of ring finger,AS,blood_vasculature,FMA:85114
CL:0000071$$2149,blood vessel endothelial cell,CT,blood_vasculature,CL:0000071
CL:1000413$$2150,endothelial cell of artery,CT,blood_vasculature,CL:1000413
CL:0000057$$2151,fibroblast,CT,blood_vasculature,CL:0000057
CL:0000359$$2152,vascular associated smooth muscle cell,CT,blood_vasculature,CL:0000359
ASCTB-TEMP:dorsal-branch-of-lateral-proper-palmar-digital-artery-of-fourth-digit-of-hand,dorsal branch of lateral proper palmar digital artery of fourth digit of hand,AS,blood_vasculature,ASCTB-TEMP:dorsal-branch-of-lateral-proper-palmar-digital-artery-of-fourth-digit-of-hand
CL:0000071$$2153,blood vessel endothelial cell,CT,blood_vasculature,CL:0000071
CL:1000413$$2154,endothelial cell of artery,CT,blood_vasculature,CL:1000413
CL:0000057$$2155,fibroblast,CT,blood_vasculature,CL:0000057
CL:0000359$$2156,vascular associated smooth muscle cell,CT,blood_vasculature,CL:0000359
FMA:85111,Medial proper palmar digital artery of middle finger,AS,blood_vasculature,FMA:85111
CL:0000071$$2157,blood vessel endothelial cell,CT,blood_vasculature,CL:0000071
CL:1000413$$2158,endothelial cell of artery,CT,blood_vasculature,CL:1000413
CL:0000057$$2159,fibroblast,CT,blood_vasculature,CL:0000057
CL:0000359$$2160,vascular associated smooth muscle cell,CT,blood_vasculature,CL:0000359
ASCTB-TEMP:dorsal-branch-of-medial-proper-palmar-digital-artery-of-third-digit-of-hand,dorsal branch of medial proper palmar digital artery of third digit of hand,AS,blood_vasculature,ASCTB-TEMP:dorsal-branch-of-medial-proper-palmar-digital-artery-of-third-digit-of-hand
CL:0000071$$2161,blood vessel endothelial cell,CT,blood_vasculature,CL:0000071
CL:1000413$$2162,endothelial cell of artery,CT,blood_vasculature,CL:1000413
CL:0000057$$2163,fibroblast,CT,blood_vasculature,CL:0000057
CL:0000359$$2164,vascular associated smooth muscle cell,CT,blood_vasculature,CL:0000359
FMA:85107,Third common palmar digital artery,AS,blood_vasculature,FMA:85107
CL:0000071$$2165,blood vessel endothelial cell,CT,blood_vasculature,CL:0000071
CL:1000413$$2166,endothelial cell of artery,CT,blood_vasculature,CL:1000413
CL:0000057$$2167,fibroblast,CT,blood_vasculature,CL:0000057
CL:0000359$$2168,vascular associated smooth muscle cell,CT,blood_vasculature,CL:0000359
FMA:23048,Lateral proper palmar digital artery of little finger,AS,blood_vasculature,FMA:23048
CL:0000071$$2169,blood vessel endothelial cell,CT,blood_vasculature,CL:0000071
CL:1000413$$2170,endothelial cell of artery,CT,blood_vasculature,CL:1000413
CL:0000057$$2171,fibroblast,CT,blood_vasculature,CL:0000057
CL:0000359$$2172,vascular associated smooth muscle cell,CT,blood_vasculature,CL:0000359
ASCTB-TEMP:dorsal-branch-of-lateral-proper-palmar-digital-artery-of-fifth-digit-of-hand,dorsal branch of lateral proper palmar digital artery of fifth digit of hand,AS,blood_vasculature,ASCTB-TEMP:dorsal-branch-of-lateral-proper-palmar-digital-artery-of-fifth-digit-of-hand
CL:0000071$$2173,blood vessel endothelial cell,CT,blood_vasculature,CL:0000071
CL:1000413$$2174,endothelial cell of artery,CT,blood_vasculature,CL:1000413
CL:0000057$$2175,fibroblast,CT,blood_vasculature,CL:0000057
CL:0000359$$2176,vascular associated smooth muscle cell,CT,blood_vasculature,CL:0000359
FMA:23046,Medial proper palmar digital artery of ring finger,AS,blood_vasculature,FMA:23046
CL:0000071$$2177,blood vessel endothelial cell,CT,blood_vasculature,CL:0000071
CL:1000413$$2178,endothelial cell of artery,CT,blood_vasculature,CL:1000413
CL:0000057$$2179,fibroblast,CT,blood_vasculature,CL:0000057
CL:0000359$$2180,vascular associated smooth muscle cell,CT,blood_vasculature,CL:0000359
ASCTB-TEMP:dorsal-branch-of-medial-proper-palmar-digital-artery-of-fourth-digit-of-hand,dorsal branch of medial proper palmar digital artery of fourth digit of hand,AS,blood_vasculature,ASCTB-TEMP:dorsal-branch-of-medial-proper-palmar-digital-artery-of-fourth-digit-of-hand
CL:0000071$$2181,blood vessel endothelial cell,CT,blood_vasculature,CL:0000071
CL:1000413$$2182,endothelial cell of artery,CT,blood_vasculature,CL:1000413
CL:0000057$$2183,fibroblast,CT,blood_vasculature,CL:0000057
CL:0000359$$2184,vascular associated smooth muscle cell,CT,blood_vasculature,CL:0000359
UBERON:0001396,lateral thoracic artery,AS,blood_vasculature,UBERON:0001396
CL:0000071$$2185,blood vessel endothelial cell,CT,blood_vasculature,CL:0000071
CL:1000413$$2186,endothelial cell of artery,CT,blood_vasculature,CL:1000413
CL:0000057$$2187,fibroblast,CT,blood_vasculature,CL:0000057
CL:0000359$$2188,vascular associated smooth muscle cell,CT,blood_vasculature,CL:0000359
FMA:22684,Posterior circumflex humeral artery,AS,blood_vasculature,FMA:22684
CL:0000071$$2189,blood vessel endothelial cell,CT,blood_vasculature,CL:0000071
CL:1000413$$2190,endothelial cell of artery,CT,blood_vasculature,CL:1000413
CL:0000057$$2191,fibroblast,CT,blood_vasculature,CL:0000057
CL:0000359$$2192,vascular associated smooth muscle cell,CT,blood_vasculature,CL:0000359
UBERON:0001397,subscapular artery,AS,blood_vasculature,UBERON:0001397
CL:0000071$$2193,blood vessel endothelial cell,CT,blood_vasculature,CL:0000071
CL:1000413$$2194,endothelial cell of artery,CT,blood_vasculature,CL:1000413
CL:0000057$$2195,fibroblast,CT,blood_vasculature,CL:0000057
CL:0000359$$2196,vascular associated smooth muscle cell,CT,blood_vasculature,CL:0000359
FMA:23179,Circumflex scapular artery,AS,blood_vasculature,FMA:23179
CL:0000071$$2197,blood vessel endothelial cell,CT,blood_vasculature,CL:0000071
CL:1000413$$2198,endothelial cell of artery,CT,blood_vasculature,CL:1000413
CL:0000057$$2199,fibroblast,CT,blood_vasculature,CL:0000057
CL:0000359$$2200,vascular associated smooth muscle cell,CT,blood_vasculature,CL:0000359
UBERON:0002011,thoracodorsal artery,AS,blood_vasculature,UBERON:0002011
CL:0000071$$2201,blood vessel endothelial cell,CT,blood_vasculature,CL:0000071
CL:1000413$$2202,endothelial cell of artery,CT,blood_vasculature,CL:1000413
CL:0000057$$2203,fibroblast,CT,blood_vasculature,CL:0000057
CL:0000359$$2204,vascular associated smooth muscle cell,CT,blood_vasculature,CL:0000359
UBERON:0035273,superior thoracic artery,AS,blood_vasculature,UBERON:0035273
CL:0000071$$2205,blood vessel endothelial cell,CT,blood_vasculature,CL:0000071
CL:1000413$$2206,endothelial cell of artery,CT,blood_vasculature,CL:1000413
CL:0000057$$2207,fibroblast,CT,blood_vasculature,CL:0000057
CL:0000359$$2208,vascular associated smooth muscle cell,CT,blood_vasculature,CL:0000359
UBERON:0001395,thoraco-acromial artery,AS,blood_vasculature,UBERON:0001395
CL:0000071$$2209,blood vessel endothelial cell,CT,blood_vasculature,CL:0000071
CL:1000413$$2210,endothelial cell of artery,CT,blood_vasculature,CL:1000413
CL:0000057$$2211,fibroblast,CT,blood_vasculature,CL:0000057
CL:0000359$$2212,vascular associated smooth muscle cell,CT,blood_vasculature,CL:0000359
FMA:23065,Acromial branch of thoraco-acromial artery,AS,blood_vasculature,FMA:23065
CL:0000071$$2213,blood vessel endothelial cell,CT,blood_vasculature,CL:0000071
CL:1000413$$2214,endothelial cell of artery,CT,blood_vasculature,CL:1000413
CL:0000057$$2215,fibroblast,CT,blood_vasculature,CL:0000057
CL:0000359$$2216,vascular associated smooth muscle cell,CT,blood_vasculature,CL:0000359
FMA:23066,Clavicular branch of thoraco-acromial artery,AS,blood_vasculature,FMA:23066
CL:0000071$$2217,blood vessel endothelial cell,CT,blood_vasculature,CL:0000071
CL:1000413$$2218,endothelial cell of artery,CT,blood_vasculature,CL:1000413
CL:0000057$$2219,fibroblast,CT,blood_vasculature,CL:0000057
CL:0000359$$2220,vascular associated smooth muscle cell,CT,blood_vasculature,CL:0000359
FMA:23067,Deltoid branch of thoraco-acromial artery,AS,blood_vasculature,FMA:23067
CL:0000071$$2221,blood vessel endothelial cell,CT,blood_vasculature,CL:0000071
CL:1000413$$2222,endothelial cell of artery,CT,blood_vasculature,CL:1000413
CL:0000057$$2223,fibroblast,CT,blood_vasculature,CL:0000057
CL:0000359$$2224,vascular associated smooth muscle cell,CT,blood_vasculature,CL:0000359
FMA:23062,Pectoral branch of thoraco-acromial artery,AS,blood_vasculature,FMA:23062
CL:0000071$$2225,blood vessel endothelial cell,CT,blood_vasculature,CL:0000071
CL:1000413$$2226,endothelial cell of artery,CT,blood_vasculature,CL:1000413
CL:0000057$$2227,fibroblast,CT,blood_vasculature,CL:0000057
CL:0000359$$2228,vascular associated smooth muscle cell,CT,blood_vasculature,CL:0000359
UBERON:0004688,costo-cervical trunk,AS,blood_vasculature,UBERON:0004688
CL:0000071$$2229,blood vessel endothelial cell,CT,blood_vasculature,CL:0000071
CL:1000413$$2230,endothelial cell of artery,CT,blood_vasculature,CL:1000413
CL:0000057$$2231,fibroblast,CT,blood_vasculature,CL:0000057
CL:0000359$$2232,vascular associated smooth muscle cell,CT,blood_vasculature,CL:0000359
UBERON:0012321,deep cervical artery,AS,blood_vasculature,UBERON:0012321
CL:0000071$$2233,blood vessel endothelial cell,CT,blood_vasculature,CL:0000071
CL:1000413$$2234,endothelial cell of artery,CT,blood_vasculature,CL:1000413
CL:0000057$$2235,fibroblast,CT,blood_vasculature,CL:0000057
CL:0000359$$2236,vascular associated smooth muscle cell,CT,blood_vasculature,CL:0000359
ASCTB-TEMP:segmental-spinal-artery-2,segmental spinal artery #2,AS,blood_vasculature,ASCTB-TEMP:segmental-spinal-artery-2
CL:0000071$$2237,blood vessel endothelial cell,CT,blood_vasculature,CL:0000071
CL:1000413$$2238,endothelial cell of artery,CT,blood_vasculature,CL:1000413
CL:0000057$$2239,fibroblast,CT,blood_vasculature,CL:0000057
CL:0000359$$2240,vascular associated smooth muscle cell,CT,blood_vasculature,CL:0000359
UBERON:0006198,dorsal intercostal artery,AS,blood_vasculature,UBERON:0006198
CL:0000071$$2241,blood vessel endothelial cell,CT,blood_vasculature,CL:0000071
CL:1000413$$2242,endothelial cell of artery,CT,blood_vasculature,CL:1000413
CL:0000057$$2243,fibroblast,CT,blood_vasculature,CL:0000057
CL:0000359$$2244,vascular associated smooth muscle cell,CT,blood_vasculature,CL:0000359
FMA:66241,First posterior intercostal artery,AS,blood_vasculature,FMA:66241
CL:0000071$$2245,blood vessel endothelial cell,CT,blood_vasculature,CL:0000071
CL:1000413$$2246,endothelial cell of artery,CT,blood_vasculature,CL:1000413
CL:0000057$$2247,fibroblast,CT,blood_vasculature,CL:0000057
CL:0000359$$2248,vascular associated smooth muscle cell,CT,blood_vasculature,CL:0000359
FMA:3994,Second posterior intercostal artery,AS,blood_vasculature,FMA:3994
CL:0000071$$2249,blood vessel endothelial cell,CT,blood_vasculature,CL:0000071
CL:1000413$$2250,endothelial cell of artery,CT,blood_vasculature,CL:1000413
CL:0000057$$2251,fibroblast,CT,blood_vasculature,CL:0000057
CL:0000359$$2252,vascular associated smooth muscle cell,CT,blood_vasculature,CL:0000359
FMA:79658,Dorsal scapular artery,AS,blood_vasculature,FMA:79658
CL:0000071$$2253,blood vessel endothelial cell,CT,blood_vasculature,CL:0000071
CL:1000413$$2254,endothelial cell of artery,CT,blood_vasculature,CL:1000413
CL:0000057$$2255,fibroblast,CT,blood_vasculature,CL:0000057
CL:0000359$$2256,vascular associated smooth muscle cell,CT,blood_vasculature,CL:0000359
UBERON:0002456,internal thoracic artery,AS,blood_vasculature,UBERON:0002456
CL:0000071$$2257,blood vessel endothelial cell,CT,blood_vasculature,CL:0000071
CL:1000413$$2258,endothelial cell of artery,CT,blood_vasculature,CL:1000413
CL:0000057$$2259,fibroblast,CT,blood_vasculature,CL:0000057
CL:0000359$$2260,vascular associated smooth muscle cell,CT,blood_vasculature,CL:0000359
FMA:10641,Anterior intercostal artery,AS,blood_vasculature,FMA:10641
CL:0000071$$2261,blood vessel endothelial cell,CT,blood_vasculature,CL:0000071
CL:1000413$$2262,endothelial cell of artery,CT,blood_vasculature,CL:1000413
CL:0000057$$2263,fibroblast,CT,blood_vasculature,CL:0000057
CL:0000359$$2264,vascular associated smooth muscle cell,CT,blood_vasculature,CL:0000359
FMA:10652,First anterior intercostal artery,AS,blood_vasculature,FMA:10652
CL:0000071$$2265,blood vessel endothelial cell,CT,blood_vasculature,CL:0000071
CL:1000413$$2266,endothelial cell of artery,CT,blood_vasculature,CL:1000413
CL:0000057$$2267,fibroblast,CT,blood_vasculature,CL:0000057
CL:0000359$$2268,vascular associated smooth muscle cell,CT,blood_vasculature,CL:0000359
FMA:10653,Second anterior intercostal artery,AS,blood_vasculature,FMA:10653
CL:0000071$$2269,blood vessel endothelial cell,CT,blood_vasculature,CL:0000071
CL:1000413$$2270,endothelial cell of artery,CT,blood_vasculature,CL:1000413
CL:0000057$$2271,fibroblast,CT,blood_vasculature,CL:0000057
CL:0000359$$2272,vascular associated smooth muscle cell,CT,blood_vasculature,CL:0000359
FMA:10654,Third anterior intercostal artery,AS,blood_vasculature,FMA:10654
CL:0000071$$2273,blood vessel endothelial cell,CT,blood_vasculature,CL:0000071
CL:1000413$$2274,endothelial cell of artery,CT,blood_vasculature,CL:1000413
CL:0000057$$2275,fibroblast,CT,blood_vasculature,CL:0000057
CL:0000359$$2276,vascular associated smooth muscle cell,CT,blood_vasculature,CL:0000359
FMA:10655,Fourth anterior intercostal artery,AS,blood_vasculature,FMA:10655
CL:0000071$$2277,blood vessel endothelial cell,CT,blood_vasculature,CL:0000071
CL:1000413$$2278,endothelial cell of artery,CT,blood_vasculature,CL:1000413
CL:0000057$$2279,fibroblast,CT,blood_vasculature,CL:0000057
CL:0000359$$2280,vascular associated smooth muscle cell,CT,blood_vasculature,CL:0000359
FMA:10656,Fifth anterior intercostal artery,AS,blood_vasculature,FMA:10656
CL:0000071$$2281,blood vessel endothelial cell,CT,blood_vasculature,CL:0000071
CL:1000413$$2282,endothelial cell of artery,CT,blood_vasculature,CL:1000413
CL:0000057$$2283,fibroblast,CT,blood_vasculature,CL:0000057
CL:0000359$$2284,vascular associated smooth muscle cell,CT,blood_vasculature,CL:0000359
FMA:10657,Sixth anterior intercostal artery,AS,blood_vasculature,FMA:10657
CL:0000071$$2285,blood vessel endothelial cell,CT,blood_vasculature,CL:0000071
CL:1000413$$2286,endothelial cell of artery,CT,blood_vasculature,CL:1000413
CL:0000057$$2287,fibroblast,CT,blood_vasculature,CL:0000057
CL:0000359$$2288,vascular associated smooth muscle cell,CT,blood_vasculature,CL:0000359
UBERON:0006632,musculo-phrenic artery,AS,blood_vasculature,UBERON:0006632
CL:0000071$$2289,blood vessel endothelial cell,CT,blood_vasculature,CL:0000071
CL:1000413$$2290,endothelial cell of artery,CT,blood_vasculature,CL:1000413
CL:0000057$$2291,fibroblast,CT,blood_vasculature,CL:0000057
CL:0000359$$2292,vascular associated smooth muscle cell,CT,blood_vasculature,CL:0000359
FMA:10649,Seventh anterior intercostal artery,AS,blood_vasculature,FMA:10649
CL:0000071$$2293,blood vessel endothelial cell,CT,blood_vasculature,CL:0000071
CL:1000413$$2294,endothelial cell of artery,CT,blood_vasculature,CL:1000413
CL:0000057$$2295,fibroblast,CT,blood_vasculature,CL:0000057
CL:0000359$$2296,vascular associated smooth muscle cell,CT,blood_vasculature,CL:0000359
FMA:10650,Eighth anterior intercostal artery,AS,blood_vasculature,FMA:10650
CL:0000071$$2297,blood vessel endothelial cell,CT,blood_vasculature,CL:0000071
CL:1000413$$2298,endothelial cell of artery,CT,blood_vasculature,CL:1000413
CL:0000057$$2299,fibroblast,CT,blood_vasculature,CL:0000057
CL:0000359$$2300,vascular associated smooth muscle cell,CT,blood_vasculature,CL:0000359
FMA:10651,Ninth anterior intercostal artery,AS,blood_vasculature,FMA:10651
CL:0000071$$2301,blood vessel endothelial cell,CT,blood_vasculature,CL:0000071
CL:1000413$$2302,endothelial cell of artery,CT,blood_vasculature,CL:1000413
CL:0000057$$2303,fibroblast,CT,blood_vasculature,CL:0000057
CL:0000359$$2304,vascular associated smooth muscle cell,CT,blood_vasculature,CL:0000359
UBERON:8600081,percardiacophrenic artery,AS,blood_vasculature,UBERON:8600081
CL:0000071$$2305,blood vessel endothelial cell,CT,blood_vasculature,CL:0000071
CL:1000413$$2306,endothelial cell of artery,CT,blood_vasculature,CL:1000413
CL:0000057$$2307,fibroblast,CT,blood_vasculature,CL:0000057
CL:0000359$$2308,vascular associated smooth muscle cell,CT,blood_vasculature,CL:0000359
FMA:70370,Perforating branch of internal thoracic artery,AS,blood_vasculature,FMA:70370
CL:0000071$$2309,blood vessel endothelial cell,CT,blood_vasculature,CL:0000071
CL:1000413$$2310,endothelial cell of artery,CT,blood_vasculature,CL:1000413
CL:0000057$$2311,fibroblast,CT,blood_vasculature,CL:0000057
CL:0000359$$2312,vascular associated smooth muscle cell,CT,blood_vasculature,CL:0000359
FMA:10648,Mammary branch of internal thoracic artery,AS,blood_vasculature,FMA:10648
CL:0000071$$2313,blood vessel endothelial cell,CT,blood_vasculature,CL:0000071
CL:1000413$$2314,endothelial cell of artery,CT,blood_vasculature,CL:1000413
CL:0000057$$2315,fibroblast,CT,blood_vasculature,CL:0000057
CL:0000359$$2316,vascular associated smooth muscle cell,CT,blood_vasculature,CL:0000359
UBERON:0007153,superior epigastric artery,AS,blood_vasculature,UBERON:0007153
CL:0000071$$2317,blood vessel endothelial cell,CT,blood_vasculature,CL:0000071
CL:1000413$$2318,endothelial cell of artery,CT,blood_vasculature,CL:1000413
CL:0000057$$2319,fibroblast,CT,blood_vasculature,CL:0000057
CL:0000359$$2320,vascular associated smooth muscle cell,CT,blood_vasculature,CL:0000359
UBERON:0018243,thymic artery,AS,blood_vasculature,UBERON:0018243
CL:0000071$$2321,blood vessel endothelial cell,CT,blood_vasculature,CL:0000071
CL:1000413$$2322,endothelial cell of artery,CT,blood_vasculature,CL:1000413
CL:0000057$$2323,fibroblast,CT,blood_vasculature,CL:0000057
CL:0000359$$2324,vascular associated smooth muscle cell,CT,blood_vasculature,CL:0000359
ASCTB-TEMP:thymic-arteriole,thymic arteriole,AS,blood_vasculature,ASCTB-TEMP:thymic-arteriole
CL:0000071$$2325,blood vessel endothelial cell,CT,blood_vasculature,CL:0000071
CL:1000412$$2326,endothelial cell of arteriole,CT,blood_vasculature,CL:1000412
CL:0000057$$2327,fibroblast,CT,blood_vasculature,CL:0000057
CL:0000359$$2328,vascular associated smooth muscle cell,CT,blood_vasculature,CL:0000359
FMA:280943,Capillary network of thymus,AS,blood_vasculature,FMA:280943
CL:0000071$$2329,blood vessel endothelial cell,CT,blood_vasculature,CL:0000071
CL:0002144$$2330,capillary endothelial cell,CT,blood_vasculature,CL:0002144
UBERON:8600062,thyrocervical trunk,AS,blood_vasculature,UBERON:8600062
CL:0000071$$2331,blood vessel endothelial cell,CT,blood_vasculature,CL:0000071
CL:1000413$$2332,endothelial cell of artery,CT,blood_vasculature,CL:1000413
CL:0000057$$2333,fibroblast,CT,blood_vasculature,CL:0000057
CL:0000359$$2334,vascular associated smooth muscle cell,CT,blood_vasculature,CL:0000359
UBERON:0007149,inferior thyroid artery,AS,blood_vasculature,UBERON:0007149
CL:0000071$$2335,blood vessel endothelial cell,CT,blood_vasculature,CL:0000071
CL:1000413$$2336,endothelial cell of artery,CT,blood_vasculature,CL:1000413
CL:0000057$$2337,fibroblast,CT,blood_vasculature,CL:0000057
CL:0000359$$2338,vascular associated smooth muscle cell,CT,blood_vasculature,CL:0000359
UBERON:0012322,ascending cervical artery,AS,blood_vasculature,UBERON:0012322
CL:0000071$$2339,blood vessel endothelial cell,CT,blood_vasculature,CL:0000071
CL:1000413$$2340,endothelial cell of artery,CT,blood_vasculature,CL:1000413
CL:0000057$$2341,fibroblast,CT,blood_vasculature,CL:0000057
CL:0000359$$2342,vascular associated smooth muscle cell,CT,blood_vasculature,CL:0000359
ASCTB-TEMP:segmental-spinal-artery,segmental spinal artery,AS,blood_vasculature,ASCTB-TEMP:segmental-spinal-artery
CL:0000071$$2343,blood vessel endothelial cell,CT,blood_vasculature,CL:0000071
CL:1000413$$2344,endothelial cell of artery,CT,blood_vasculature,CL:1000413
CL:0000057$$2345,fibroblast,CT,blood_vasculature,CL:0000057
CL:0000359$$2346,vascular associated smooth muscle cell,CT,blood_vasculature,CL:0000359
FMA:4183,Anterior radicular branch of posterior intercostal artery,AS,blood_vasculature,FMA:4183
CL:0000071$$2347,blood vessel endothelial cell,CT,blood_vasculature,CL:0000071
CL:1000413$$2348,endothelial cell of artery,CT,blood_vasculature,CL:1000413
CL:0000057$$2349,fibroblast,CT,blood_vasculature,CL:0000057
CL:0000359$$2350,vascular associated smooth muscle cell,CT,blood_vasculature,CL:0000359
ASCTB-TEMP:anterior-segmental-medullary-artery,anterior segmental medullary artery,AS,blood_vasculature,ASCTB-TEMP:anterior-segmental-medullary-artery
CL:0000071$$2351,blood vessel endothelial cell,CT,blood_vasculature,CL:0000071
CL:1000413$$2352,endothelial cell of artery,CT,blood_vasculature,CL:1000413
CL:0000057$$2353,fibroblast,CT,blood_vasculature,CL:0000057
CL:0000359$$2354,vascular associated smooth muscle cell,CT,blood_vasculature,CL:0000359
FMA:4184,Posterior radicular branch of posterior intercostal artery,AS,blood_vasculature,FMA:4184
CL:0000071$$2355,blood vessel endothelial cell,CT,blood_vasculature,CL:0000071
CL:1000413$$2356,endothelial cell of artery,CT,blood_vasculature,CL:1000413
CL:0000057$$2357,fibroblast,CT,blood_vasculature,CL:0000057
CL:0000359$$2358,vascular associated smooth muscle cell,CT,blood_vasculature,CL:0000359
ASCTB-TEMP:posterior-segmental-medullary-artery,posterior segmental medullary artery,AS,blood_vasculature,ASCTB-TEMP:posterior-segmental-medullary-artery
CL:0000071$$2359,blood vessel endothelial cell,CT,blood_vasculature,CL:0000071
CL:1000413$$2360,endothelial cell of artery,CT,blood_vasculature,CL:1000413
CL:0000057$$2361,fibroblast,CT,blood_vasculature,CL:0000057
CL:0000359$$2362,vascular associated smooth muscle cell,CT,blood_vasculature,CL:0000359
FMA:52492,Inferior laryngeal artery,AS,blood_vasculature,FMA:52492
CL:0000071$$2363,blood vessel endothelial cell,CT,blood_vasculature,CL:0000071
CL:1000413$$2364,endothelial cell of artery,CT,blood_vasculature,CL:1000413
CL:0000057$$2365,fibroblast,CT,blood_vasculature,CL:0000057
CL:0000359$$2366,vascular associated smooth muscle cell,CT,blood_vasculature,CL:0000359
FMA:71523,Set of pharyngeal branches of inferior thyroid artery,AS,blood_vasculature,FMA:71523
CL:0000071$$2367,blood vessel endothelial cell,CT,blood_vasculature,CL:0000071
CL:1000413$$2368,endothelial cell of artery,CT,blood_vasculature,CL:1000413
CL:0000057$$2369,fibroblast,CT,blood_vasculature,CL:0000057
CL:0000359$$2370,vascular associated smooth muscle cell,CT,blood_vasculature,CL:0000359
FMA:71525,Set of tracheal branches of inferior thyroid artery,AS,blood_vasculature,FMA:71525
CL:0000071$$2371,blood vessel endothelial cell,CT,blood_vasculature,CL:0000071
CL:1000413$$2372,endothelial cell of artery,CT,blood_vasculature,CL:1000413
CL:0000057$$2373,fibroblast,CT,blood_vasculature,CL:0000057
CL:0000359$$2374,vascular associated smooth muscle cell,CT,blood_vasculature,CL:0000359
FMA:10663,Suprascapular artery,AS,blood_vasculature,FMA:10663
CL:0000071$$2375,blood vessel endothelial cell,CT,blood_vasculature,CL:0000071
CL:1000413$$2376,endothelial cell of artery,CT,blood_vasculature,CL:1000413
CL:0000057$$2377,fibroblast,CT,blood_vasculature,CL:0000057
CL:0000359$$2378,vascular associated smooth muscle cell,CT,blood_vasculature,CL:0000359
UBERON:0012324,transverse cervical artery,AS,blood_vasculature,UBERON:0012324
CL:0000071$$2379,blood vessel endothelial cell,CT,blood_vasculature,CL:0000071
CL:1000413$$2380,endothelial cell of artery,CT,blood_vasculature,CL:1000413
CL:0000057$$2381,fibroblast,CT,blood_vasculature,CL:0000057
CL:0000359$$2382,vascular associated smooth muscle cell,CT,blood_vasculature,CL:0000359
FMA:79658$$2383,Dorsal scapular artery,AS,blood_vasculature,FMA:79658
CL:0000071$$2384,blood vessel endothelial cell,CT,blood_vasculature,CL:0000071
CL:1000413$$2385,endothelial cell of artery,CT,blood_vasculature,CL:1000413
CL:0000057$$2386,fibroblast,CT,blood_vasculature,CL:0000057
CL:0000359$$2387,vascular associated smooth muscle cell,CT,blood_vasculature,CL:0000359
UBERON:0001071,superficial cervical artery,AS,blood_vasculature,UBERON:0001071
CL:0000071$$2388,blood vessel endothelial cell,CT,blood_vasculature,CL:0000071
CL:1000413$$2389,endothelial cell of artery,CT,blood_vasculature,CL:1000413
CL:0000057$$2390,fibroblast,CT,blood_vasculature,CL:0000057
CL:0000359$$2391,vascular associated smooth muscle cell,CT,blood_vasculature,CL:0000359
UBERON:0001535,vertebral artery,AS,blood_vasculature,UBERON:0001535
CL:0000071$$2392,blood vessel endothelial cell,CT,blood_vasculature,CL:0000071
CL:1000413$$2393,endothelial cell of artery,CT,blood_vasculature,CL:1000413
CL:0000057$$2394,fibroblast,CT,blood_vasculature,CL:0000057
CL:0000359$$2395,vascular associated smooth muscle cell,CT,blood_vasculature,CL:0000359
UBERON:0005431,anterior spinal artery,AS,blood_vasculature,UBERON:0005431
CL:0000071$$2396,blood vessel endothelial cell,CT,blood_vasculature,CL:0000071
CL:1000413$$2397,endothelial cell of artery,CT,blood_vasculature,CL:1000413
CL:0000057$$2398,fibroblast,CT,blood_vasculature,CL:0000057
CL:0000359$$2399,vascular associated smooth muscle cell,CT,blood_vasculature,CL:0000359
ASCTB-TEMP:sulcal-artery,sulcal artery,AS,blood_vasculature,ASCTB-TEMP:sulcal-artery
CL:0000071$$2400,blood vessel endothelial cell,CT,blood_vasculature,CL:0000071
CL:1000413$$2401,endothelial cell of artery,CT,blood_vasculature,CL:1000413
CL:0000057$$2402,fibroblast,CT,blood_vasculature,CL:0000057
CL:0000359$$2403,vascular associated smooth muscle cell,CT,blood_vasculature,CL:0000359
UBERON:0001633,basilar artery,AS,blood_vasculature,UBERON:0001633
CL:0000071$$2404,blood vessel endothelial cell,CT,blood_vasculature,CL:0000071
CL:1000413$$2405,endothelial cell of artery,CT,blood_vasculature,CL:1000413
CL:0000057$$2406,fibroblast,CT,blood_vasculature,CL:0000057
CL:0000359$$2407,vascular associated smooth muscle cell,CT,blood_vasculature,CL:0000359
UBERON:0009689,anterior inferior cerebellar artery,AS,blood_vasculature,UBERON:0009689
CL:0000071$$2408,blood vessel endothelial cell,CT,blood_vasculature,CL:0000071
CL:1000413$$2409,endothelial cell of artery,CT,blood_vasculature,CL:1000413
CL:0000057$$2410,fibroblast,CT,blood_vasculature,CL:0000057
CL:0000359$$2411,vascular associated smooth muscle cell,CT,blood_vasculature,CL:0000359
UBERON:0018231,labyrinthine artery,AS,blood_vasculature,UBERON:0018231
CL:0000071$$2412,blood vessel endothelial cell,CT,blood_vasculature,CL:0000071
CL:1000413$$2413,endothelial cell of artery,CT,blood_vasculature,CL:1000413
CL:0000057$$2414,fibroblast,CT,blood_vasculature,CL:0000057
CL:0000359$$2415,vascular associated smooth muscle cell,CT,blood_vasculature,CL:0000359
FMA:52239,Anterior vestibular artery,AS,blood_vasculature,FMA:52239
CL:0000071$$2416,blood vessel endothelial cell,CT,blood_vasculature,CL:0000071
CL:1000413$$2417,endothelial cell of artery,CT,blood_vasculature,CL:1000413
CL:0000057$$2418,fibroblast,CT,blood_vasculature,CL:0000057
CL:0000359$$2419,vascular associated smooth muscle cell,CT,blood_vasculature,CL:0000359
FMA:52242,Common cochlear artery,AS,blood_vasculature,FMA:52242
CL:0000071$$2420,blood vessel endothelial cell,CT,blood_vasculature,CL:0000071
CL:1000413$$2421,endothelial cell of artery,CT,blood_vasculature,CL:1000413
CL:0000057$$2422,fibroblast,CT,blood_vasculature,CL:0000057
CL:0000359$$2423,vascular associated smooth muscle cell,CT,blood_vasculature,CL:0000359
ASCTB-TEMP:main-cochlear-artery,main cochlear artery,AS,blood_vasculature,ASCTB-TEMP:main-cochlear-artery
CL:0000071$$2424,blood vessel endothelial cell,CT,blood_vasculature,CL:0000071
CL:1000413$$2425,endothelial cell of artery,CT,blood_vasculature,CL:1000413
CL:0000057$$2426,fibroblast,CT,blood_vasculature,CL:0000057
CL:0000359$$2427,vascular associated smooth muscle cell,CT,blood_vasculature,CL:0000359
ASCTB-TEMP:posterior-vestibular-artery,posterior vestibular artery,AS,blood_vasculature,ASCTB-TEMP:posterior-vestibular-artery
CL:0000071$$2428,blood vessel endothelial cell,CT,blood_vasculature,CL:0000071
CL:1000413$$2429,endothelial cell of artery,CT,blood_vasculature,CL:1000413
CL:0000057$$2430,fibroblast,CT,blood_vasculature,CL:0000057
CL:0000359$$2431,vascular associated smooth muscle cell,CT,blood_vasculature,CL:0000359
UBERON:0002505,spiral modiolar artery,AS,blood_vasculature,UBERON:0002505
CL:0000071$$2432,blood vessel endothelial cell,CT,blood_vasculature,CL:0000071
CL:1000413$$2433,endothelial cell of artery,CT,blood_vasculature,CL:1000413
CL:0000057$$2434,fibroblast,CT,blood_vasculature,CL:0000057
CL:0000359$$2435,vascular associated smooth muscle cell,CT,blood_vasculature,CL:0000359
FMA:52246,Vestibulocochlear artery,AS,blood_vasculature,FMA:52246
CL:0000071$$2436,blood vessel endothelial cell,CT,blood_vasculature,CL:0000071
CL:1000413$$2437,endothelial cell of artery,CT,blood_vasculature,CL:1000413
CL:0000057$$2438,fibroblast,CT,blood_vasculature,CL:0000057
CL:0000359$$2439,vascular associated smooth muscle cell,CT,blood_vasculature,CL:0000359
FMA:71492,Set of paramedian arteries,AS,blood_vasculature,FMA:71492
CL:0000071$$2440,blood vessel endothelial cell,CT,blood_vasculature,CL:0000071
CL:1000413$$2441,endothelial cell of artery,CT,blood_vasculature,CL:1000413
CL:0000057$$2442,fibroblast,CT,blood_vasculature,CL:0000057
CL:0000359$$2443,vascular associated smooth muscle cell,CT,blood_vasculature,CL:0000359
FMA:50560,Pontine artery,AS,blood_vasculature,FMA:50560
CL:0000071$$2444,blood vessel endothelial cell,CT,blood_vasculature,CL:0000071
CL:1000413$$2445,endothelial cell of artery,CT,blood_vasculature,CL:1000413
CL:0000057$$2446,fibroblast,CT,blood_vasculature,CL:0000057
CL:0000359$$2447,vascular associated smooth muscle cell,CT,blood_vasculature,CL:0000359
UBERON:0001636,posterior cerebral artery,AS,blood_vasculature,UBERON:0001636
CL:0000071$$2448,blood vessel endothelial cell,CT,blood_vasculature,CL:0000071
CL:1000413$$2449,endothelial cell of artery,CT,blood_vasculature,CL:1000413
CL:0000057$$2450,fibroblast,CT,blood_vasculature,CL:0000057
CL:0000359$$2451,vascular associated smooth muscle cell,CT,blood_vasculature,CL:0000359
UBERON:0035183,calcarine artery,AS,blood_vasculature,UBERON:0035183
CL:0000071$$2452,blood vessel endothelial cell,CT,blood_vasculature,CL:0000071
CL:1000413$$2453,endothelial cell of artery,CT,blood_vasculature,CL:1000413
CL:0000057$$2454,fibroblast,CT,blood_vasculature,CL:0000057
CL:0000359$$2455,vascular associated smooth muscle cell,CT,blood_vasculature,CL:0000359
FMA:50631,Posterior lateral choroidal artery,AS,blood_vasculature,FMA:50631
CL:0000071$$2456,blood vessel endothelial cell,CT,blood_vasculature,CL:0000071
CL:1000413$$2457,endothelial cell of artery,CT,blood_vasculature,CL:1000413
CL:0000057$$2458,fibroblast,CT,blood_vasculature,CL:0000057
CL:0000359$$2459,vascular associated smooth muscle cell,CT,blood_vasculature,CL:0000359
FMA:50638,Medial occipital artery,AS,blood_vasculature,FMA:50638
CL:0000071$$2460,blood vessel endothelial cell,CT,blood_vasculature,CL:0000071
CL:1000413$$2461,endothelial cell of artery,CT,blood_vasculature,CL:1000413
CL:0000057$$2462,fibroblast,CT,blood_vasculature,CL:0000057
CL:0000359$$2463,vascular associated smooth muscle cell,CT,blood_vasculature,CL:0000359
FMA:50630,Posterior medial choroidal artery,AS,blood_vasculature,FMA:50630
CL:0000071$$2464,blood vessel endothelial cell,CT,blood_vasculature,CL:0000071
CL:1000413$$2465,endothelial cell of artery,CT,blood_vasculature,CL:1000413
CL:0000057$$2466,fibroblast,CT,blood_vasculature,CL:0000057
CL:0000359$$2467,vascular associated smooth muscle cell,CT,blood_vasculature,CL:0000359
UBERON:0001634,mesencephalic artery,AS,blood_vasculature,UBERON:0001634
CL:0000071$$2468,blood vessel endothelial cell,CT,blood_vasculature,CL:0000071
CL:1000413$$2469,endothelial cell of artery,CT,blood_vasculature,CL:1000413
CL:0000057$$2470,fibroblast,CT,blood_vasculature,CL:0000057
CL:0000359$$2471,vascular associated smooth muscle cell,CT,blood_vasculature,CL:0000359
FMA:50629,Thalamogeniculate artery,AS,blood_vasculature,FMA:50629
CL:0000071$$2472,blood vessel endothelial cell,CT,blood_vasculature,CL:0000071
CL:1000413$$2473,endothelial cell of artery,CT,blood_vasculature,CL:1000413
CL:0000057$$2474,fibroblast,CT,blood_vasculature,CL:0000057
CL:0000359$$2475,vascular associated smooth muscle cell,CT,blood_vasculature,CL:0000359
FMA:50624,Thalamoperforating artery,AS,blood_vasculature,FMA:50624
CL:0000071$$2476,blood vessel endothelial cell,CT,blood_vasculature,CL:0000071
CL:1000413$$2477,endothelial cell of artery,CT,blood_vasculature,CL:1000413
CL:0000057$$2478,fibroblast,CT,blood_vasculature,CL:0000057
CL:0000359$$2479,vascular associated smooth muscle cell,CT,blood_vasculature,CL:0000359
UBERON:0001635,superior cerebellar artery,AS,blood_vasculature,UBERON:0001635
CL:0000071$$2480,blood vessel endothelial cell,CT,blood_vasculature,CL:0000071
CL:1000413$$2481,endothelial cell of artery,CT,blood_vasculature,CL:1000413
CL:0000057$$2482,fibroblast,CT,blood_vasculature,CL:0000057
CL:0000359$$2483,vascular associated smooth muscle cell,CT,blood_vasculature,CL:0000359
UBERON:0009688,posterior inferior cerebellar artery,AS,blood_vasculature,UBERON:0009688
CL:0000071$$2484,blood vessel endothelial cell,CT,blood_vasculature,CL:0000071
CL:1000413$$2485,endothelial cell of artery,CT,blood_vasculature,CL:1000413
CL:0000057$$2486,fibroblast,CT,blood_vasculature,CL:0000057
CL:0000359$$2487,vascular associated smooth muscle cell,CT,blood_vasculature,CL:0000359
UBERON:0007146,posterior spinal artery,AS,blood_vasculature,UBERON:0007146
CL:0000071$$2488,blood vessel endothelial cell,CT,blood_vasculature,CL:0000071
CL:1000413$$2489,endothelial cell of artery,CT,blood_vasculature,CL:1000413
CL:0000057$$2490,fibroblast,CT,blood_vasculature,CL:0000057
CL:0000359$$2491,vascular associated smooth muscle cell,CT,blood_vasculature,CL:0000359
ASCTB-TEMP:segmental-spinal-artery-5,segmental spinal artery #5,AS,blood_vasculature,ASCTB-TEMP:segmental-spinal-artery-5
CL:0000071$$2492,blood vessel endothelial cell,CT,blood_vasculature,CL:0000071
CL:1000413$$2493,endothelial cell of artery,CT,blood_vasculature,CL:1000413
CL:0000057$$2494,fibroblast,CT,blood_vasculature,CL:0000057
CL:0000359$$2495,vascular associated smooth muscle cell,CT,blood_vasculature,CL:0000359
UBERON:0001626,left coronary artery,AS,blood_vasculature,UBERON:0001626
CL:0000071$$2496,blood vessel endothelial cell,CT,blood_vasculature,CL:0000071
CL:1000413$$2497,endothelial cell of artery,CT,blood_vasculature,CL:1000413
CL:0000057$$2498,fibroblast,CT,blood_vasculature,CL:0000057
CL:0000359$$2499,vascular associated smooth muscle cell,CT,blood_vasculature,CL:0000359
UBERON:8600102,left anterior descending artery,AS,blood_vasculature,UBERON:8600102
CL:0000071$$2500,blood vessel endothelial cell,CT,blood_vasculature,CL:0000071
CL:1000413$$2501,endothelial cell of artery,CT,blood_vasculature,CL:1000413
CL:0000057$$2502,fibroblast,CT,blood_vasculature,CL:0000057
CL:0000359$$2503,vascular associated smooth muscle cell,CT,blood_vasculature,CL:0000359
FMA:3860,Diagonal branch of anterior descending branch of left coronary artery,AS,blood_vasculature,FMA:3860
CL:0000071$$2504,blood vessel endothelial cell,CT,blood_vasculature,CL:0000071
CL:1000413$$2505,endothelial cell of artery,CT,blood_vasculature,CL:1000413
CL:0000057$$2506,fibroblast,CT,blood_vasculature,CL:0000057
CL:0000359$$2507,vascular associated smooth muscle cell,CT,blood_vasculature,CL:0000359
FMA:322901,First diagonal branch of anterior descending branch of left coronary artery,AS,blood_vasculature,FMA:322901
CL:0000071$$2508,blood vessel endothelial cell,CT,blood_vasculature,CL:0000071
CL:1000413$$2509,endothelial cell of artery,CT,blood_vasculature,CL:1000413
CL:0000057$$2510,fibroblast,CT,blood_vasculature,CL:0000057
CL:0000359$$2511,vascular associated smooth muscle cell,CT,blood_vasculature,CL:0000359
FMA:322902,Second diagonal branch of anterior descending branch of left coronary artery,AS,blood_vasculature,FMA:322902
CL:0000071$$2512,blood vessel endothelial cell,CT,blood_vasculature,CL:0000071
CL:1000413$$2513,endothelial cell of artery,CT,blood_vasculature,CL:1000413
CL:0000057$$2514,fibroblast,CT,blood_vasculature,CL:0000057
CL:0000359$$2515,vascular associated smooth muscle cell,CT,blood_vasculature,CL:0000359
UBERON:8600063,septal perforating artery,AS,blood_vasculature,UBERON:8600063
CL:0000071$$2516,blood vessel endothelial cell,CT,blood_vasculature,CL:0000071
CL:1000413$$2517,endothelial cell of artery,CT,blood_vasculature,CL:1000413
CL:0000057$$2518,fibroblast,CT,blood_vasculature,CL:0000057
CL:0000359$$2519,vascular associated smooth muscle cell,CT,blood_vasculature,CL:0000359
UBERON:0035422,circumflex branch of left coronary artery,AS,blood_vasculature,UBERON:0035422
CL:0000071$$2520,blood vessel endothelial cell,CT,blood_vasculature,CL:0000071
CL:1000413$$2521,endothelial cell of artery,CT,blood_vasculature,CL:1000413
CL:0000057$$2522,fibroblast,CT,blood_vasculature,CL:0000057
CL:0000359$$2523,vascular associated smooth muscle cell,CT,blood_vasculature,CL:0000359
FMA:322905,First left marginal artery,AS,blood_vasculature,FMA:322905
CL:0000071$$2524,blood vessel endothelial cell,CT,blood_vasculature,CL:0000071
CL:1000413$$2525,endothelial cell of artery,CT,blood_vasculature,CL:1000413
CL:0000057$$2526,fibroblast,CT,blood_vasculature,CL:0000057
CL:0000359$$2527,vascular associated smooth muscle cell,CT,blood_vasculature,CL:0000359
FMA:322906,Second left marginal artery,AS,blood_vasculature,FMA:322906
CL:0000071$$2528,blood vessel endothelial cell,CT,blood_vasculature,CL:0000071
CL:1000413$$2529,endothelial cell of artery,CT,blood_vasculature,CL:1000413
CL:0000057$$2530,fibroblast,CT,blood_vasculature,CL:0000057
CL:0000359$$2531,vascular associated smooth muscle cell,CT,blood_vasculature,CL:0000359
UBERON:8600064,posterolateral artery,AS,blood_vasculature,UBERON:8600064
CL:0000071$$2532,blood vessel endothelial cell,CT,blood_vasculature,CL:0000071
CL:1000413$$2533,endothelial cell of artery,CT,blood_vasculature,CL:1000413
CL:0000057$$2534,fibroblast,CT,blood_vasculature,CL:0000057
CL:0000359$$2535,vascular associated smooth muscle cell,CT,blood_vasculature,CL:0000359
UBERON:0001625,right coronary artery,AS,blood_vasculature,UBERON:0001625
CL:0000071$$2536,blood vessel endothelial cell,CT,blood_vasculature,CL:0000071
CL:1000413$$2537,endothelial cell of artery,CT,blood_vasculature,CL:1000413
CL:0000057$$2538,fibroblast,CT,blood_vasculature,CL:0000057
CL:0000359$$2539,vascular associated smooth muscle cell,CT,blood_vasculature,CL:0000359
FMA:3851,Atrioventricular node branch of right coronary artery,AS,blood_vasculature,FMA:3851
CL:0000071$$2540,blood vessel endothelial cell,CT,blood_vasculature,CL:0000071
CL:1000413$$2541,endothelial cell of artery,CT,blood_vasculature,CL:1000413
CL:0000057$$2542,fibroblast,CT,blood_vasculature,CL:0000057
CL:0000359$$2543,vascular associated smooth muscle cell,CT,blood_vasculature,CL:0000359
UBERON:0039232,conus artery,AS,blood_vasculature,UBERON:0039232
CL:0000071$$2544,blood vessel endothelial cell,CT,blood_vasculature,CL:0000071
CL:1000413$$2545,endothelial cell of artery,CT,blood_vasculature,CL:1000413
CL:0000057$$2546,fibroblast,CT,blood_vasculature,CL:0000057
CL:0000359$$2547,vascular associated smooth muscle cell,CT,blood_vasculature,CL:0000359
FMA:3840,Posterior interventricular branch of right coronary artery,AS,blood_vasculature,FMA:3840
CL:0000071$$2548,blood vessel endothelial cell,CT,blood_vasculature,CL:0000071
CL:1000413$$2549,endothelial cell of artery,CT,blood_vasculature,CL:1000413
CL:0000057$$2550,fibroblast,CT,blood_vasculature,CL:0000057
CL:0000359$$2551,vascular associated smooth muscle cell,CT,blood_vasculature,CL:0000359
ASCTB-TEMP:septal-perforating-artery-2,septal perforating artery #2,AS,blood_vasculature,ASCTB-TEMP:septal-perforating-artery-2
CL:0000071$$2552,blood vessel endothelial cell,CT,blood_vasculature,CL:0000071
CL:1000413$$2553,endothelial cell of artery,CT,blood_vasculature,CL:1000413
CL:0000057$$2554,fibroblast,CT,blood_vasculature,CL:0000057
CL:0000359$$2555,vascular associated smooth muscle cell,CT,blood_vasculature,CL:0000359
FMA:3818,Marginal branch of right coronary artery,AS,blood_vasculature,FMA:3818
CL:0000071$$2556,blood vessel endothelial cell,CT,blood_vasculature,CL:0000071
CL:1000413$$2557,endothelial cell of artery,CT,blood_vasculature,CL:1000413
CL:0000057$$2558,fibroblast,CT,blood_vasculature,CL:0000057
CL:0000359$$2559,vascular associated smooth muscle cell,CT,blood_vasculature,CL:0000359
FMA:3823,Sinoatrial nodal branch of right coronary artery,AS,blood_vasculature,FMA:3823
CL:0000071$$2560,blood vessel endothelial cell,CT,blood_vasculature,CL:0000071
CL:1000413$$2561,endothelial cell of artery,CT,blood_vasculature,CL:1000413
CL:0000057$$2562,fibroblast,CT,blood_vasculature,CL:0000057
CL:0000359$$2563,vascular associated smooth muscle cell,CT,blood_vasculature,CL:0000359
UBERON:0002078,right cardiac atrium,AS,blood_vasculature,UBERON:0002078
CL:0010008$$2564,cardiac endothelial cell,CT,blood_vasculature,CL:0010008
FMA:76767,Anterior cardiac vein,AS,blood_vasculature,FMA:76767
CL:0000071$$2565,blood vessel endothelial cell,CT,blood_vasculature,CL:0000071
CL:0002543$$2566,vein endothelial cell,CT,blood_vasculature,CL:0002543
UBERON:0005438,coronary sinus,AS,blood_vasculature,UBERON:0005438
CL:0000071$$2567,blood vessel endothelial cell,CT,blood_vasculature,CL:0000071
UBERON:0006958,great vein of heart,AS,blood_vasculature,UBERON:0006958
CL:0000071$$2568,blood vessel endothelial cell,CT,blood_vasculature,CL:0000071
CL:0002543$$2569,vein endothelial cell,CT,blood_vasculature,CL:0002543
FMA:4708,Left marginal vein,AS,blood_vasculature,FMA:4708
CL:0000071$$2570,blood vessel endothelial cell,CT,blood_vasculature,CL:0000071
CL:0002543$$2571,vein endothelial cell,CT,blood_vasculature,CL:0002543
UBERON:0009687,middle cardiac vein,AS,blood_vasculature,UBERON:0009687
CL:0000071$$2572,blood vessel endothelial cell,CT,blood_vasculature,CL:0000071
CL:0002543$$2573,vein endothelial cell,CT,blood_vasculature,CL:0002543
FMA:4715,Oblique vein of left atrium,AS,blood_vasculature,FMA:4715
CL:0000071$$2574,blood vessel endothelial cell,CT,blood_vasculature,CL:0000071
CL:0002543$$2575,vein endothelial cell,CT,blood_vasculature,CL:0002543
FMA:4712,Posterior vein of left ventricle,AS,blood_vasculature,FMA:4712
CL:0000071$$2576,blood vessel endothelial cell,CT,blood_vasculature,CL:0000071
CL:0002543$$2577,vein endothelial cell,CT,blood_vasculature,CL:0002543
UBERON:0035374,small cardiac vein,AS,blood_vasculature,UBERON:0035374
CL:0000071$$2578,blood vessel endothelial cell,CT,blood_vasculature,CL:0000071
CL:0002543$$2579,vein endothelial cell,CT,blood_vasculature,CL:0002543
UBERON:0001072,posterior vena cava,AS,blood_vasculature,UBERON:0001072
CL:0000071$$2580,blood vessel endothelial cell,CT,blood_vasculature,CL:0000071
CL:0002543$$2581,vein endothelial cell,CT,blood_vasculature,CL:0002543
UBERON:0001139,common iliac vein,AS,blood_vasculature,UBERON:0001139
CL:0000071$$2582,blood vessel endothelial cell,CT,blood_vasculature,CL:0000071
CL:0002543$$2583,vein endothelial cell,CT,blood_vasculature,CL:0002543
UBERON:0001316,external iliac vein,AS,blood_vasculature,UBERON:0001316
CL:0000071$$2584,blood vessel endothelial cell,CT,blood_vasculature,CL:0000071
CL:0002543$$2585,vein endothelial cell,CT,blood_vasculature,CL:0002543
UBERON:0001360,deep circumflex iliac vein,AS,blood_vasculature,UBERON:0001360
CL:0000071$$2586,blood vessel endothelial cell,CT,blood_vasculature,CL:0000071
CL:0002543$$2587,vein endothelial cell,CT,blood_vasculature,CL:0002543
UBERON:0001361,femoral vein,AS,blood_vasculature,UBERON:0001361
CL:0000071$$2588,blood vessel endothelial cell,CT,blood_vasculature,CL:0000071
CL:0002543$$2589,vein endothelial cell,CT,blood_vasculature,CL:0002543
UBERON:0001363,great saphenous vein,AS,blood_vasculature,UBERON:0001363
CL:0000071$$2590,blood vessel endothelial cell,CT,blood_vasculature,CL:0000071
CL:0002543$$2591,vein endothelial cell,CT,blood_vasculature,CL:0002543
ASCTB-TEMP:anterior-accessory-saphenous-vein,anterior accessory saphenous vein,AS,blood_vasculature,ASCTB-TEMP:anterior-accessory-saphenous-vein
CL:0000071$$2592,blood vessel endothelial cell,CT,blood_vasculature,CL:0000071
CL:0002543$$2593,vein endothelial cell,CT,blood_vasculature,CL:0002543
UBERON:0009048,deep external pudendal vein,AS,blood_vasculature,UBERON:0009048
CL:0000071$$2594,blood vessel endothelial cell,CT,blood_vasculature,CL:0000071
CL:0002543$$2595,vein endothelial cell,CT,blood_vasculature,CL:0002543
UBERON:0018253,external pudendal vein,AS,blood_vasculature,UBERON:0018253
CL:0000071$$2596,blood vessel endothelial cell,CT,blood_vasculature,CL:0000071
CL:0002543$$2597,vein endothelial cell,CT,blood_vasculature,CL:0002543
UBERON:0001550,medial marginal vein,AS,blood_vasculature,UBERON:0001550
CL:0000071$$2598,blood vessel endothelial cell,CT,blood_vasculature,CL:0000071
CL:0002543$$2599,vein endothelial cell,CT,blood_vasculature,CL:0002543
UBERON:0008783,dorsal venous arch,AS,blood_vasculature,UBERON:0008783
CL:0000071$$2600,blood vessel endothelial cell,CT,blood_vasculature,CL:0000071
CL:0002543$$2601,vein endothelial cell,CT,blood_vasculature,CL:0002543
ASCTB-TEMP:posterior-accessory-saphenous-vein,posterior accessory saphenous vein,AS,blood_vasculature,ASCTB-TEMP:posterior-accessory-saphenous-vein
CL:0000071$$2602,blood vessel endothelial cell,CT,blood_vasculature,CL:0000071
CL:0002543$$2603,vein endothelial cell,CT,blood_vasculature,CL:0002543
UBERON:0014692,superficial epigastric vein,AS,blood_vasculature,UBERON:0014692
CL:0000071$$2604,blood vessel endothelial cell,CT,blood_vasculature,CL:0000071
CL:0002543$$2605,vein endothelial cell,CT,blood_vasculature,CL:0002543
UBERON:0009049,superficial external pudendal vein,AS,blood_vasculature,UBERON:0009049
CL:0000071$$2606,blood vessel endothelial cell,CT,blood_vasculature,CL:0000071
CL:0002543$$2607,vein endothelial cell,CT,blood_vasculature,CL:0002543
UBERON:8600082,superficial iliac circumflex vein,AS,blood_vasculature,UBERON:8600082
CL:0000071$$2608,blood vessel endothelial cell,CT,blood_vasculature,CL:0000071
CL:0002543$$2609,vein endothelial cell,CT,blood_vasculature,CL:0002543
UBERON:8600065,lateral femoral circumflex vein,AS,blood_vasculature,UBERON:8600065
CL:0000071$$2610,blood vessel endothelial cell,CT,blood_vasculature,CL:0000071
CL:0002543$$2611,vein endothelial cell,CT,blood_vasculature,CL:0002543
UBERON:0035234,medial circumflex femoral vein,AS,blood_vasculature,UBERON:0035234
CL:0000071$$2612,blood vessel endothelial cell,CT,blood_vasculature,CL:0000071
CL:0002543$$2613,vein endothelial cell,CT,blood_vasculature,CL:0002543
UBERON:0001544,popliteal vein,AS,blood_vasculature,UBERON:0001544
CL:0000071$$2614,blood vessel endothelial cell,CT,blood_vasculature,CL:0000071
CL:0002543$$2615,vein endothelial cell,CT,blood_vasculature,CL:0002543
UBERON:0001545,anterior tibial vein,AS,blood_vasculature,UBERON:0001545
CL:0000071$$2616,blood vessel endothelial cell,CT,blood_vasculature,CL:0000071
CL:0002543$$2617,vein endothelial cell,CT,blood_vasculature,CL:0002543
UBERON:0008783$$2618,dorsal venous arch,AS,blood_vasculature,UBERON:0008783
CL:0000071$$2619,blood vessel endothelial cell,CT,blood_vasculature,CL:0000071
CL:0002543$$2620,vein endothelial cell,CT,blood_vasculature,CL:0002543
UBERON:0001549,dorsal metatarsal vein,AS,blood_vasculature,UBERON:0001549
CL:0000071$$2621,blood vessel endothelial cell,CT,blood_vasculature,CL:0000071
CL:0002543$$2622,vein endothelial cell,CT,blood_vasculature,CL:0002543
FMA:323401,Dorsal digital vein of foot,AS,blood_vasculature,FMA:323401
CL:0000071$$2623,blood vessel endothelial cell,CT,blood_vasculature,CL:0000071
CL:0002543$$2624,vein endothelial cell,CT,blood_vasculature,CL:0002543
UBERON:0013143,gastrocnemius vein,AS,blood_vasculature,UBERON:0013143
CL:0000071$$2625,blood vessel endothelial cell,CT,blood_vasculature,CL:0000071
CL:0002543$$2626,vein endothelial cell,CT,blood_vasculature,CL:0002543
FMA:71587,Set of peroneal veins,AS,blood_vasculature,FMA:71587
CL:0000071$$2627,blood vessel endothelial cell,CT,blood_vasculature,CL:0000071
CL:0002543$$2628,vein endothelial cell,CT,blood_vasculature,CL:0002543
UBERON:0013142,soleal vein,AS,blood_vasculature,UBERON:0013142
CL:0000071$$2629,blood vessel endothelial cell,CT,blood_vasculature,CL:0000071
CL:0002543$$2630,vein endothelial cell,CT,blood_vasculature,CL:0002543
UBERON:0001546,posterior tibial vein,AS,blood_vasculature,UBERON:0001546
CL:0000071$$2631,blood vessel endothelial cell,CT,blood_vasculature,CL:0000071
CL:0002543$$2632,vein endothelial cell,CT,blood_vasculature,CL:0002543
ASCTB-TEMP:lateral-plantar-vein,lateral plantar vein,AS,blood_vasculature,ASCTB-TEMP:lateral-plantar-vein
CL:0000071$$2633,blood vessel endothelial cell,CT,blood_vasculature,CL:0000071
CL:0002543$$2634,vein endothelial cell,CT,blood_vasculature,CL:0002543
FMA:44489,Plantar venous arch of foot,AS,blood_vasculature,FMA:44489
CL:0000071$$2635,blood vessel endothelial cell,CT,blood_vasculature,CL:0000071
CL:0002543$$2636,vein endothelial cell,CT,blood_vasculature,CL:0002543
FMA:44504,Plantar metatarsal vein,AS,blood_vasculature,FMA:44504
CL:0000071$$2637,blood vessel endothelial cell,CT,blood_vasculature,CL:0000071
CL:0002543$$2638,vein endothelial cell,CT,blood_vasculature,CL:0002543
UBERON:0006139,plantar digital vein,AS,blood_vasculature,UBERON:0006139
CL:0000071$$2639,blood vessel endothelial cell,CT,blood_vasculature,CL:0000071
CL:0002543$$2640,vein endothelial cell,CT,blood_vasculature,CL:0002543
UBERON:0006144,medial plantar digital vein,AS,blood_vasculature,UBERON:0006144
CL:0000071$$2641,blood vessel endothelial cell,CT,blood_vasculature,CL:0000071
CL:0002543$$2642,vein endothelial cell,CT,blood_vasculature,CL:0002543
FMA:44489$$2643,Plantar venous arch of foot,AS,blood_vasculature,FMA:44489
CL:0000071$$2644,blood vessel endothelial cell,CT,blood_vasculature,CL:0000071
CL:0002543$$2645,vein endothelial cell,CT,blood_vasculature,CL:0002543
UBERON:0013142$$2646,soleal vein,AS,blood_vasculature,UBERON:0013142
CL:0000071$$2647,blood vessel endothelial cell,CT,blood_vasculature,CL:0000071
CL:0002543$$2648,vein endothelial cell,CT,blood_vasculature,CL:0002543
UBERON:0001547,small saphenous vein,AS,blood_vasculature,UBERON:0001547
CL:0000071$$2649,blood vessel endothelial cell,CT,blood_vasculature,CL:0000071
CL:0002543$$2650,vein endothelial cell,CT,blood_vasculature,CL:0002543
UBERON:0008783$$2651,dorsal venous arch,AS,blood_vasculature,UBERON:0008783
CL:0000071$$2652,blood vessel endothelial cell,CT,blood_vasculature,CL:0000071
CL:0002543$$2653,vein endothelial cell,CT,blood_vasculature,CL:0002543
UBERON:0001548,lateral marginal vein,AS,blood_vasculature,UBERON:0001548
CL:0000071$$2654,blood vessel endothelial cell,CT,blood_vasculature,CL:0000071
CL:0002543$$2655,vein endothelial cell,CT,blood_vasculature,CL:0002543
UBERON:0013144,vein of genicular venous plexus,AS,blood_vasculature,UBERON:0013144
CL:0000071$$2656,blood vessel endothelial cell,CT,blood_vasculature,CL:0000071
CL:0002543$$2657,vein endothelial cell,CT,blood_vasculature,CL:0002543
UBERON:0007154,inferior epigastric vein,AS,blood_vasculature,UBERON:0007154
CL:0000071$$2658,blood vessel endothelial cell,CT,blood_vasculature,CL:0000071
CL:0002543$$2659,vein endothelial cell,CT,blood_vasculature,CL:0002543
FMA:21200,Pubic vein,AS,blood_vasculature,FMA:21200
CL:0000071$$2660,blood vessel endothelial cell,CT,blood_vasculature,CL:0000071
CL:0002543$$2661,vein endothelial cell,CT,blood_vasculature,CL:0002543
UBERON:0001320,iliolumbar vein,AS,blood_vasculature,UBERON:0001320
CL:0000071$$2662,blood vessel endothelial cell,CT,blood_vasculature,CL:0000071
CL:0002543$$2663,vein endothelial cell,CT,blood_vasculature,CL:0002543
UBERON:0001317,internal iliac vein,AS,blood_vasculature,UBERON:0001317
CL:0000071$$2664,blood vessel endothelial cell,CT,blood_vasculature,CL:0000071
CL:0002543$$2665,vein endothelial cell,CT,blood_vasculature,CL:0002543
UBERON:0006690,deep dorsal vein of clitoris,AS,blood_vasculature,UBERON:0006690
CL:0000071$$2666,blood vessel endothelial cell,CT,blood_vasculature,CL:0000071
CL:0002543$$2667,vein endothelial cell,CT,blood_vasculature,CL:0002543
FMA:6646,Vesical nerve plexus,AS,blood_vasculature,FMA:6646
CL:0000071$$2668,blood vessel endothelial cell,CT,blood_vasculature,CL:0000071
CL:0002543$$2669,vein endothelial cell,CT,blood_vasculature,CL:0002543
UBERON:0006656,deep dorsal vein of penis,AS,blood_vasculature,UBERON:0006656
CL:0000071$$2670,blood vessel endothelial cell,CT,blood_vasculature,CL:0000071
CL:0002543$$2671,vein endothelial cell,CT,blood_vasculature,CL:0002543
FMA:18911,Inferior gluteal vein,AS,blood_vasculature,FMA:18911
CL:0000071$$2672,blood vessel endothelial cell,CT,blood_vasculature,CL:0000071
CL:0002543$$2673,vein endothelial cell,CT,blood_vasculature,CL:0002543
UBERON:0001318,inferior vesical vein,AS,blood_vasculature,UBERON:0001318
CL:0000071$$2674,blood vessel endothelial cell,CT,blood_vasculature,CL:0000071
CL:0002543$$2675,vein endothelial cell,CT,blood_vasculature,CL:0002543
UBERON:0009042,prostatic venous plexus,AS,blood_vasculature,UBERON:0009042
CL:0000071$$2676,blood vessel endothelial cell,CT,blood_vasculature,CL:0000071
CL:0002543$$2677,vein endothelial cell,CT,blood_vasculature,CL:0002543
UBERON:8600084,prostatic venule,AS,blood_vasculature,UBERON:8600084
CL:0000071$$2678,blood vessel endothelial cell,CT,blood_vasculature,CL:0000071
CL:1000414$$2679,endothelial cell of venule,CT,blood_vasculature,CL:1000414
UBERON:0018252,internal pudendal vein,AS,blood_vasculature,UBERON:0018252
CL:0000071$$2680,blood vessel endothelial cell,CT,blood_vasculature,CL:0000071
CL:0002543$$2681,vein endothelial cell,CT,blood_vasculature,CL:0002543
ASCTB-TEMP:bulbar-vein,bulbar vein,AS,blood_vasculature,ASCTB-TEMP:bulbar-vein
CL:0000071$$2682,blood vessel endothelial cell,CT,blood_vasculature,CL:0000071
CL:0002543$$2683,vein endothelial cell,CT,blood_vasculature,CL:0002543
FMA:21242,Inferior rectal vein,AS,blood_vasculature,FMA:21242
CL:0000071$$2684,blood vessel endothelial cell,CT,blood_vasculature,CL:0000071
CL:0002543$$2685,vein endothelial cell,CT,blood_vasculature,CL:0002543
FMA:21254,Posterior scrotal vein,AS,blood_vasculature,FMA:21254
CL:0000071$$2686,blood vessel endothelial cell,CT,blood_vasculature,CL:0000071
CL:0002543$$2687,vein endothelial cell,CT,blood_vasculature,CL:0002543
UBERON:8600056,lateral sacral vein,AS,blood_vasculature,UBERON:8600056
CL:0000071$$2688,blood vessel endothelial cell,CT,blood_vasculature,CL:0000071
CL:0002543$$2689,vein endothelial cell,CT,blood_vasculature,CL:0002543
UBERON:8600057,middle hemorrhoidal vein,AS,blood_vasculature,UBERON:8600057
CL:0000071$$2690,blood vessel endothelial cell,CT,blood_vasculature,CL:0000071
CL:0002543$$2691,vein endothelial cell,CT,blood_vasculature,CL:0002543
UBERON:0001321,obturator vein,AS,blood_vasculature,UBERON:0001321
CL:0000071$$2692,blood vessel endothelial cell,CT,blood_vasculature,CL:0000071
CL:0002543$$2693,vein endothelial cell,CT,blood_vasculature,CL:0002543
UBERON:0001362,perineal vein,AS,blood_vasculature,UBERON:0001362
CL:0000071$$2694,blood vessel endothelial cell,CT,blood_vasculature,CL:0000071
CL:0002543$$2695,vein endothelial cell,CT,blood_vasculature,CL:0002543
FMA:18908,Superior gluteal vein,AS,blood_vasculature,FMA:18908
CL:0000071$$2696,blood vessel endothelial cell,CT,blood_vasculature,CL:0000071
CL:0002543$$2697,vein endothelial cell,CT,blood_vasculature,CL:0002543
UBERON:0006355,superior vesical vein,AS,blood_vasculature,UBERON:0006355
CL:0000071$$2698,blood vessel endothelial cell,CT,blood_vasculature,CL:0000071
CL:0002543$$2699,vein endothelial cell,CT,blood_vasculature,CL:0002543
UBERON:8600058,uterine vein,AS,blood_vasculature,UBERON:8600058
CL:0000071$$2700,blood vessel endothelial cell,CT,blood_vasculature,CL:0000071
CL:0002543$$2701,vein endothelial cell,CT,blood_vasculature,CL:0002543
UBERON:0008889,uterine venous plexus,AS,blood_vasculature,UBERON:0008889
CL:0000071$$2702,blood vessel endothelial cell,CT,blood_vasculature,CL:0000071
CL:0002543$$2703,vein endothelial cell,CT,blood_vasculature,CL:0002543
UBERON:0001319,vaginal vein,AS,blood_vasculature,UBERON:0001319
CL:0000071$$2704,blood vessel endothelial cell,CT,blood_vasculature,CL:0000071
CL:0002543$$2705,vein endothelial cell,CT,blood_vasculature,CL:0002543
UBERON:0002460,vesical vein,AS,blood_vasculature,UBERON:0002460
CL:0000071$$2706,blood vessel endothelial cell,CT,blood_vasculature,CL:0000071
CL:0002543$$2707,vein endothelial cell,CT,blood_vasculature,CL:0002543
UBERON:0006687,median sacral vein,AS,blood_vasculature,UBERON:0006687
CL:0000071$$2708,blood vessel endothelial cell,CT,blood_vasculature,CL:0000071
CL:0002543$$2709,vein endothelial cell,CT,blood_vasculature,CL:0002543
FMA:21388,Left common iliac vein,AS,blood_vasculature,FMA:21388
CL:0000071$$2710,blood vessel endothelial cell,CT,blood_vasculature,CL:0000071
CL:0002543$$2711,vein endothelial cell,CT,blood_vasculature,CL:0002543
UBERON:0011955,left hepatic vein,AS,blood_vasculature,UBERON:0011955
CL:0000071$$2712,blood vessel endothelial cell,CT,blood_vasculature,CL:0000071
CL:0002543$$2713,vein endothelial cell,CT,blood_vasculature,CL:0002543
FMA:15804,Lateral inferior segmental tributary of left hepatic vein,AS,blood_vasculature,FMA:15804
CL:0000071$$2714,blood vessel endothelial cell,CT,blood_vasculature,CL:0000071
CL:0002543$$2715,vein endothelial cell,CT,blood_vasculature,CL:0002543
FMA:15803,Lateral superior segmental tributary of left hepatic vein,AS,blood_vasculature,FMA:15803
CL:0000071$$2716,blood vessel endothelial cell,CT,blood_vasculature,CL:0000071
CL:0002543$$2717,vein endothelial cell,CT,blood_vasculature,CL:0002543
ASCTB-TEMP:segmental-hepatic-vein,segmental hepatic vein,AS,blood_vasculature,ASCTB-TEMP:segmental-hepatic-vein
CL:0000071$$2718,blood vessel endothelial cell,CT,blood_vasculature,CL:0000071
CL:0002543$$2719,vein endothelial cell,CT,blood_vasculature,CL:0002543
UBERON:0006841,central vein of liver,AS,blood_vasculature,UBERON:0006841
CL:0000071$$2720,blood vessel endothelial cell,CT,blood_vasculature,CL:0000071
CL:0002543$$2721,vein endothelial cell,CT,blood_vasculature,CL:0002543
UBERON:0001281,hepatic sinusoid,AS,blood_vasculature,UBERON:0001281
CL:0000071$$2722,blood vessel endothelial cell,CT,blood_vasculature,CL:0000071
CL:0002144$$2723,capillary endothelial cell,CT,blood_vasculature,CL:0002144
CL:0002262$$2724,endothelial cell of sinusoid,CT,blood_vasculature,CL:0002262
UBERON:8600085,hepatic portal venule,AS,blood_vasculature,UBERON:8600085
CL:0000071$$2725,blood vessel endothelial cell,CT,blood_vasculature,CL:0000071
CL:1000414$$2726,endothelial cell of venule,CT,blood_vasculature,CL:1000414
FMA:15421,Anterior inferior segmental branch of right portal vein,AS,blood_vasculature,FMA:15421
CL:0000071$$2727,blood vessel endothelial cell,CT,blood_vasculature,CL:0000071
CL:0002543$$2728,vein endothelial cell,CT,blood_vasculature,CL:0002543
ASCTB-TEMP:right-anterior-hepatic-portal-vein,right anterior hepatic portal vein,AS,blood_vasculature,ASCTB-TEMP:right-anterior-hepatic-portal-vein
CL:0000071$$2729,blood vessel endothelial cell,CT,blood_vasculature,CL:0000071
CL:0002543$$2730,vein endothelial cell,CT,blood_vasculature,CL:0002543
FMA:15414,Right portal vein,AS,blood_vasculature,FMA:15414
CL:0000071$$2731,blood vessel endothelial cell,CT,blood_vasculature,CL:0000071
CL:0002543$$2732,vein endothelial cell,CT,blood_vasculature,CL:0002543
UBERON:0001639,hepatic portal vein,AS,blood_vasculature,UBERON:0001639
CL:0000071$$2733,blood vessel endothelial cell,CT,blood_vasculature,CL:0000071
CL:0002543$$2734,vein endothelial cell,CT,blood_vasculature,CL:0002543
FMA:15420,Anterior superior segmental branch of right portal vein,AS,blood_vasculature,FMA:15420
CL:0000071$$2735,blood vessel endothelial cell,CT,blood_vasculature,CL:0000071
CL:0002543$$2736,vein endothelial cell,CT,blood_vasculature,CL:0002543
ASCTB-TEMP:right-anterior-hepatic-portal-vein-2,right anterior hepatic portal vein #2,AS,blood_vasculature,ASCTB-TEMP:right-anterior-hepatic-portal-vein-2
CL:0000071$$2737,blood vessel endothelial cell,CT,blood_vasculature,CL:0000071
CL:0002543$$2738,vein endothelial cell,CT,blood_vasculature,CL:0002543
FMA:15432,Lateral inferior segmental branch of left portal vein,AS,blood_vasculature,FMA:15432
CL:0000071$$2739,blood vessel endothelial cell,CT,blood_vasculature,CL:0000071
CL:0002543$$2740,vein endothelial cell,CT,blood_vasculature,CL:0002543
ASCTB-TEMP:left-lateral-hepatic-portal-vein,left lateral hepatic portal vein,AS,blood_vasculature,ASCTB-TEMP:left-lateral-hepatic-portal-vein
CL:0000071$$2741,blood vessel endothelial cell,CT,blood_vasculature,CL:0000071
CL:0002543$$2742,vein endothelial cell,CT,blood_vasculature,CL:0002543
FMA:15415,Left portal vein,AS,blood_vasculature,FMA:15415
CL:0000071$$2743,blood vessel endothelial cell,CT,blood_vasculature,CL:0000071
CL:0002543$$2744,vein endothelial cell,CT,blood_vasculature,CL:0002543
UBERON:0001639$$2745,hepatic portal vein,AS,blood_vasculature,UBERON:0001639
CL:0000071$$2746,blood vessel endothelial cell,CT,blood_vasculature,CL:0000071
CL:0002543$$2747,vein endothelial cell,CT,blood_vasculature,CL:0002543
UBERON:0035392,cystic vein,AS,blood_vasculature,UBERON:0035392
CL:0000071$$2748,blood vessel endothelial cell,CT,blood_vasculature,CL:0000071
CL:0002543$$2749,vein endothelial cell,CT,blood_vasculature,CL:0002543
ASCTB-TEMP:inferior-vein-of-sappey,inferior vein of Sappey,AS,blood_vasculature,ASCTB-TEMP:inferior-vein-of-sappey
CL:0000071$$2750,blood vessel endothelial cell,CT,blood_vasculature,CL:0000071
CL:0002543$$2751,vein endothelial cell,CT,blood_vasculature,CL:0002543
UBERON:0014690,left gastric vein,AS,blood_vasculature,UBERON:0014690
CL:0000071$$2752,blood vessel endothelial cell,CT,blood_vasculature,CL:0000071
CL:0002543$$2753,vein endothelial cell,CT,blood_vasculature,CL:0002543
UBERON:0035655,paraumbilical vein,AS,blood_vasculature,UBERON:0035655
CL:0000071$$2754,blood vessel endothelial cell,CT,blood_vasculature,CL:0000071
CL:0002543$$2755,vein endothelial cell,CT,blood_vasculature,CL:0002543
FMA:0329298,Posterior superior pancreaticoduodenal vein,AS,blood_vasculature,FMA:0329298
CL:0000071$$2756,blood vessel endothelial cell,CT,blood_vasculature,CL:0000071
CL:0002543$$2757,vein endothelial cell,CT,blood_vasculature,CL:0002543
UBERON:0014691,right gastric vein,AS,blood_vasculature,UBERON:0014691
CL:0000071$$2758,blood vessel endothelial cell,CT,blood_vasculature,CL:0000071
CL:0002543$$2759,vein endothelial cell,CT,blood_vasculature,CL:0002543
FMA:15404,Prepyloric vein,AS,blood_vasculature,FMA:15404
CL:0000071$$2760,blood vessel endothelial cell,CT,blood_vasculature,CL:0000071
CL:0002543$$2761,vein endothelial cell,CT,blood_vasculature,CL:0002543
UBERON:0003713,splenic vein,AS,blood_vasculature,UBERON:0003713
CL:0000071$$2762,blood vessel endothelial cell,CT,blood_vasculature,CL:0000071
CL:0002543$$2763,vein endothelial cell,CT,blood_vasculature,CL:0002543
UBERON:0001215,inferior mesenteric vein,AS,blood_vasculature,UBERON:0001215
CL:0000071$$2764,blood vessel endothelial cell,CT,blood_vasculature,CL:0000071
CL:0002543$$2765,vein endothelial cell,CT,blood_vasculature,CL:0002543
UBERON:8410017,left colic vein,AS,blood_vasculature,UBERON:8410017
CL:0000071$$2766,blood vessel endothelial cell,CT,blood_vasculature,CL:0000071
CL:0002543$$2767,vein endothelial cell,CT,blood_vasculature,CL:0002543
ASCTB-TEMP:vena-recta-of-large-intestine-2,vena recta of large intestine #2,AS,blood_vasculature,ASCTB-TEMP:vena-recta-of-large-intestine-2
CL:0000071$$2768,blood vessel endothelial cell,CT,blood_vasculature,CL:0000071
CL:0002543$$2769,vein endothelial cell,CT,blood_vasculature,CL:0002543
ASCTB-TEMP:rectosigmoid-vein,rectosigmoid vein,AS,blood_vasculature,ASCTB-TEMP:rectosigmoid-vein
CL:0000071$$2770,blood vessel endothelial cell,CT,blood_vasculature,CL:0000071
CL:0002543$$2771,vein endothelial cell,CT,blood_vasculature,CL:0002543
FMA:15395,Sigmoid vein,AS,blood_vasculature,FMA:15395
CL:0000071$$2772,blood vessel endothelial cell,CT,blood_vasculature,CL:0000071
CL:0002543$$2773,vein endothelial cell,CT,blood_vasculature,CL:0002543
FMA:15393,Superior rectal vein,AS,blood_vasculature,FMA:15393
CL:0000071$$2774,blood vessel endothelial cell,CT,blood_vasculature,CL:0000071
CL:0002543$$2775,vein endothelial cell,CT,blood_vasculature,CL:0002543
FMA:15390,Left gastroepiploic vein,AS,blood_vasculature,FMA:15390
CL:0000071$$2776,blood vessel endothelial cell,CT,blood_vasculature,CL:0000071
CL:0002543$$2777,vein endothelial cell,CT,blood_vasculature,CL:0002543
UBERON:0001214,pancreatic tributary of splenic vein,AS,blood_vasculature,UBERON:0001214
CL:0000071$$2778,blood vessel endothelial cell,CT,blood_vasculature,CL:0000071
CL:0002543$$2779,vein endothelial cell,CT,blood_vasculature,CL:0002543
FMA:70929,Set of pancreatic veins,AS,blood_vasculature,FMA:70929
CL:0000071$$2780,blood vessel endothelial cell,CT,blood_vasculature,CL:0000071
CL:0002543$$2781,vein endothelial cell,CT,blood_vasculature,CL:0002543
ASCTB-TEMP:interlobular-vein-of-pancreas,interlobular vein of pancreas,AS,blood_vasculature,ASCTB-TEMP:interlobular-vein-of-pancreas
CL:0000071$$2782,blood vessel endothelial cell,CT,blood_vasculature,CL:0000071
CL:0002543$$2783,vein endothelial cell,CT,blood_vasculature,CL:0002543
ASCTB-TEMP:lobular-vein-of-pancreas,lobular vein of pancreas,AS,blood_vasculature,ASCTB-TEMP:lobular-vein-of-pancreas
CL:0000071$$2784,blood vessel endothelial cell,CT,blood_vasculature,CL:0000071
CL:0002543$$2785,vein endothelial cell,CT,blood_vasculature,CL:0002543
ASCTB-TEMP:intralobular-venule-of-pancreas,intralobular venule of pancreas,AS,blood_vasculature,ASCTB-TEMP:intralobular-venule-of-pancreas
CL:0000071$$2786,blood vessel endothelial cell,CT,blood_vasculature,CL:0000071
CL:1000414$$2787,endothelial cell of venule,CT,blood_vasculature,CL:1000414
ASCTB-TEMP:periductal-branch-of-lobular-vein-of-pancreas,periductal branch of lobular vein of pancreas,AS,blood_vasculature,ASCTB-TEMP:periductal-branch-of-lobular-vein-of-pancreas
CL:0000071$$2788,blood vessel endothelial cell,CT,blood_vasculature,CL:0000071
CL:0002543$$2789,vein endothelial cell,CT,blood_vasculature,CL:0002543
ASCTB-TEMP:periductal-branch-of-interlobular-vein-of-pancreas,periductal branch of interlobular vein of pancreas,AS,blood_vasculature,ASCTB-TEMP:periductal-branch-of-interlobular-vein-of-pancreas
CL:0000071$$2790,blood vessel endothelial cell,CT,blood_vasculature,CL:0000071
CL:0002543$$2791,vein endothelial cell,CT,blood_vasculature,CL:0002543
UBERON:0010400,spleen trabecular vein,AS,blood_vasculature,UBERON:0010400
CL:0000071$$2792,blood vessel endothelial cell,CT,blood_vasculature,CL:0000071
CL:0002543$$2793,vein endothelial cell,CT,blood_vasculature,CL:0002543
ASCTB-TEMP:red-pulp-venule-of-spleen,red pulp venule of spleen,AS,blood_vasculature,ASCTB-TEMP:red-pulp-venule-of-spleen
CL:0000071$$2794,blood vessel endothelial cell,CT,blood_vasculature,CL:0000071
CL:1000414$$2795,endothelial cell of venule,CT,blood_vasculature,CL:1000414
UBERON:0003910,splenic sinusoid,AS,blood_vasculature,UBERON:0003910
CL:0000071$$2796,blood vessel endothelial cell,CT,blood_vasculature,CL:0000071
CL:0002144$$2797,capillary endothelial cell,CT,blood_vasculature,CL:0002144
CL:0002262$$2798,endothelial cell of sinusoid,CT,blood_vasculature,CL:0002262
UBERON:0001138,superior mesenteric vein,AS,blood_vasculature,UBERON:0001138
CL:0000071$$2799,blood vessel endothelial cell,CT,blood_vasculature,CL:0000071
CL:0002543$$2800,vein endothelial cell,CT,blood_vasculature,CL:0002543
FMA:0329300,Anterior inferior pancreaticoduodenal vein,AS,blood_vasculature,FMA:0329300
CL:0000071$$2801,blood vessel endothelial cell,CT,blood_vasculature,CL:0000071
CL:0002543$$2802,vein endothelial cell,CT,blood_vasculature,CL:0002543
UBERON:0001217,ileal vein,AS,blood_vasculature,UBERON:0001217
CL:0000071$$2803,blood vessel endothelial cell,CT,blood_vasculature,CL:0000071
CL:0002543$$2804,vein endothelial cell,CT,blood_vasculature,CL:0002543
UBERON:0001219,ileocolic vein,AS,blood_vasculature,UBERON:0001219
CL:0000071$$2805,blood vessel endothelial cell,CT,blood_vasculature,CL:0000071
CL:0002543$$2806,vein endothelial cell,CT,blood_vasculature,CL:0002543
ASCTB-TEMP:vena-recta-of-large-intestine,vena recta of large intestine,AS,blood_vasculature,ASCTB-TEMP:vena-recta-of-large-intestine
CL:0000071$$2807,blood vessel endothelial cell,CT,blood_vasculature,CL:0000071
CL:0002543$$2808,vein endothelial cell,CT,blood_vasculature,CL:0002543
ASCTB-TEMP:submucosal-vein-of-colon,submucosal vein of colon,AS,blood_vasculature,ASCTB-TEMP:submucosal-vein-of-colon
CL:0000071$$2809,blood vessel endothelial cell,CT,blood_vasculature,CL:0000071
CL:0002543$$2810,vein endothelial cell,CT,blood_vasculature,CL:0002543
ASCTB-TEMP:submucosal-venule-of-colon,submucosal venule of colon,AS,blood_vasculature,ASCTB-TEMP:submucosal-venule-of-colon
CL:0000071$$2811,blood vessel endothelial cell,CT,blood_vasculature,CL:0000071
CL:1000414$$2812,endothelial cell of venule,CT,blood_vasculature,CL:1000414
ASCTB-TEMP:mucosal-venule-of-colon,mucosal venule of colon,AS,blood_vasculature,ASCTB-TEMP:mucosal-venule-of-colon
CL:0000071$$2813,blood vessel endothelial cell,CT,blood_vasculature,CL:0000071
CL:1000414$$2814,endothelial cell of venule,CT,blood_vasculature,CL:1000414
ASCTB-TEMP:subserous-vein-of-colon,subserous vein of colon,AS,blood_vasculature,ASCTB-TEMP:subserous-vein-of-colon
CL:0000071$$2815,blood vessel endothelial cell,CT,blood_vasculature,CL:0000071
CL:0002543$$2816,vein endothelial cell,CT,blood_vasculature,CL:0002543
UBERON:0001216,jejunal vein,AS,blood_vasculature,UBERON:0001216
CL:0000071$$2817,blood vessel endothelial cell,CT,blood_vasculature,CL:0000071
CL:0002543$$2818,vein endothelial cell,CT,blood_vasculature,CL:0002543
UBERON:0001218,middle colic vein,AS,blood_vasculature,UBERON:0001218
CL:0000071$$2819,blood vessel endothelial cell,CT,blood_vasculature,CL:0000071
CL:0002543$$2820,vein endothelial cell,CT,blood_vasculature,CL:0002543
ASCTB-TEMP:vena-recta-of-large-intestine-3,vena recta of large intestine #3,AS,blood_vasculature,ASCTB-TEMP:vena-recta-of-large-intestine-3
CL:0000071$$2821,blood vessel endothelial cell,CT,blood_vasculature,CL:0000071
CL:0002543$$2822,vein endothelial cell,CT,blood_vasculature,CL:0002543
FMA:0329301,Posterior inferior pancreaticoduodenal vein,AS,blood_vasculature,FMA:0329301
CL:0000071$$2823,blood vessel endothelial cell,CT,blood_vasculature,CL:0000071
CL:0002543$$2824,vein endothelial cell,CT,blood_vasculature,CL:0002543
UBERON:8410018,right colic vein,AS,blood_vasculature,UBERON:8410018
CL:0000071$$2825,blood vessel endothelial cell,CT,blood_vasculature,CL:0000071
CL:0002543$$2826,vein endothelial cell,CT,blood_vasculature,CL:0002543
ASCTB-TEMP:vena-recta-of-large-intestine-4,vena recta of large intestine #4,AS,blood_vasculature,ASCTB-TEMP:vena-recta-of-large-intestine-4
CL:0000071$$2827,blood vessel endothelial cell,CT,blood_vasculature,CL:0000071
CL:0002543$$2828,vein endothelial cell,CT,blood_vasculature,CL:0002543
FMA:15397,Right gastroepiploic vein,AS,blood_vasculature,FMA:15397
CL:0000071$$2829,blood vessel endothelial cell,CT,blood_vasculature,CL:0000071
CL:0002543$$2830,vein endothelial cell,CT,blood_vasculature,CL:0002543
FMA:0329297,Anterior superior pancreaticoduodenal vein,AS,blood_vasculature,FMA:0329297
CL:0000071$$2831,blood vessel endothelial cell,CT,blood_vasculature,CL:0000071
CL:0002543$$2832,vein endothelial cell,CT,blood_vasculature,CL:0002543
ASCTB-TEMP:superior-vein-of-sappey,superior vein of Sappey,AS,blood_vasculature,ASCTB-TEMP:superior-vein-of-sappey
CL:0000071$$2833,blood vessel endothelial cell,CT,blood_vasculature,CL:0000071
CL:0002543$$2834,vein endothelial cell,CT,blood_vasculature,CL:0002543
ASCTB-TEMP:vein-of-burow,vein of Burow,AS,blood_vasculature,ASCTB-TEMP:vein-of-burow
CL:0000071$$2835,blood vessel endothelial cell,CT,blood_vasculature,CL:0000071
CL:0002543$$2836,vein endothelial cell,CT,blood_vasculature,CL:0002543
FMA:15431,Lateral superior segmental branch of left portal vein,AS,blood_vasculature,FMA:15431
CL:0000071$$2837,blood vessel endothelial cell,CT,blood_vasculature,CL:0000071
CL:0002543$$2838,vein endothelial cell,CT,blood_vasculature,CL:0002543
ASCTB-TEMP:left-lateral-hepatic-portal-vein-2,left lateral hepatic portal vein #2,AS,blood_vasculature,ASCTB-TEMP:left-lateral-hepatic-portal-vein-2
CL:0000071$$2839,blood vessel endothelial cell,CT,blood_vasculature,CL:0000071
CL:0002543$$2840,vein endothelial cell,CT,blood_vasculature,CL:0002543
FMA:15425,Caudate lobe branch of left portal vein,AS,blood_vasculature,FMA:15425
CL:0000071$$2841,blood vessel endothelial cell,CT,blood_vasculature,CL:0000071
CL:0002543$$2842,vein endothelial cell,CT,blood_vasculature,CL:0002543
FMA:15415$$2843,Left portal vein,AS,blood_vasculature,FMA:15415
CL:0000071$$2844,blood vessel endothelial cell,CT,blood_vasculature,CL:0000071
CL:0002543$$2845,vein endothelial cell,CT,blood_vasculature,CL:0002543
FMA:15429,Medial inferior segmental branch of left portal vein,AS,blood_vasculature,FMA:15429
CL:0000071$$2846,blood vessel endothelial cell,CT,blood_vasculature,CL:0000071
CL:0002543$$2847,vein endothelial cell,CT,blood_vasculature,CL:0002543
ASCTB-TEMP:left-medial-hepatic-portal-vein,left medial hepatic portal vein,AS,blood_vasculature,ASCTB-TEMP:left-medial-hepatic-portal-vein
CL:0000071$$2848,blood vessel endothelial cell,CT,blood_vasculature,CL:0000071
CL:0002543$$2849,vein endothelial cell,CT,blood_vasculature,CL:0002543
FMA:15415$$2850,Left portal vein,AS,blood_vasculature,FMA:15415
CL:0000071$$2851,blood vessel endothelial cell,CT,blood_vasculature,CL:0000071
CL:0002543$$2852,vein endothelial cell,CT,blood_vasculature,CL:0002543
FMA:15428,Medial superior segmental branch of left portal vein,AS,blood_vasculature,FMA:15428
CL:0000071$$2853,blood vessel endothelial cell,CT,blood_vasculature,CL:0000071
CL:0002543$$2854,vein endothelial cell,CT,blood_vasculature,CL:0002543
ASCTB-TEMP:left-medial-hepatic-portal-vein-2,left medial hepatic portal vein #2,AS,blood_vasculature,ASCTB-TEMP:left-medial-hepatic-portal-vein-2
CL:0000071$$2855,blood vessel endothelial cell,CT,blood_vasculature,CL:0000071
CL:0002543$$2856,vein endothelial cell,CT,blood_vasculature,CL:0002543
FMA:15424,Posterior inferior segmental branch of right portal vein,AS,blood_vasculature,FMA:15424
CL:0000071$$2857,blood vessel endothelial cell,CT,blood_vasculature,CL:0000071
CL:0002543$$2858,vein endothelial cell,CT,blood_vasculature,CL:0002543
ASCTB-TEMP:right-posterior-hepatic-portal-vein,right posterior hepatic portal vein,AS,blood_vasculature,ASCTB-TEMP:right-posterior-hepatic-portal-vein
CL:0000071$$2859,blood vessel endothelial cell,CT,blood_vasculature,CL:0000071
CL:0002543$$2860,vein endothelial cell,CT,blood_vasculature,CL:0002543
FMA:15414$$2861,Right portal vein,AS,blood_vasculature,FMA:15414
CL:0000071$$2862,blood vessel endothelial cell,CT,blood_vasculature,CL:0000071
CL:0002543$$2863,vein endothelial cell,CT,blood_vasculature,CL:0002543
FMA:15423,Posterior superior segmental branch of right portal vein,AS,blood_vasculature,FMA:15423
CL:0000071$$2864,blood vessel endothelial cell,CT,blood_vasculature,CL:0000071
CL:0002543$$2865,vein endothelial cell,CT,blood_vasculature,CL:0002543
ASCTB-TEMP:right-posterior-hepatic-portal-vein-2,right posterior hepatic portal vein #2,AS,blood_vasculature,ASCTB-TEMP:right-posterior-hepatic-portal-vein-2
CL:0000071$$2866,blood vessel endothelial cell,CT,blood_vasculature,CL:0000071
CL:0002543$$2867,vein endothelial cell,CT,blood_vasculature,CL:0002543
FMA:82706,Caudate lobe branch of right portal vein,AS,blood_vasculature,FMA:82706
CL:0000071$$2868,blood vessel endothelial cell,CT,blood_vasculature,CL:0000071
CL:0002543$$2869,vein endothelial cell,CT,blood_vasculature,CL:0002543
FMA:15414$$2870,Right portal vein,AS,blood_vasculature,FMA:15414
CL:0000071$$2871,blood vessel endothelial cell,CT,blood_vasculature,CL:0000071
CL:0002543$$2872,vein endothelial cell,CT,blood_vasculature,CL:0002543
UBERON:0001142,left renal vein,AS,blood_vasculature,UBERON:0001142
CL:0000071$$2873,blood vessel endothelial cell,CT,blood_vasculature,CL:0000071
CL:0002543$$2874,vein endothelial cell,CT,blood_vasculature,CL:0002543
FMA:68070,Left inferior phrenic vein,AS,blood_vasculature,FMA:68070
CL:0000071$$2875,blood vessel endothelial cell,CT,blood_vasculature,CL:0000071
CL:0002543$$2876,vein endothelial cell,CT,blood_vasculature,CL:0002543
FMA:14347,Left ovarian vein,AS,blood_vasculature,FMA:14347
CL:0000071$$2877,blood vessel endothelial cell,CT,blood_vasculature,CL:0000071
CL:0002543$$2878,vein endothelial cell,CT,blood_vasculature,CL:0002543
UBERON:0035483,left suprarenal vein,AS,blood_vasculature,UBERON:0035483
CL:0000071$$2879,blood vessel endothelial cell,CT,blood_vasculature,CL:0000071
CL:0002543$$2880,vein endothelial cell,CT,blood_vasculature,CL:0002543
UBERON:0000443,left testicular vein,AS,blood_vasculature,UBERON:0000443
CL:0000071$$2881,blood vessel endothelial cell,CT,blood_vasculature,CL:0000071
CL:0002543$$2882,vein endothelial cell,CT,blood_vasculature,CL:0002543
UBERON:8600105,lumbar vein,AS,blood_vasculature,UBERON:8600105
CL:0000071$$2883,blood vessel endothelial cell,CT,blood_vasculature,CL:0000071
CL:0002543$$2884,vein endothelial cell,CT,blood_vasculature,CL:0002543
FMA:10787,Anterior external vertebral venous plexus,AS,blood_vasculature,FMA:10787
CL:0000071$$2885,blood vessel endothelial cell,CT,blood_vasculature,CL:0000071
CL:0002543$$2886,vein endothelial cell,CT,blood_vasculature,CL:0002543
UBERON:8600104,intervertebral vein,AS,blood_vasculature,UBERON:8600104
CL:0000071$$2887,blood vessel endothelial cell,CT,blood_vasculature,CL:0000071
CL:0002543$$2888,vein endothelial cell,CT,blood_vasculature,CL:0002543
UBERON:8600103,anterior internal vertebral venous plexus,AS,blood_vasculature,UBERON:8600103
CL:0000071$$2889,blood vessel endothelial cell,CT,blood_vasculature,CL:0000071
CL:0002543$$2890,vein endothelial cell,CT,blood_vasculature,CL:0002543
UBERON:8600066,basivertebral vein,AS,blood_vasculature,UBERON:8600066
CL:0000071$$2891,blood vessel endothelial cell,CT,blood_vasculature,CL:0000071
CL:0002543$$2892,vein endothelial cell,CT,blood_vasculature,CL:0002543
ASCTB-TEMP:anterior-radicular-vein,anterior radicular vein,AS,blood_vasculature,ASCTB-TEMP:anterior-radicular-vein
CL:0000071$$2893,blood vessel endothelial cell,CT,blood_vasculature,CL:0000071
CL:0002543$$2894,vein endothelial cell,CT,blood_vasculature,CL:0002543
FMA:70892,Set of anterior spinal veins,AS,blood_vasculature,FMA:70892
CL:0000071$$2895,blood vessel endothelial cell,CT,blood_vasculature,CL:0000071
CL:0002543$$2896,vein endothelial cell,CT,blood_vasculature,CL:0002543
ASCTB-TEMP:intramedullary-radial-vein,intramedullary radial vein,AS,blood_vasculature,ASCTB-TEMP:intramedullary-radial-vein
CL:0000071$$2897,blood vessel endothelial cell,CT,blood_vasculature,CL:0000071
CL:0002543$$2898,vein endothelial cell,CT,blood_vasculature,CL:0002543
FMA:4870,Posterior internal vertebral venous plexus,AS,blood_vasculature,FMA:4870
CL:0000071$$2899,blood vessel endothelial cell,CT,blood_vasculature,CL:0000071
CL:0002543$$2900,vein endothelial cell,CT,blood_vasculature,CL:0002543
ASCTB-TEMP:posterior-radicular-vein,posterior radicular vein,AS,blood_vasculature,ASCTB-TEMP:posterior-radicular-vein
CL:0000071$$2901,blood vessel endothelial cell,CT,blood_vasculature,CL:0000071
CL:0002543$$2902,vein endothelial cell,CT,blood_vasculature,CL:0002543
FMA:70893,Set of posterior spinal veins,AS,blood_vasculature,FMA:70893
CL:0000071$$2903,blood vessel endothelial cell,CT,blood_vasculature,CL:0000071
CL:0002543$$2904,vein endothelial cell,CT,blood_vasculature,CL:0002543
ASCTB-TEMP:intramedullary-radial-vein-2,intramedullary radial vein #2,AS,blood_vasculature,ASCTB-TEMP:intramedullary-radial-vein-2
CL:0000071$$2905,blood vessel endothelial cell,CT,blood_vasculature,CL:0000071
CL:0002543$$2906,vein endothelial cell,CT,blood_vasculature,CL:0002543
ASCTB-TEMP:posterolateral-spinal-vein,posterolateral spinal vein,AS,blood_vasculature,ASCTB-TEMP:posterolateral-spinal-vein
CL:0000071$$2907,blood vessel endothelial cell,CT,blood_vasculature,CL:0000071
CL:0002543$$2908,vein endothelial cell,CT,blood_vasculature,CL:0002543
ASCTB-TEMP:intramedullary-radial-vein-3,intramedullary radial vein #3,AS,blood_vasculature,ASCTB-TEMP:intramedullary-radial-vein-3
CL:0000071$$2909,blood vessel endothelial cell,CT,blood_vasculature,CL:0000071
CL:0002543$$2910,vein endothelial cell,CT,blood_vasculature,CL:0002543
FMA:12852,Posterior external vertebral venous plexus,AS,blood_vasculature,FMA:12852
CL:0000071$$2911,blood vessel endothelial cell,CT,blood_vasculature,CL:0000071
CL:0002543$$2912,vein endothelial cell,CT,blood_vasculature,CL:0002543
UBERON:0011957,middle hepatic vein,AS,blood_vasculature,UBERON:0011957
CL:0000071$$2913,blood vessel endothelial cell,CT,blood_vasculature,CL:0000071
CL:0002543$$2914,vein endothelial cell,CT,blood_vasculature,CL:0002543
FMA:15800,Anterior inferior segmental tributary of middle hepatic vein,AS,blood_vasculature,FMA:15800
CL:0000071$$2915,blood vessel endothelial cell,CT,blood_vasculature,CL:0000071
CL:0002543$$2916,vein endothelial cell,CT,blood_vasculature,CL:0002543
FMA:15801,Medial inferior segmental tributary of middle hepatic vein,AS,blood_vasculature,FMA:15801
CL:0000071$$2917,blood vessel endothelial cell,CT,blood_vasculature,CL:0000071
CL:0002543$$2918,vein endothelial cell,CT,blood_vasculature,CL:0002543
FMA:15802,Medial superior segmental tributary of left hepatic vein,AS,blood_vasculature,FMA:15802
CL:0000071$$2919,blood vessel endothelial cell,CT,blood_vasculature,CL:0000071
CL:0002543$$2920,vein endothelial cell,CT,blood_vasculature,CL:0002543
UBERON:0001140,renal vein,AS,blood_vasculature,UBERON:0001140
CL:0000071$$2921,blood vessel endothelial cell,CT,blood_vasculature,CL:0000071
CL:0002543$$2922,vein endothelial cell,CT,blood_vasculature,CL:0002543
ASCTB-TEMP:segmental-renal-vein,segmental renal vein,AS,blood_vasculature,ASCTB-TEMP:segmental-renal-vein
CL:0000071$$2923,blood vessel endothelial cell,CT,blood_vasculature,CL:0000071
CL:0002543$$2924,vein endothelial cell,CT,blood_vasculature,CL:0002543
UBERON:0009887,interlobar vein,AS,blood_vasculature,UBERON:0009887
CL:0000071$$2925,blood vessel endothelial cell,CT,blood_vasculature,CL:0000071
CL:0002543$$2926,vein endothelial cell,CT,blood_vasculature,CL:0002543
UBERON:0004719,kidney arcuate vein,AS,blood_vasculature,UBERON:0004719
CL:0000071$$2927,blood vessel endothelial cell,CT,blood_vasculature,CL:0000071
CL:0002543$$2928,vein endothelial cell,CT,blood_vasculature,CL:0002543
UBERON:0005168,renal interlobular vein,AS,blood_vasculature,UBERON:0005168
CL:0000071$$2929,blood vessel endothelial cell,CT,blood_vasculature,CL:0000071
CL:0002543$$2930,vein endothelial cell,CT,blood_vasculature,CL:0002543
FMA:321526,Stellate vein of kidney,AS,blood_vasculature,FMA:321526
CL:0000071$$2931,blood vessel endothelial cell,CT,blood_vasculature,CL:0000071
CL:1000414$$2932,endothelial cell of venule,CT,blood_vasculature,CL:1000414
UBERON:0010181,straight venules of kidney,AS,blood_vasculature,UBERON:0010181
CL:0000071$$2933,blood vessel endothelial cell,CT,blood_vasculature,CL:0000071
CL:1000414$$2934,endothelial cell of venule,CT,blood_vasculature,CL:1000414
UBERON:0009091,vasa recta ascending limb,AS,blood_vasculature,UBERON:0009091
CL:0000071$$2935,blood vessel endothelial cell,CT,blood_vasculature,CL:0000071
CL:0002144$$2936,capillary endothelial cell,CT,blood_vasculature,CL:0002144
FMA:21387,Right common iliac vein,AS,blood_vasculature,FMA:21387
CL:0000071$$2937,blood vessel endothelial cell,CT,blood_vasculature,CL:0000071
CL:0002543$$2938,vein endothelial cell,CT,blood_vasculature,CL:0002543
UBERON:0011956,right hepatic vein,AS,blood_vasculature,UBERON:0011956
CL:0000071$$2939,blood vessel endothelial cell,CT,blood_vasculature,CL:0000071
CL:0002543$$2940,vein endothelial cell,CT,blood_vasculature,CL:0002543
FMA:15798,Anterior superior segmental tributary of right hepatic vein,AS,blood_vasculature,FMA:15798
CL:0000071$$2941,blood vessel endothelial cell,CT,blood_vasculature,CL:0000071
CL:0002543$$2942,vein endothelial cell,CT,blood_vasculature,CL:0002543
FMA:15797,Posterior inferior segmental tributary of right hepatic vein,AS,blood_vasculature,FMA:15797
CL:0000071$$2943,blood vessel endothelial cell,CT,blood_vasculature,CL:0000071
CL:0002543$$2944,vein endothelial cell,CT,blood_vasculature,CL:0002543
FMA:15796,Posterior superior segmental tributary of right hepatic vein,AS,blood_vasculature,FMA:15796
CL:0000071$$2945,blood vessel endothelial cell,CT,blood_vasculature,CL:0000071
CL:0002543$$2946,vein endothelial cell,CT,blood_vasculature,CL:0002543
FMA:68069,Right inferior phrenic vein,AS,blood_vasculature,FMA:68069
CL:0000071$$2947,blood vessel endothelial cell,CT,blood_vasculature,CL:0000071
CL:0002543$$2948,vein endothelial cell,CT,blood_vasculature,CL:0002543
FMA:14342,Right ovarian vein,AS,blood_vasculature,FMA:14342
CL:0000071$$2949,blood vessel endothelial cell,CT,blood_vasculature,CL:0000071
CL:0002543$$2950,vein endothelial cell,CT,blood_vasculature,CL:0002543
UBERON:0001141,right renal vein,AS,blood_vasculature,UBERON:0001141
CL:0000071$$2951,blood vessel endothelial cell,CT,blood_vasculature,CL:0000071
CL:0002543$$2952,vein endothelial cell,CT,blood_vasculature,CL:0002543
UBERON:0035435,right suprarenal vein,AS,blood_vasculature,UBERON:0035435
CL:0000071$$2953,blood vessel endothelial cell,CT,blood_vasculature,CL:0000071
CL:0002543$$2954,vein endothelial cell,CT,blood_vasculature,CL:0002543
UBERON:0000442,right testicular vein,AS,blood_vasculature,UBERON:0000442
CL:0000071$$2955,blood vessel endothelial cell,CT,blood_vasculature,CL:0000071
CL:0002543$$2956,vein endothelial cell,CT,blood_vasculature,CL:0002543
UBERON:0001330,pampiniform plexus,AS,blood_vasculature,UBERON:0001330
CL:0000071$$2957,blood vessel endothelial cell,CT,blood_vasculature,CL:0000071
CL:0002543$$2958,vein endothelial cell,CT,blood_vasculature,CL:0002543
ASCTB-TEMP:vein-of-ductus-deferens,vein of ductus deferens,AS,blood_vasculature,ASCTB-TEMP:vein-of-ductus-deferens
CL:0000071$$2959,blood vessel endothelial cell,CT,blood_vasculature,CL:0000071
CL:0002543$$2960,vein endothelial cell,CT,blood_vasculature,CL:0002543
FMA:223888,Smallest cardiac vein,AS,blood_vasculature,FMA:223888
CL:0000071$$2961,blood vessel endothelial cell,CT,blood_vasculature,CL:0000071
CL:0002543$$2962,vein endothelial cell,CT,blood_vasculature,CL:0002543
UBERON:0001585,anterior vena cava,AS,blood_vasculature,UBERON:0001585
CL:0000071$$2963,blood vessel endothelial cell,CT,blood_vasculature,CL:0000071
CL:0002543$$2964,vein endothelial cell,CT,blood_vasculature,CL:0002543
UBERON:0001594,azygos vein,AS,blood_vasculature,UBERON:0001594
CL:0000071$$2965,blood vessel endothelial cell,CT,blood_vasculature,CL:0000071
CL:0002543$$2966,vein endothelial cell,CT,blood_vasculature,CL:0002543
UBERON:0006665,accessory hemiazygos vein,AS,blood_vasculature,UBERON:0006665
CL:0000071$$2967,blood vessel endothelial cell,CT,blood_vasculature,CL:0000071
CL:0002543$$2968,vein endothelial cell,CT,blood_vasculature,CL:0002543
UBERON:0001592,bronchial vein,AS,blood_vasculature,UBERON:0001592
CL:0000071$$2969,blood vessel endothelial cell,CT,blood_vasculature,CL:0000071
CL:0002543$$2970,vein endothelial cell,CT,blood_vasculature,CL:0002543
UBERON:8600067,bronchial venule,AS,blood_vasculature,UBERON:8600067
CL:0000071$$2971,blood vessel endothelial cell,CT,blood_vasculature,CL:0000071
CL:1000414$$2972,endothelial cell of venule,CT,blood_vasculature,CL:1000414
FMA:4837,Left bronchial vein,AS,blood_vasculature,FMA:4837
CL:0000071$$2973,blood vessel endothelial cell,CT,blood_vasculature,CL:0000071
CL:0002543$$2974,vein endothelial cell,CT,blood_vasculature,CL:0002543
FMA:5004,Left fourth posterior intercostal vein,AS,blood_vasculature,FMA:5004
CL:0000071$$2975,blood vessel endothelial cell,CT,blood_vasculature,CL:0000071
CL:0002543$$2976,vein endothelial cell,CT,blood_vasculature,CL:0002543
FMA:4997,Left fifth posterior intercostal vein,AS,blood_vasculature,FMA:4997
CL:0000071$$2977,blood vessel endothelial cell,CT,blood_vasculature,CL:0000071
CL:0002543$$2978,vein endothelial cell,CT,blood_vasculature,CL:0002543
FMA:4990,Left sixth posterior intercostal vein,AS,blood_vasculature,FMA:4990
CL:0000071$$2979,blood vessel endothelial cell,CT,blood_vasculature,CL:0000071
CL:0002543$$2980,vein endothelial cell,CT,blood_vasculature,CL:0002543
FMA:4983,Left seventh posterior intercostal vein,AS,blood_vasculature,FMA:4983
CL:0000071$$2981,blood vessel endothelial cell,CT,blood_vasculature,CL:0000071
CL:0002543$$2982,vein endothelial cell,CT,blood_vasculature,CL:0002543
FMA:4976,Left eighth posterior intercostal vein,AS,blood_vasculature,FMA:4976
CL:0000071$$2983,blood vessel endothelial cell,CT,blood_vasculature,CL:0000071
CL:0002543$$2984,vein endothelial cell,CT,blood_vasculature,CL:0002543
UBERON:8600053,esophageal vein,AS,blood_vasculature,UBERON:8600053
CL:0000071$$2985,blood vessel endothelial cell,CT,blood_vasculature,CL:0000071
CL:0002543$$2986,vein endothelial cell,CT,blood_vasculature,CL:0002543
UBERON:0006663,hemiazygos vein,AS,blood_vasculature,UBERON:0006663
CL:0000071$$2987,blood vessel endothelial cell,CT,blood_vasculature,CL:0000071
CL:0002543$$2988,vein endothelial cell,CT,blood_vasculature,CL:0002543
FMA:4962,Left tenth posterior intercostal vein,AS,blood_vasculature,FMA:4962
CL:0000071$$2989,blood vessel endothelial cell,CT,blood_vasculature,CL:0000071
CL:0002543$$2990,vein endothelial cell,CT,blood_vasculature,CL:0002543
FMA:4949,Left eleventh posterior intercostal vein,AS,blood_vasculature,FMA:4949
CL:0000071$$2991,blood vessel endothelial cell,CT,blood_vasculature,CL:0000071
CL:0002543$$2992,vein endothelial cell,CT,blood_vasculature,CL:0002543
FMA:4969,Left ninth posterior intercostal vein,AS,blood_vasculature,FMA:4969
CL:0000071$$2993,blood vessel endothelial cell,CT,blood_vasculature,CL:0000071
CL:0002543$$2994,vein endothelial cell,CT,blood_vasculature,CL:0002543
UBERON:0035252,left subcostal vein,AS,blood_vasculature,UBERON:0035252
CL:0000071$$2995,blood vessel endothelial cell,CT,blood_vasculature,CL:0000071
CL:0002543$$2996,vein endothelial cell,CT,blood_vasculature,CL:0002543
UBERON:0012199,posterior intercostal vein,AS,blood_vasculature,UBERON:0012199
CL:0000071$$2997,blood vessel endothelial cell,CT,blood_vasculature,CL:0000071
CL:0002543$$2998,vein endothelial cell,CT,blood_vasculature,CL:0002543
FMA:10787$$2999,Anterior external vertebral venous plexus,AS,blood_vasculature,FMA:10787
CL:0000071$$3000,blood vessel endothelial cell,CT,blood_vasculature,CL:0000071
CL:0002543$$3001,vein endothelial cell,CT,blood_vasculature,CL:0002543
FMA:76736,Intervertebral vein,AS,blood_vasculature,FMA:76736
CL:0000071$$3002,blood vessel endothelial cell,CT,blood_vasculature,CL:0000071
CL:0002543$$3003,vein endothelial cell,CT,blood_vasculature,CL:0002543
FMA:12852$$3004,Posterior external vertebral venous plexus,AS,blood_vasculature,FMA:12852
CL:0000071$$3005,blood vessel endothelial cell,CT,blood_vasculature,CL:0000071
CL:0002543$$3006,vein endothelial cell,CT,blood_vasculature,CL:0002543
FMA:4942,Right bronchial vein,AS,blood_vasculature,FMA:4942
CL:0000071$$3007,blood vessel endothelial cell,CT,blood_vasculature,CL:0000071
CL:0002543$$3008,vein endothelial cell,CT,blood_vasculature,CL:0002543
FMA:4860,Right tenth posterior intercostal vein,AS,blood_vasculature,FMA:4860
CL:0000071$$3009,blood vessel endothelial cell,CT,blood_vasculature,CL:0000071
CL:0002543$$3010,vein endothelial cell,CT,blood_vasculature,CL:0002543
FMA:4859,Right eleventh posterior intercostal vein,AS,blood_vasculature,FMA:4859
CL:0000071$$3011,blood vessel endothelial cell,CT,blood_vasculature,CL:0000071
CL:0002543$$3012,vein endothelial cell,CT,blood_vasculature,CL:0002543
FMA:4876,Right fifth posterior intercostal vein,AS,blood_vasculature,FMA:4876
CL:0000071$$3013,blood vessel endothelial cell,CT,blood_vasculature,CL:0000071
CL:0002543$$3014,vein endothelial cell,CT,blood_vasculature,CL:0002543
FMA:4875,Right sixth posterior intercostal vein,AS,blood_vasculature,FMA:4875
CL:0000071$$3015,blood vessel endothelial cell,CT,blood_vasculature,CL:0000071
CL:0002543$$3016,vein endothelial cell,CT,blood_vasculature,CL:0002543
FMA:4874,Right seventh posterior intercostal vein,AS,blood_vasculature,FMA:4874
CL:0000071$$3017,blood vessel endothelial cell,CT,blood_vasculature,CL:0000071
CL:0002543$$3018,vein endothelial cell,CT,blood_vasculature,CL:0002543
FMA:4873,Right eighth posterior intercostal vein,AS,blood_vasculature,FMA:4873
CL:0000071$$3019,blood vessel endothelial cell,CT,blood_vasculature,CL:0000071
CL:0002543$$3020,vein endothelial cell,CT,blood_vasculature,CL:0002543
FMA:4872,Right ninth posterior intercostal vein,AS,blood_vasculature,FMA:4872
CL:0000071$$3021,blood vessel endothelial cell,CT,blood_vasculature,CL:0000071
CL:0002543$$3022,vein endothelial cell,CT,blood_vasculature,CL:0002543
UBERON:0035474,right subcostal vein,AS,blood_vasculature,UBERON:0035474
CL:0000071$$3023,blood vessel endothelial cell,CT,blood_vasculature,CL:0000071
CL:0002543$$3024,vein endothelial cell,CT,blood_vasculature,CL:0002543
UBERON:0012196,right superior intercostal vein,AS,blood_vasculature,UBERON:0012196
CL:0000071$$3025,blood vessel endothelial cell,CT,blood_vasculature,CL:0000071
CL:0002543$$3026,vein endothelial cell,CT,blood_vasculature,CL:0002543
FMA:4880,Right second posterior intercostal vein,AS,blood_vasculature,FMA:4880
CL:0000071$$3027,blood vessel endothelial cell,CT,blood_vasculature,CL:0000071
CL:0002543$$3028,vein endothelial cell,CT,blood_vasculature,CL:0002543
FMA:4879,Right third posterior intercostal vein,AS,blood_vasculature,FMA:4879
CL:0000071$$3029,blood vessel endothelial cell,CT,blood_vasculature,CL:0000071
CL:0002543$$3030,vein endothelial cell,CT,blood_vasculature,CL:0002543
FMA:4878,Right fourth posterior intercostal vein,AS,blood_vasculature,FMA:4878
CL:0000071$$3031,blood vessel endothelial cell,CT,blood_vasculature,CL:0000071
CL:0002543$$3032,vein endothelial cell,CT,blood_vasculature,CL:0002543
UBERON:0012194,superior intercostal vein,AS,blood_vasculature,UBERON:0012194
CL:0000071$$3033,blood vessel endothelial cell,CT,blood_vasculature,CL:0000071
CL:0002543$$3034,vein endothelial cell,CT,blood_vasculature,CL:0002543
UBERON:0012237,superior phrenic vein,AS,blood_vasculature,UBERON:0012237
CL:0000071$$3035,blood vessel endothelial cell,CT,blood_vasculature,CL:0000071
CL:0002543$$3036,vein endothelial cell,CT,blood_vasculature,CL:0002543
UBERON:0003711,brachiocephalic vein,AS,blood_vasculature,UBERON:0003711
CL:0000071$$3037,blood vessel endothelial cell,CT,blood_vasculature,CL:0000071
CL:0002543$$3038,vein endothelial cell,CT,blood_vasculature,CL:0002543
UBERON:0007156,inferior thyroid vein,AS,blood_vasculature,UBERON:0007156
CL:0000071$$3039,blood vessel endothelial cell,CT,blood_vasculature,CL:0000071
CL:0002543$$3040,vein endothelial cell,CT,blood_vasculature,CL:0002543
FMA:4748,Esophageal vein,AS,blood_vasculature,FMA:4748
CL:0000071$$3041,blood vessel endothelial cell,CT,blood_vasculature,CL:0000071
CL:0002543$$3042,vein endothelial cell,CT,blood_vasculature,CL:0002543
FMA:50800,Inferior laryngeal vein,AS,blood_vasculature,FMA:50800
CL:0000071$$3043,blood vessel endothelial cell,CT,blood_vasculature,CL:0000071
CL:0002543$$3044,vein endothelial cell,CT,blood_vasculature,CL:0002543
FMA:50855,Jugular venous arch,AS,blood_vasculature,FMA:50855
CL:0000071$$3045,blood vessel endothelial cell,CT,blood_vasculature,CL:0000071
CL:0002543$$3046,vein endothelial cell,CT,blood_vasculature,CL:0002543
UBERON:0001586,internal jugular vein,AS,blood_vasculature,UBERON:0001586
CL:0000071$$3047,blood vessel endothelial cell,CT,blood_vasculature,CL:0000071
CL:0002543$$3048,vein endothelial cell,CT,blood_vasculature,CL:0002543
ASCTB-TEMP:common-facial-vein,common facial vein,AS,blood_vasculature,ASCTB-TEMP:common-facial-vein
CL:0000071$$3049,blood vessel endothelial cell,CT,blood_vasculature,CL:0000071
CL:0002543$$3050,vein endothelial cell,CT,blood_vasculature,CL:0002543
ASCTB-TEMP:anterior-branch-of-retromandibular-vein,anterior branch of retromandibular vein,AS,blood_vasculature,ASCTB-TEMP:anterior-branch-of-retromandibular-vein
CL:0000071$$3051,blood vessel endothelial cell,CT,blood_vasculature,CL:0000071
CL:0002543$$3052,vein endothelial cell,CT,blood_vasculature,CL:0002543
UBERON:0001656,retromandibular vein,AS,blood_vasculature,UBERON:0001656
CL:0000071$$3053,blood vessel endothelial cell,CT,blood_vasculature,CL:0000071
CL:0002543$$3054,vein endothelial cell,CT,blood_vasculature,CL:0002543
UBERON:0001660,maxillary vein,AS,blood_vasculature,UBERON:0001660
CL:0000071$$3055,blood vessel endothelial cell,CT,blood_vasculature,CL:0000071
CL:0002543$$3056,vein endothelial cell,CT,blood_vasculature,CL:0002543
UBERON:0014685,pterygoid plexus,AS,blood_vasculature,UBERON:0014685
CL:0000071$$3057,blood vessel endothelial cell,CT,blood_vasculature,CL:0000071
CL:0002543$$3058,vein endothelial cell,CT,blood_vasculature,CL:0002543
UBERON:0001661,deep temporal vein,AS,blood_vasculature,UBERON:0001661
CL:0000071$$3059,blood vessel endothelial cell,CT,blood_vasculature,CL:0000071
CL:0002543$$3060,vein endothelial cell,CT,blood_vasculature,CL:0002543
ASCTB-TEMP:infraorbital-vein,infraorbital vein,AS,blood_vasculature,ASCTB-TEMP:infraorbital-vein
CL:0000071$$3061,blood vessel endothelial cell,CT,blood_vasculature,CL:0000071
CL:0002543$$3062,vein endothelial cell,CT,blood_vasculature,CL:0002543
UBERON:0001658,middle temporal vein,AS,blood_vasculature,UBERON:0001658
CL:0000071$$3063,blood vessel endothelial cell,CT,blood_vasculature,CL:0000071
CL:0002543$$3064,vein endothelial cell,CT,blood_vasculature,CL:0002543
UBERON:0001657,superficial temporal vein,AS,blood_vasculature,UBERON:0001657
CL:0000071$$3065,blood vessel endothelial cell,CT,blood_vasculature,CL:0000071
CL:0002543$$3066,vein endothelial cell,CT,blood_vasculature,CL:0002543
UBERON:0001659,transverse facial vein,AS,blood_vasculature,UBERON:0001659
CL:0000071$$3067,blood vessel endothelial cell,CT,blood_vasculature,CL:0000071
CL:0002543$$3068,vein endothelial cell,CT,blood_vasculature,CL:0002543
UBERON:0001659$$3069,transverse facial vein,AS,blood_vasculature,UBERON:0001659
CL:0000071$$3070,blood vessel endothelial cell,CT,blood_vasculature,CL:0000071
CL:0002543$$3071,vein endothelial cell,CT,blood_vasculature,CL:0002543
UBERON:0001653,facial vein,AS,blood_vasculature,UBERON:0001653
CL:0000071$$3072,blood vessel endothelial cell,CT,blood_vasculature,CL:0000071
CL:0002543$$3073,vein endothelial cell,CT,blood_vasculature,CL:0002543
UBERON:0014686,angular vein,AS,blood_vasculature,UBERON:0014686
CL:0000071$$3074,blood vessel endothelial cell,CT,blood_vasculature,CL:0000071
CL:0002543$$3075,vein endothelial cell,CT,blood_vasculature,CL:0002543
UBERON:8600087,external nasal vein,AS,blood_vasculature,UBERON:8600087
CL:0000071$$3076,blood vessel endothelial cell,CT,blood_vasculature,CL:0000071
CL:0002543$$3077,vein endothelial cell,CT,blood_vasculature,CL:0002543
UBERON:0002459,inferior palpebral vein,AS,blood_vasculature,UBERON:0002459
CL:0000071$$3078,blood vessel endothelial cell,CT,blood_vasculature,CL:0000071
CL:0002543$$3079,vein endothelial cell,CT,blood_vasculature,CL:0002543
UBERON:0014768,superior palpebral vein,AS,blood_vasculature,UBERON:0014768
CL:0000071$$3080,blood vessel endothelial cell,CT,blood_vasculature,CL:0000071
CL:0002543$$3081,vein endothelial cell,CT,blood_vasculature,CL:0002543
UBERON:0001654,supraorbital vein,AS,blood_vasculature,UBERON:0001654
CL:0000071$$3082,blood vessel endothelial cell,CT,blood_vasculature,CL:0000071
CL:0002543$$3083,vein endothelial cell,CT,blood_vasculature,CL:0002543
UBERON:8600088,supratrochlear vein,AS,blood_vasculature,UBERON:8600088
CL:0000071$$3084,blood vessel endothelial cell,CT,blood_vasculature,CL:0000071
CL:0002543$$3085,vein endothelial cell,CT,blood_vasculature,CL:0002543
UBERON:8600089,transverse nasal root vein,AS,blood_vasculature,UBERON:8600089
CL:0000071$$3086,blood vessel endothelial cell,CT,blood_vasculature,CL:0000071
CL:0002543$$3087,vein endothelial cell,CT,blood_vasculature,CL:0002543
UBERON:0035659,deep facial vein,AS,blood_vasculature,UBERON:0035659
CL:0000071$$3088,blood vessel endothelial cell,CT,blood_vasculature,CL:0000071
CL:0002543$$3089,vein endothelial cell,CT,blood_vasculature,CL:0002543
UBERON:0003478,vein of lower lip,AS,blood_vasculature,UBERON:0003478
CL:0000071$$3090,blood vessel endothelial cell,CT,blood_vasculature,CL:0000071
CL:0002543$$3091,vein endothelial cell,CT,blood_vasculature,CL:0002543
UBERON:8600068,mental vein,AS,blood_vasculature,UBERON:8600068
CL:0000071$$3092,blood vessel endothelial cell,CT,blood_vasculature,CL:0000071
CL:0002543$$3093,vein endothelial cell,CT,blood_vasculature,CL:0002543
UBERON:0035662,parotid vein,AS,blood_vasculature,UBERON:0035662
CL:0000071$$3094,blood vessel endothelial cell,CT,blood_vasculature,CL:0000071
CL:0002543$$3095,vein endothelial cell,CT,blood_vasculature,CL:0002543
UBERON:0001655,submental vein,AS,blood_vasculature,UBERON:0001655
CL:0000071$$3096,blood vessel endothelial cell,CT,blood_vasculature,CL:0000071
CL:0002543$$3097,vein endothelial cell,CT,blood_vasculature,CL:0002543
UBERON:0003477,vein of upper lip,AS,blood_vasculature,UBERON:0003477
CL:0000071$$3098,blood vessel endothelial cell,CT,blood_vasculature,CL:0000071
CL:0002543$$3099,vein endothelial cell,CT,blood_vasculature,CL:0002543
UBERON:0034982,inferior bulb of internal jugular vein,AS,blood_vasculature,UBERON:0034982
CL:0000071$$3100,blood vessel endothelial cell,CT,blood_vasculature,CL:0000071
CL:0002543$$3101,vein endothelial cell,CT,blood_vasculature,CL:0002543
UBERON:0007160,inferior petrosal sinus,AS,blood_vasculature,UBERON:0007160
CL:0000071$$3102,blood vessel endothelial cell,CT,blood_vasculature,CL:0000071
UBERON:0003712,cavernous sinus,AS,blood_vasculature,UBERON:0003712
CL:0000071$$3103,blood vessel endothelial cell,CT,blood_vasculature,CL:0000071
UBERON:0001673,central retinal vein,AS,blood_vasculature,UBERON:0001673
CL:0000071$$3104,blood vessel endothelial cell,CT,blood_vasculature,CL:0000071
CL:0002543$$3105,vein endothelial cell,CT,blood_vasculature,CL:0002543
UBERON:0036300,tributary of central retinal vein,AS,blood_vasculature,UBERON:0036300
CL:0000071$$3106,blood vessel endothelial cell,CT,blood_vasculature,CL:0000071
CL:0002543$$3107,vein endothelial cell,CT,blood_vasculature,CL:0002543
UBERON:8600090,hypophyseal vein,AS,blood_vasculature,UBERON:8600090
CL:0000071$$3108,blood vessel endothelial cell,CT,blood_vasculature,CL:0000071
CL:0002543$$3109,vein endothelial cell,CT,blood_vasculature,CL:0002543
UBERON:0011193,inferior ophthalmic vein,AS,blood_vasculature,UBERON:0011193
CL:0000071$$3110,blood vessel endothelial cell,CT,blood_vasculature,CL:0000071
CL:0002543$$3111,vein endothelial cell,CT,blood_vasculature,CL:0002543
UBERON:0035547,posterior ciliary vein,AS,blood_vasculature,UBERON:0035547
CL:0000071$$3112,blood vessel endothelial cell,CT,blood_vasculature,CL:0000071
CL:0002543$$3113,vein endothelial cell,CT,blood_vasculature,CL:0002543
UBERON:0035231,superficial middle cerebral vein,AS,blood_vasculature,UBERON:0035231
CL:0000071$$3114,blood vessel endothelial cell,CT,blood_vasculature,CL:0000071
CL:0002543$$3115,vein endothelial cell,CT,blood_vasculature,CL:0002543
ASCTB-TEMP:sphenopalatine-sinus,sphenopalatine sinus,AS,blood_vasculature,ASCTB-TEMP:sphenopalatine-sinus
CL:0000071$$3116,blood vessel endothelial cell,CT,blood_vasculature,CL:0000071
UBERON:0011192,superior ophthalmic vein,AS,blood_vasculature,UBERON:0011192
CL:0000071$$3117,blood vessel endothelial cell,CT,blood_vasculature,CL:0000071
CL:0002543$$3118,vein endothelial cell,CT,blood_vasculature,CL:0002543
FMA:51798,Anterior ciliary vein,AS,blood_vasculature,FMA:51798
CL:0000071$$3119,blood vessel endothelial cell,CT,blood_vasculature,CL:0000071
CL:0002543$$3120,vein endothelial cell,CT,blood_vasculature,CL:0002543
FMA:51770,Ethmoidal vein,AS,blood_vasculature,FMA:51770
CL:0000071$$3121,blood vessel endothelial cell,CT,blood_vasculature,CL:0000071
CL:0002543$$3122,vein endothelial cell,CT,blood_vasculature,CL:0002543
UBERON:0018256,lacrimal vein,AS,blood_vasculature,UBERON:0018256
CL:0000071$$3123,blood vessel endothelial cell,CT,blood_vasculature,CL:0000071
CL:0002543$$3124,vein endothelial cell,CT,blood_vasculature,CL:0002543
UBERON:0004689,naso-frontal vein,AS,blood_vasculature,UBERON:0004689
CL:0000071$$3125,blood vessel endothelial cell,CT,blood_vasculature,CL:0000071
CL:0002543$$3126,vein endothelial cell,CT,blood_vasculature,CL:0002543
UBERON:0035547$$3127,posterior ciliary vein,AS,blood_vasculature,UBERON:0035547
CL:0000071$$3128,blood vessel endothelial cell,CT,blood_vasculature,CL:0000071
CL:0002543$$3129,vein endothelial cell,CT,blood_vasculature,CL:0002543
UBERON:0006634,lingual vein,AS,blood_vasculature,UBERON:0006634
CL:0000071$$3130,blood vessel endothelial cell,CT,blood_vasculature,CL:0000071
CL:0002543$$3131,vein endothelial cell,CT,blood_vasculature,CL:0002543
UBERON:8600069,deep lingual vein,AS,blood_vasculature,UBERON:8600069
CL:0000071$$3132,blood vessel endothelial cell,CT,blood_vasculature,CL:0000071
CL:0002543$$3133,vein endothelial cell,CT,blood_vasculature,CL:0002543
UBERON:8600070,dorsal lingual vein,AS,blood_vasculature,UBERON:8600070
CL:0000071$$3134,blood vessel endothelial cell,CT,blood_vasculature,CL:0000071
CL:0002543$$3135,vein endothelial cell,CT,blood_vasculature,CL:0002543
UBERON:8600071,sublingual vein,AS,blood_vasculature,UBERON:8600071
CL:0000071$$3136,blood vessel endothelial cell,CT,blood_vasculature,CL:0000071
CL:0002543$$3137,vein endothelial cell,CT,blood_vasculature,CL:0002543
UBERON:0034965,middle thyroid vein,AS,blood_vasculature,UBERON:0034965
CL:0000071$$3138,blood vessel endothelial cell,CT,blood_vasculature,CL:0000071
CL:0002543$$3139,vein endothelial cell,CT,blood_vasculature,CL:0002543
UBERON:0005475,sigmoid sinus,AS,blood_vasculature,UBERON:0005475
CL:0000071$$3140,blood vessel endothelial cell,CT,blood_vasculature,CL:0000071
UBERON:0017637,marginal venous sinus,AS,blood_vasculature,UBERON:0017637
CL:0000071$$3141,blood vessel endothelial cell,CT,blood_vasculature,CL:0000071
UBERON:0001641,transverse sinus,AS,blood_vasculature,UBERON:0001641
CL:0000071$$3142,blood vessel endothelial cell,CT,blood_vasculature,CL:0000071
FMA:50784,Sinus confluence,AS,blood_vasculature,FMA:50784
CL:0000071$$3143,blood vessel endothelial cell,CT,blood_vasculature,CL:0000071
FMA:50781,Occipital sinus,AS,blood_vasculature,FMA:50781
CL:0000071$$3144,blood vessel endothelial cell,CT,blood_vasculature,CL:0000071
UBERON:0005481,tentorial sinus,AS,blood_vasculature,UBERON:0005481
CL:0000071$$3145,blood vessel endothelial cell,CT,blood_vasculature,CL:0000071
UBERON:0006666,great cerebral vein,AS,blood_vasculature,UBERON:0006666
CL:0000071$$3146,blood vessel endothelial cell,CT,blood_vasculature,CL:0000071
CL:0002543$$3147,vein endothelial cell,CT,blood_vasculature,CL:0002543
UBERON:0035530,basal vein,AS,blood_vasculature,UBERON:0035530
CL:0000071$$3148,blood vessel endothelial cell,CT,blood_vasculature,CL:0000071
CL:0002543$$3149,vein endothelial cell,CT,blood_vasculature,CL:0002543
UBERON:0001672,anterior cerebral vein,AS,blood_vasculature,UBERON:0001672
CL:0000071$$3150,blood vessel endothelial cell,CT,blood_vasculature,CL:0000071
CL:0002543$$3151,vein endothelial cell,CT,blood_vasculature,CL:0002543
UBERON:0035532,deep middle cerebral vein,AS,blood_vasculature,UBERON:0035532
CL:0000071$$3152,blood vessel endothelial cell,CT,blood_vasculature,CL:0000071
CL:0002543$$3153,vein endothelial cell,CT,blood_vasculature,CL:0002543
ASCTB-TEMP:inferior-striate-vein,inferior striate vein,AS,blood_vasculature,ASCTB-TEMP:inferior-striate-vein
CL:0000071$$3154,blood vessel endothelial cell,CT,blood_vasculature,CL:0000071
CL:0002543$$3155,vein endothelial cell,CT,blood_vasculature,CL:0002543
FMA:51341,Lateral mesencephalic vein,AS,blood_vasculature,FMA:51341
CL:0000071$$3156,blood vessel endothelial cell,CT,blood_vasculature,CL:0000071
CL:0002543$$3157,vein endothelial cell,CT,blood_vasculature,CL:0002543
UBERON:0035152,internal cerebral vein,AS,blood_vasculature,UBERON:0035152
CL:0000071$$3158,blood vessel endothelial cell,CT,blood_vasculature,CL:0000071
CL:0002543$$3159,vein endothelial cell,CT,blood_vasculature,CL:0002543
FMA:51329,Superior choroid vein,AS,blood_vasculature,FMA:51329
CL:0000071$$3160,blood vessel endothelial cell,CT,blood_vasculature,CL:0000071
CL:0002543$$3161,vein endothelial cell,CT,blood_vasculature,CL:0002543
FMA:50997,Superior thalamostriate vein,AS,blood_vasculature,FMA:50997
CL:0000071$$3162,blood vessel endothelial cell,CT,blood_vasculature,CL:0000071
CL:0002543$$3163,vein endothelial cell,CT,blood_vasculature,CL:0002543
UBERON:0007152,inferior sagittal sinus,AS,blood_vasculature,UBERON:0007152
CL:0000071$$3164,blood vessel endothelial cell,CT,blood_vasculature,CL:0000071
UBERON:0001669,superior cerebellar vein,AS,blood_vasculature,UBERON:0001669
CL:0000071$$3165,blood vessel endothelial cell,CT,blood_vasculature,CL:0000071
CL:0002543$$3166,vein endothelial cell,CT,blood_vasculature,CL:0002543
UBERON:0001642,superior sagittal sinus,AS,blood_vasculature,UBERON:0001642
CL:0000071$$3167,blood vessel endothelial cell,CT,blood_vasculature,CL:0000071
FMA:51238,Superior anastomotic vein,AS,blood_vasculature,FMA:51238
CL:0000071$$3168,blood vessel endothelial cell,CT,blood_vasculature,CL:0000071
CL:0002543$$3169,vein endothelial cell,CT,blood_vasculature,CL:0002543
UBERON:0035150,superior cerebral vein,AS,blood_vasculature,UBERON:0035150
CL:0000071$$3170,blood vessel endothelial cell,CT,blood_vasculature,CL:0000071
CL:0002543$$3171,vein endothelial cell,CT,blood_vasculature,CL:0002543
UBERON:8600091,inferior anastomotic vein,AS,blood_vasculature,UBERON:8600091
CL:0000071$$3172,blood vessel endothelial cell,CT,blood_vasculature,CL:0000071
CL:0002543$$3173,vein endothelial cell,CT,blood_vasculature,CL:0002543
UBERON:0001670,inferior cerebellar vein,AS,blood_vasculature,UBERON:0001670
CL:0000071$$3174,blood vessel endothelial cell,CT,blood_vasculature,CL:0000071
CL:0002543$$3175,vein endothelial cell,CT,blood_vasculature,CL:0002543
UBERON:0001664,inferior cerebral vein,AS,blood_vasculature,UBERON:0001664
CL:0000071$$3176,blood vessel endothelial cell,CT,blood_vasculature,CL:0000071
CL:0002543$$3177,vein endothelial cell,CT,blood_vasculature,CL:0002543
FMA:50771,Superior petrosal sinus,AS,blood_vasculature,FMA:50771
CL:0000071$$3178,blood vessel endothelial cell,CT,blood_vasculature,CL:0000071
UBERON:0003712$$3179,cavernous sinus,AS,blood_vasculature,UBERON:0003712
CL:0000071$$3180,blood vessel endothelial cell,CT,blood_vasculature,CL:0000071
FMA:51350,Superior petrosal vein,AS,blood_vasculature,FMA:51350
CL:0000071$$3181,blood vessel endothelial cell,CT,blood_vasculature,CL:0000071
CL:0002543$$3182,vein endothelial cell,CT,blood_vasculature,CL:0002543
UBERON:0036074,vein of vestibular aqueduct,AS,blood_vasculature,UBERON:0036074
CL:0000071$$3183,blood vessel endothelial cell,CT,blood_vasculature,CL:0000071
CL:0002543$$3184,vein endothelial cell,CT,blood_vasculature,CL:0002543
UBERON:0034981,superior bulb of internal jugular vein,AS,blood_vasculature,UBERON:0034981
CL:0000071$$3185,blood vessel endothelial cell,CT,blood_vasculature,CL:0000071
CL:0002543$$3186,vein endothelial cell,CT,blood_vasculature,CL:0002543
UBERON:0007157,superior thyroid vein,AS,blood_vasculature,UBERON:0007157
CL:0000071$$3187,blood vessel endothelial cell,CT,blood_vasculature,CL:0000071
CL:0002543$$3188,vein endothelial cell,CT,blood_vasculature,CL:0002543
UBERON:8600072,glandular venous plexus,AS,blood_vasculature,UBERON:8600072
CL:0000071$$3189,blood vessel endothelial cell,CT,blood_vasculature,CL:0000071
CL:0002543$$3190,vein endothelial cell,CT,blood_vasculature,CL:0002543
FMA:14324,Superior laryngeal vein,AS,blood_vasculature,FMA:14324
CL:0000071$$3191,blood vessel endothelial cell,CT,blood_vasculature,CL:0000071
CL:0002543$$3192,vein endothelial cell,CT,blood_vasculature,CL:0002543
UBERON:0001589,internal thoracic vein,AS,blood_vasculature,UBERON:0001589
CL:0000071$$3193,blood vessel endothelial cell,CT,blood_vasculature,CL:0000071
CL:0002543$$3194,vein endothelial cell,CT,blood_vasculature,CL:0002543
UBERON:0012200,anterior intercostal vein,AS,blood_vasculature,UBERON:0012200
CL:0000071$$3195,blood vessel endothelial cell,CT,blood_vasculature,CL:0000071
CL:0002543$$3196,vein endothelial cell,CT,blood_vasculature,CL:0002543
FMA:4741,First anterior intercostal vein,AS,blood_vasculature,FMA:4741
CL:0000071$$3197,blood vessel endothelial cell,CT,blood_vasculature,CL:0000071
CL:0002543$$3198,vein endothelial cell,CT,blood_vasculature,CL:0002543
FMA:4740,Second anterior intercostal vein,AS,blood_vasculature,FMA:4740
CL:0000071$$3199,blood vessel endothelial cell,CT,blood_vasculature,CL:0000071
CL:0002543$$3200,vein endothelial cell,CT,blood_vasculature,CL:0002543
FMA:4739,Third anterior intercostal vein,AS,blood_vasculature,FMA:4739
CL:0000071$$3201,blood vessel endothelial cell,CT,blood_vasculature,CL:0000071
CL:0002543$$3202,vein endothelial cell,CT,blood_vasculature,CL:0002543
FMA:4735,Fourth anterior intercostal vein,AS,blood_vasculature,FMA:4735
CL:0000071$$3203,blood vessel endothelial cell,CT,blood_vasculature,CL:0000071
CL:0002543$$3204,vein endothelial cell,CT,blood_vasculature,CL:0002543
FMA:4734,Fifth anterior intercostal vein,AS,blood_vasculature,FMA:4734
CL:0000071$$3205,blood vessel endothelial cell,CT,blood_vasculature,CL:0000071
CL:0002543$$3206,vein endothelial cell,CT,blood_vasculature,CL:0002543
FMA:4733,Sixth anterior intercostal vein,AS,blood_vasculature,FMA:4733
CL:0000071$$3207,blood vessel endothelial cell,CT,blood_vasculature,CL:0000071
CL:0002543$$3208,vein endothelial cell,CT,blood_vasculature,CL:0002543
UBERON:0006662,musculo-phrenic vein,AS,blood_vasculature,UBERON:0006662
CL:0000071$$3209,blood vessel endothelial cell,CT,blood_vasculature,CL:0000071
CL:0002543$$3210,vein endothelial cell,CT,blood_vasculature,CL:0002543
FMA:4736,Seventh anterior intercostal vein,AS,blood_vasculature,FMA:4736
CL:0000071$$3211,blood vessel endothelial cell,CT,blood_vasculature,CL:0000071
CL:0002543$$3212,vein endothelial cell,CT,blood_vasculature,CL:0002543
FMA:4737,Eighth anterior intercostal vein,AS,blood_vasculature,FMA:4737
CL:0000071$$3213,blood vessel endothelial cell,CT,blood_vasculature,CL:0000071
CL:0002543$$3214,vein endothelial cell,CT,blood_vasculature,CL:0002543
FMA:4738,Ninth anterior intercostal vein,AS,blood_vasculature,FMA:4738
CL:0000071$$3215,blood vessel endothelial cell,CT,blood_vasculature,CL:0000071
CL:0002543$$3216,vein endothelial cell,CT,blood_vasculature,CL:0002543
UBERON:0007155,superior epigastric vein,AS,blood_vasculature,UBERON:0007155
CL:0000071$$3217,blood vessel endothelial cell,CT,blood_vasculature,CL:0000071
CL:0002543$$3218,vein endothelial cell,CT,blood_vasculature,CL:0002543
UBERON:0001590,pericardiacophrenic vein,AS,blood_vasculature,UBERON:0001590
CL:0000071$$3219,blood vessel endothelial cell,CT,blood_vasculature,CL:0000071
CL:0002543$$3220,vein endothelial cell,CT,blood_vasculature,CL:0002543
UBERON:0001587,subclavian vein,AS,blood_vasculature,UBERON:0001587
CL:0000071$$3221,blood vessel endothelial cell,CT,blood_vasculature,CL:0000071
CL:0002543$$3222,vein endothelial cell,CT,blood_vasculature,CL:0002543
UBERON:0000985,axillary vein,AS,blood_vasculature,UBERON:0000985
CL:0000071$$3223,blood vessel endothelial cell,CT,blood_vasculature,CL:0000071
CL:0002543$$3224,vein endothelial cell,CT,blood_vasculature,CL:0002543
UBERON:0001411,basilic vein,AS,blood_vasculature,UBERON:0001411
CL:0000071$$3225,blood vessel endothelial cell,CT,blood_vasculature,CL:0000071
CL:0002543$$3226,vein endothelial cell,CT,blood_vasculature,CL:0002543
FMA:67977,Dorsal venous network of hand,AS,blood_vasculature,FMA:67977
CL:0000071$$3227,blood vessel endothelial cell,CT,blood_vasculature,CL:0000071
CL:0002543$$3228,vein endothelial cell,CT,blood_vasculature,CL:0002543
FMA:22954,Dorsal metacarpal vein,AS,blood_vasculature,FMA:22954
CL:0000071$$3229,blood vessel endothelial cell,CT,blood_vasculature,CL:0000071
CL:0002543$$3230,vein endothelial cell,CT,blood_vasculature,CL:0002543
FMA:22958,Dorsal digital vein of finger,AS,blood_vasculature,FMA:22958
CL:0000071$$3231,blood vessel endothelial cell,CT,blood_vasculature,CL:0000071
CL:0002543$$3232,vein endothelial cell,CT,blood_vasculature,CL:0002543
FMA:22967,Median antebrachial vein,AS,blood_vasculature,FMA:22967
CL:0000071$$3233,blood vessel endothelial cell,CT,blood_vasculature,CL:0000071
CL:0002543$$3234,vein endothelial cell,CT,blood_vasculature,CL:0002543
UBERON:0001414,median basilic vein,AS,blood_vasculature,UBERON:0001414
CL:0000071$$3235,blood vessel endothelial cell,CT,blood_vasculature,CL:0000071
CL:0002543$$3236,vein endothelial cell,CT,blood_vasculature,CL:0002543
UBERON:0001413,brachial vein,AS,blood_vasculature,UBERON:0001413
CL:0000071$$3237,blood vessel endothelial cell,CT,blood_vasculature,CL:0000071
CL:0002543$$3238,vein endothelial cell,CT,blood_vasculature,CL:0002543
UBERON:8600092,radial vein,AS,blood_vasculature,UBERON:8600092
CL:0000071$$3239,blood vessel endothelial cell,CT,blood_vasculature,CL:0000071
CL:0002543$$3240,vein endothelial cell,CT,blood_vasculature,CL:0002543
FMA:22911,Deep palmar venous arch,AS,blood_vasculature,FMA:22911
CL:0000071$$3241,blood vessel endothelial cell,CT,blood_vasculature,CL:0000071
CL:0002543$$3242,vein endothelial cell,CT,blood_vasculature,CL:0002543
UBERON:8600093,ulnar vein,AS,blood_vasculature,UBERON:8600093
CL:0000071$$3243,blood vessel endothelial cell,CT,blood_vasculature,CL:0000071
CL:0002543$$3244,vein endothelial cell,CT,blood_vasculature,CL:0002543
FMA:22914,Superficial palmar venous arch,AS,blood_vasculature,FMA:22914
CL:0000071$$3245,blood vessel endothelial cell,CT,blood_vasculature,CL:0000071
CL:0002543$$3246,vein endothelial cell,CT,blood_vasculature,CL:0002543
UBERON:0001412,common palmar digital vein,AS,blood_vasculature,UBERON:0001412
CL:0000071$$3247,blood vessel endothelial cell,CT,blood_vasculature,CL:0000071
CL:0002543$$3248,vein endothelial cell,CT,blood_vasculature,CL:0002543
UBERON:0004561,proper palmar digital vein,AS,blood_vasculature,UBERON:0004561
CL:0000071$$3249,blood vessel endothelial cell,CT,blood_vasculature,CL:0000071
CL:0002543$$3250,vein endothelial cell,CT,blood_vasculature,CL:0002543
ASCTB-TEMP:medial-proper-palmar-digital-vein-of-fifth-digit-of-hand,medial proper palmar digital vein of fifth digit of hand,AS,blood_vasculature,ASCTB-TEMP:medial-proper-palmar-digital-vein-of-fifth-digit-of-hand
CL:0000071$$3251,blood vessel endothelial cell,CT,blood_vasculature,CL:0000071
CL:0002543$$3252,vein endothelial cell,CT,blood_vasculature,CL:0002543
ASCTB-TEMP:cutaneous-branch-of-medial-proper-palmar-digital-vein-of-fifth-digit-of-hand,cutaneous branch of medial proper palmar digital vein of fifth digit of hand,AS,blood_vasculature,ASCTB-TEMP:cutaneous-branch-of-medial-proper-palmar-digital-vein-of-fifth-digit-of-hand
CL:0000071$$3253,blood vessel endothelial cell,CT,blood_vasculature,CL:0000071
CL:0002543$$3254,vein endothelial cell,CT,blood_vasculature,CL:0002543
ASCTB-TEMP:cutaneous-venule,cutaneous venule,AS,blood_vasculature,ASCTB-TEMP:cutaneous-venule
CL:0000071$$3255,blood vessel endothelial cell,CT,blood_vasculature,CL:0000071
CL:1000414$$3256,endothelial cell of venule,CT,blood_vasculature,CL:1000414
UBERON:0001106,cephalic vein,AS,blood_vasculature,UBERON:0001106
CL:0000071$$3257,blood vessel endothelial cell,CT,blood_vasculature,CL:0000071
CL:0002543$$3258,vein endothelial cell,CT,blood_vasculature,CL:0002543
FMA:67977$$3259,Dorsal venous network of hand,AS,blood_vasculature,FMA:67977
CL:0000071$$3260,blood vessel endothelial cell,CT,blood_vasculature,CL:0000071
CL:0002543$$3261,vein endothelial cell,CT,blood_vasculature,CL:0002543
UBERON:8600073,circumflex humeral vein,AS,blood_vasculature,UBERON:8600073
CL:0000071$$3262,blood vessel endothelial cell,CT,blood_vasculature,CL:0000071
CL:0002543$$3263,vein endothelial cell,CT,blood_vasculature,CL:0002543
UBERON:0002088,lateral thoracic vein,AS,blood_vasculature,UBERON:0002088
CL:0000071$$3264,blood vessel endothelial cell,CT,blood_vasculature,CL:0000071
CL:0002543$$3265,vein endothelial cell,CT,blood_vasculature,CL:0002543
UBERON:0001420,subscapular vein,AS,blood_vasculature,UBERON:0001420
CL:0000071$$3266,blood vessel endothelial cell,CT,blood_vasculature,CL:0000071
CL:0002543$$3267,vein endothelial cell,CT,blood_vasculature,CL:0002543
UBERON:8600074,thoracoacromial vein,AS,blood_vasculature,UBERON:8600074
CL:0000071$$3268,blood vessel endothelial cell,CT,blood_vasculature,CL:0000071
CL:0002543$$3269,vein endothelial cell,CT,blood_vasculature,CL:0002543
UBERON:0002089,thoracodorsal vein,AS,blood_vasculature,UBERON:0002089
CL:0000071$$3270,blood vessel endothelial cell,CT,blood_vasculature,CL:0000071
CL:0002543$$3271,vein endothelial cell,CT,blood_vasculature,CL:0002543
UBERON:0001101,external jugular vein,AS,blood_vasculature,UBERON:0001101
CL:0000071$$3272,blood vessel endothelial cell,CT,blood_vasculature,CL:0000071
CL:0002543$$3273,vein endothelial cell,CT,blood_vasculature,CL:0002543
UBERON:0001104,anterior jugular vein,AS,blood_vasculature,UBERON:0001104
CL:0000071$$3274,blood vessel endothelial cell,CT,blood_vasculature,CL:0000071
CL:0002543$$3275,vein endothelial cell,CT,blood_vasculature,CL:0002543
FMA:50855$$3276,Jugular venous arch,AS,blood_vasculature,FMA:50855
CL:0000071$$3277,blood vessel endothelial cell,CT,blood_vasculature,CL:0000071
CL:0002543$$3278,vein endothelial cell,CT,blood_vasculature,CL:0002543
ASCTB-TEMP:small-thyroid-vein,small thyroid vein,AS,blood_vasculature,ASCTB-TEMP:small-thyroid-vein
CL:0000071$$3279,blood vessel endothelial cell,CT,blood_vasculature,CL:0000071
CL:0002543$$3280,vein endothelial cell,CT,blood_vasculature,CL:0002543
ASCTB-TEMP:superficial-submandibular-vein,superficial submandibular vein,AS,blood_vasculature,ASCTB-TEMP:superficial-submandibular-vein
CL:0000071$$3281,blood vessel endothelial cell,CT,blood_vasculature,CL:0000071
CL:0002543$$3282,vein endothelial cell,CT,blood_vasculature,CL:0002543
UBERON:0006199,posterior auricular vein,AS,blood_vasculature,UBERON:0006199
CL:0000071$$3283,blood vessel endothelial cell,CT,blood_vasculature,CL:0000071
CL:0002543$$3284,vein endothelial cell,CT,blood_vasculature,CL:0002543
ASCTB-TEMP:posterior-branch-of-retromandibular-vein,posterior branch of retromandibular vein,AS,blood_vasculature,ASCTB-TEMP:posterior-branch-of-retromandibular-vein
CL:0000071$$3285,blood vessel endothelial cell,CT,blood_vasculature,CL:0000071
CL:0002543$$3286,vein endothelial cell,CT,blood_vasculature,CL:0002543
UBERON:0001656$$3287,retromandibular vein,AS,blood_vasculature,UBERON:0001656
CL:0000071$$3288,blood vessel endothelial cell,CT,blood_vasculature,CL:0000071
CL:0002543$$3289,vein endothelial cell,CT,blood_vasculature,CL:0002543
UBERON:0035249,posterior external jugular vein,AS,blood_vasculature,UBERON:0035249
CL:0000071$$3290,blood vessel endothelial cell,CT,blood_vasculature,CL:0000071
CL:0002543$$3291,vein endothelial cell,CT,blood_vasculature,CL:0002543
FMA:14319,Suprascapular vein,AS,blood_vasculature,FMA:14319
CL:0000071$$3292,blood vessel endothelial cell,CT,blood_vasculature,CL:0000071
CL:0002543$$3293,vein endothelial cell,CT,blood_vasculature,CL:0002543
UBERON:8600075,transverse cervical vein,AS,blood_vasculature,UBERON:8600075
CL:0000071$$3294,blood vessel endothelial cell,CT,blood_vasculature,CL:0000071
CL:0002543$$3295,vein endothelial cell,CT,blood_vasculature,CL:0002543
UBERON:8600054,supreme intercostal vein,AS,blood_vasculature,UBERON:8600054
CL:0000071$$3296,blood vessel endothelial cell,CT,blood_vasculature,CL:0000071
CL:0002543$$3297,vein endothelial cell,CT,blood_vasculature,CL:0002543
UBERON:0001588,vertebral vein,AS,blood_vasculature,UBERON:0001588
CL:0000071$$3298,blood vessel endothelial cell,CT,blood_vasculature,CL:0000071
CL:0002543$$3299,vein endothelial cell,CT,blood_vasculature,CL:0002543
FMA:14290,Accessory vertebral vein,AS,blood_vasculature,FMA:14290
CL:0000071$$3300,blood vessel endothelial cell,CT,blood_vasculature,CL:0000071
CL:0002543$$3301,vein endothelial cell,CT,blood_vasculature,CL:0002543
FMA:10787$$3302,Anterior external vertebral venous plexus,AS,blood_vasculature,FMA:10787
CL:0000071$$3303,blood vessel endothelial cell,CT,blood_vasculature,CL:0000071
CL:0002543$$3304,vein endothelial cell,CT,blood_vasculature,CL:0002543
FMA:14296,Anterior vertebral vein,AS,blood_vasculature,FMA:14296
CL:0000071$$3305,blood vessel endothelial cell,CT,blood_vasculature,CL:0000071
CL:0002543$$3306,vein endothelial cell,CT,blood_vasculature,CL:0002543
UBERON:8600059,deep cervical vein,AS,blood_vasculature,UBERON:8600059
CL:0000071$$3307,blood vessel endothelial cell,CT,blood_vasculature,CL:0000071
CL:0002543$$3308,vein endothelial cell,CT,blood_vasculature,CL:0002543
UBERON:8600076,suboccipital venous plexus,AS,blood_vasculature,UBERON:8600076
CL:0000071$$3309,blood vessel endothelial cell,CT,blood_vasculature,CL:0000071
CL:0002543$$3310,vein endothelial cell,CT,blood_vasculature,CL:0002543
FMA:50802,Occipital vein,AS,blood_vasculature,FMA:50802
CL:0000071$$3311,blood vessel endothelial cell,CT,blood_vasculature,CL:0000071
CL:0002543$$3312,vein endothelial cell,CT,blood_vasculature,CL:0002543
FMA:76736$$3313,Intervertebral vein,AS,blood_vasculature,FMA:76736
CL:0000071$$3314,blood vessel endothelial cell,CT,blood_vasculature,CL:0000071
CL:0002543$$3315,vein endothelial cell,CT,blood_vasculature,CL:0002543
FMA:12852$$3316,Posterior external vertebral venous plexus,AS,blood_vasculature,FMA:12852
CL:0000071$$3317,blood vessel endothelial cell,CT,blood_vasculature,CL:0000071
CL:0002543$$3318,vein endothelial cell,CT,blood_vasculature,CL:0002543
FMA:4761,Left brachiocephalic vein,AS,blood_vasculature,FMA:4761
CL:0000071$$3319,blood vessel endothelial cell,CT,blood_vasculature,CL:0000071
CL:0002543$$3320,vein endothelial cell,CT,blood_vasculature,CL:0002543
UBERON:0012195,left superior intercostal vein,AS,blood_vasculature,UBERON:0012195
CL:0000071$$3321,blood vessel endothelial cell,CT,blood_vasculature,CL:0000071
CL:0002543$$3322,vein endothelial cell,CT,blood_vasculature,CL:0002543
FMA:4799,Left second posterior intercostal vein,AS,blood_vasculature,FMA:4799
CL:0000071$$3323,blood vessel endothelial cell,CT,blood_vasculature,CL:0000071
CL:0002543$$3324,vein endothelial cell,CT,blood_vasculature,CL:0002543
FMA:4800,Left third posterior intercostal vein,AS,blood_vasculature,FMA:4800
CL:0000071$$3325,blood vessel endothelial cell,CT,blood_vasculature,CL:0000071
CL:0002543$$3326,vein endothelial cell,CT,blood_vasculature,CL:0002543
UBERON:0001591,thymic vein,AS,blood_vasculature,UBERON:0001591
CL:0000071$$3327,blood vessel endothelial cell,CT,blood_vasculature,CL:0000071
CL:0002543$$3328,vein endothelial cell,CT,blood_vasculature,CL:0002543
ASCTB-TEMP:thymic-venule,thymic venule,AS,blood_vasculature,ASCTB-TEMP:thymic-venule
CL:0000071$$3329,blood vessel endothelial cell,CT,blood_vasculature,CL:0000071
CL:1000414$$3330,endothelial cell of venule,CT,blood_vasculature,CL:1000414
FMA:4751,Right brachiocephalic vein,AS,blood_vasculature,FMA:4751
CL:0000071$$3331,blood vessel endothelial cell,CT,blood_vasculature,CL:0000071
CL:0002543$$3332,vein endothelial cell,CT,blood_vasculature,CL:0002543
UBERON:0002080,heart right ventricle,AS,blood_vasculature,UBERON:0002080
CL:0010008$$3333,cardiac endothelial cell,CT,blood_vasculature,CL:0010008
UBERON:0002333,pulmonary trunk,AS,blood_vasculature,UBERON:0002333
CL:0000071$$3334,blood vessel endothelial cell,CT,blood_vasculature,CL:0000071
CL:1000413$$3335,endothelial cell of artery,CT,blood_vasculature,CL:1000413
CL:0000057$$3336,fibroblast,CT,blood_vasculature,CL:0000057
CL:0000359$$3337,vascular associated smooth muscle cell,CT,blood_vasculature,CL:0000359
UBERON:0001652,left pulmonary artery,AS,blood_vasculature,UBERON:0001652
CL:0000071$$3338,blood vessel endothelial cell,CT,blood_vasculature,CL:0000071
CL:1000413$$3339,endothelial cell of artery,CT,blood_vasculature,CL:1000413
CL:0000057$$3340,fibroblast,CT,blood_vasculature,CL:0000057
CL:0000359$$3341,vascular associated smooth muscle cell,CT,blood_vasculature,CL:0000359
ASCTB-TEMP:apicoanterior-trunk-of-left-pulmonary-artery,apicoanterior trunk of left pulmonary artery,AS,blood_vasculature,ASCTB-TEMP:apicoanterior-trunk-of-left-pulmonary-artery
CL:0000071$$3342,blood vessel endothelial cell,CT,blood_vasculature,CL:0000071
CL:1000413$$3343,endothelial cell of artery,CT,blood_vasculature,CL:1000413
CL:0000057$$3344,fibroblast,CT,blood_vasculature,CL:0000057
CL:0000359$$3345,vascular associated smooth muscle cell,CT,blood_vasculature,CL:0000359
FMA:13279,Left anterior segmental artery,AS,blood_vasculature,FMA:13279
CL:0000071$$3346,blood vessel endothelial cell,CT,blood_vasculature,CL:0000071
CL:1000413$$3347,endothelial cell of artery,CT,blood_vasculature,CL:1000413
CL:0000057$$3348,fibroblast,CT,blood_vasculature,CL:0000057
CL:0000359$$3349,vascular associated smooth muscle cell,CT,blood_vasculature,CL:0000359
FMA:13281,Apicoposterior segmental artery,AS,blood_vasculature,FMA:13281
CL:0000071$$3350,blood vessel endothelial cell,CT,blood_vasculature,CL:0000071
CL:1000413$$3351,endothelial cell of artery,CT,blood_vasculature,CL:1000413
CL:0000057$$3352,fibroblast,CT,blood_vasculature,CL:0000057
CL:0000359$$3353,vascular associated smooth muscle cell,CT,blood_vasculature,CL:0000359
FMA:9284,Interlobar portion of left pulmonary artery,AS,blood_vasculature,FMA:9284
CL:0000071$$3354,blood vessel endothelial cell,CT,blood_vasculature,CL:0000071
CL:1000413$$3355,endothelial cell of artery,CT,blood_vasculature,CL:1000413
CL:0000057$$3356,fibroblast,CT,blood_vasculature,CL:0000057
CL:0000359$$3357,vascular associated smooth muscle cell,CT,blood_vasculature,CL:0000359
FMA:68848,Trunk of left basal segmental artery,AS,blood_vasculature,FMA:68848
CL:0000071$$3358,blood vessel endothelial cell,CT,blood_vasculature,CL:0000071
CL:1000413$$3359,endothelial cell of artery,CT,blood_vasculature,CL:1000413
CL:0000057$$3360,fibroblast,CT,blood_vasculature,CL:0000057
CL:0000359$$3361,vascular associated smooth muscle cell,CT,blood_vasculature,CL:0000359
FMA:8645,Left anterior basal segmental artery,AS,blood_vasculature,FMA:8645
CL:0000071$$3362,blood vessel endothelial cell,CT,blood_vasculature,CL:0000071
CL:1000413$$3363,endothelial cell of artery,CT,blood_vasculature,CL:1000413
CL:0000057$$3364,fibroblast,CT,blood_vasculature,CL:0000057
CL:0000359$$3365,vascular associated smooth muscle cell,CT,blood_vasculature,CL:0000359
FMA:8646,Left lateral basal segmental artery,AS,blood_vasculature,FMA:8646
CL:0000071$$3366,blood vessel endothelial cell,CT,blood_vasculature,CL:0000071
CL:1000413$$3367,endothelial cell of artery,CT,blood_vasculature,CL:1000413
CL:0000057$$3368,fibroblast,CT,blood_vasculature,CL:0000057
CL:0000359$$3369,vascular associated smooth muscle cell,CT,blood_vasculature,CL:0000359
FMA:8644,Left medial basal segmental artery,AS,blood_vasculature,FMA:8644
CL:0000071$$3370,blood vessel endothelial cell,CT,blood_vasculature,CL:0000071
CL:1000413$$3371,endothelial cell of artery,CT,blood_vasculature,CL:1000413
CL:0000057$$3372,fibroblast,CT,blood_vasculature,CL:0000057
CL:0000359$$3373,vascular associated smooth muscle cell,CT,blood_vasculature,CL:0000359
FMA:8647,Left posterior basal segmental artery,AS,blood_vasculature,FMA:8647
CL:0000071$$3374,blood vessel endothelial cell,CT,blood_vasculature,CL:0000071
CL:1000413$$3375,endothelial cell of artery,CT,blood_vasculature,CL:1000413
CL:0000057$$3376,fibroblast,CT,blood_vasculature,CL:0000057
CL:0000359$$3377,vascular associated smooth muscle cell,CT,blood_vasculature,CL:0000359
ASCTB-TEMP:lingular-artery-of-left-lung,lingular artery of left lung,AS,blood_vasculature,ASCTB-TEMP:lingular-artery-of-left-lung
CL:0000071$$3378,blood vessel endothelial cell,CT,blood_vasculature,CL:0000071
CL:1000413$$3379,endothelial cell of artery,CT,blood_vasculature,CL:1000413
CL:0000057$$3380,fibroblast,CT,blood_vasculature,CL:0000057
CL:0000359$$3381,vascular associated smooth muscle cell,CT,blood_vasculature,CL:0000359
FMA:8640,Inferior lingular artery,AS,blood_vasculature,FMA:8640
CL:0000071$$3382,blood vessel endothelial cell,CT,blood_vasculature,CL:0000071
CL:1000413$$3383,endothelial cell of artery,CT,blood_vasculature,CL:1000413
CL:0000057$$3384,fibroblast,CT,blood_vasculature,CL:0000057
CL:0000359$$3385,vascular associated smooth muscle cell,CT,blood_vasculature,CL:0000359
FMA:8639,Superior lingular artery,AS,blood_vasculature,FMA:8639
CL:0000071$$3386,blood vessel endothelial cell,CT,blood_vasculature,CL:0000071
CL:1000413$$3387,endothelial cell of artery,CT,blood_vasculature,CL:1000413
CL:0000057$$3388,fibroblast,CT,blood_vasculature,CL:0000057
CL:0000359$$3389,vascular associated smooth muscle cell,CT,blood_vasculature,CL:0000359
FMA:8642,Left superior segmental artery,AS,blood_vasculature,FMA:8642
CL:0000071$$3390,blood vessel endothelial cell,CT,blood_vasculature,CL:0000071
CL:1000413$$3391,endothelial cell of artery,CT,blood_vasculature,CL:1000413
CL:0000057$$3392,fibroblast,CT,blood_vasculature,CL:0000057
CL:0000359$$3393,vascular associated smooth muscle cell,CT,blood_vasculature,CL:0000359
FMA:8755,Segmental pulmonary artery,AS,blood_vasculature,FMA:8755
CL:0000071$$3394,blood vessel endothelial cell,CT,blood_vasculature,CL:0000071
CL:1000413$$3395,endothelial cell of artery,CT,blood_vasculature,CL:1000413
CL:0000057$$3396,fibroblast,CT,blood_vasculature,CL:0000057
CL:0000359$$3397,vascular associated smooth muscle cell,CT,blood_vasculature,CL:0000359
UBERON:8600060,subsegmental pulmonary artery,AS,blood_vasculature,UBERON:8600060
CL:0000071$$3398,blood vessel endothelial cell,CT,blood_vasculature,CL:0000071
CL:1000413$$3399,endothelial cell of artery,CT,blood_vasculature,CL:1000413
CL:0000057$$3400,fibroblast,CT,blood_vasculature,CL:0000057
CL:0000359$$3401,vascular associated smooth muscle cell,CT,blood_vasculature,CL:0000359
UBERON:8600077,pulmonary arteriole,AS,blood_vasculature,UBERON:8600077
CL:0000071$$3402,blood vessel endothelial cell,CT,blood_vasculature,CL:0000071
CL:1000412$$3403,endothelial cell of arteriole,CT,blood_vasculature,CL:1000412
CL:0000057$$3404,fibroblast,CT,blood_vasculature,CL:0000057
CL:0000359$$3405,vascular associated smooth muscle cell,CT,blood_vasculature,CL:0000359
UBERON:8600094,intra-acinar arteriole,AS,blood_vasculature,UBERON:8600094
CL:0000071$$3406,blood vessel endothelial cell,CT,blood_vasculature,CL:0000071
CL:1000412$$3407,endothelial cell of arteriole,CT,blood_vasculature,CL:1000412
CL:0000057$$3408,fibroblast,CT,blood_vasculature,CL:0000057
CL:0000359$$3409,vascular associated smooth muscle cell,CT,blood_vasculature,CL:0000359
ASCTB-TEMP:pre-alveolar-capillary,pre-alveolar capillary,AS,blood_vasculature,ASCTB-TEMP:pre-alveolar-capillary
CL:0000071$$3410,blood vessel endothelial cell,CT,blood_vasculature,CL:0000071
CL:0002144$$3411,capillary endothelial cell,CT,blood_vasculature,CL:0002144
ASCTB-TEMP:alveolar-capillary,alveolar capillary,AS,blood_vasculature,ASCTB-TEMP:alveolar-capillary
CL:0000071$$3412,blood vessel endothelial cell,CT,blood_vasculature,CL:0000071
CL:0002144$$3413,capillary endothelial cell,CT,blood_vasculature,CL:0002144
UBERON:0016405,pulmonary capillary,AS,blood_vasculature,UBERON:0016405
CL:0000071$$3414,blood vessel endothelial cell,CT,blood_vasculature,CL:0000071
CL:0002144$$3415,capillary endothelial cell,CT,blood_vasculature,CL:0002144
UBERON:0001651,right pulmonary artery,AS,blood_vasculature,UBERON:0001651
CL:0000071$$3416,blood vessel endothelial cell,CT,blood_vasculature,CL:0000071
CL:1000413$$3417,endothelial cell of artery,CT,blood_vasculature,CL:1000413
CL:0000057$$3418,fibroblast,CT,blood_vasculature,CL:0000057
CL:0000359$$3419,vascular associated smooth muscle cell,CT,blood_vasculature,CL:0000359
FMA:8618,Interlobar portion of right pulmonary artery,AS,blood_vasculature,FMA:8618
CL:0000071$$3420,blood vessel endothelial cell,CT,blood_vasculature,CL:0000071
CL:1000413$$3421,endothelial cell of artery,CT,blood_vasculature,CL:1000413
CL:0000057$$3422,fibroblast,CT,blood_vasculature,CL:0000057
CL:0000359$$3423,vascular associated smooth muscle cell,CT,blood_vasculature,CL:0000359
FMA:68847,Trunk of right basal segmental artery,AS,blood_vasculature,FMA:68847
CL:0000071$$3424,blood vessel endothelial cell,CT,blood_vasculature,CL:0000071
CL:1000413$$3425,endothelial cell of artery,CT,blood_vasculature,CL:1000413
CL:0000057$$3426,fibroblast,CT,blood_vasculature,CL:0000057
CL:0000359$$3427,vascular associated smooth muscle cell,CT,blood_vasculature,CL:0000359
FMA:8630,Right anterior basal segmental artery,AS,blood_vasculature,FMA:8630
CL:0000071$$3428,blood vessel endothelial cell,CT,blood_vasculature,CL:0000071
CL:1000413$$3429,endothelial cell of artery,CT,blood_vasculature,CL:1000413
CL:0000057$$3430,fibroblast,CT,blood_vasculature,CL:0000057
CL:0000359$$3431,vascular associated smooth muscle cell,CT,blood_vasculature,CL:0000359
FMA:8631,Right lateral basal segmental artery,AS,blood_vasculature,FMA:8631
CL:0000071$$3432,blood vessel endothelial cell,CT,blood_vasculature,CL:0000071
CL:1000413$$3433,endothelial cell of artery,CT,blood_vasculature,CL:1000413
CL:0000057$$3434,fibroblast,CT,blood_vasculature,CL:0000057
CL:0000359$$3435,vascular associated smooth muscle cell,CT,blood_vasculature,CL:0000359
FMA:8628,Right medial basal segmental artery,AS,blood_vasculature,FMA:8628
CL:0000071$$3436,blood vessel endothelial cell,CT,blood_vasculature,CL:0000071
CL:1000413$$3437,endothelial cell of artery,CT,blood_vasculature,CL:1000413
CL:0000057$$3438,fibroblast,CT,blood_vasculature,CL:0000057
CL:0000359$$3439,vascular associated smooth muscle cell,CT,blood_vasculature,CL:0000359
FMA:8632,Right posterior basal segmental artery,AS,blood_vasculature,FMA:8632
CL:0000071$$3440,blood vessel endothelial cell,CT,blood_vasculature,CL:0000071
CL:1000413$$3441,endothelial cell of artery,CT,blood_vasculature,CL:1000413
CL:0000057$$3442,fibroblast,CT,blood_vasculature,CL:0000057
CL:0000359$$3443,vascular associated smooth muscle cell,CT,blood_vasculature,CL:0000359
FMA:68194,Lateral segmental artery,AS,blood_vasculature,FMA:68194
CL:0000071$$3444,blood vessel endothelial cell,CT,blood_vasculature,CL:0000071
CL:1000413$$3445,endothelial cell of artery,CT,blood_vasculature,CL:1000413
CL:0000057$$3446,fibroblast,CT,blood_vasculature,CL:0000057
CL:0000359$$3447,vascular associated smooth muscle cell,CT,blood_vasculature,CL:0000359
FMA:68193,Medial segmental artery,AS,blood_vasculature,FMA:68193
CL:0000071$$3448,blood vessel endothelial cell,CT,blood_vasculature,CL:0000071
CL:1000413$$3449,endothelial cell of artery,CT,blood_vasculature,CL:1000413
CL:0000057$$3450,fibroblast,CT,blood_vasculature,CL:0000057
CL:0000359$$3451,vascular associated smooth muscle cell,CT,blood_vasculature,CL:0000359
FMA:8627,Right superior segmental artery,AS,blood_vasculature,FMA:8627
CL:0000071$$3452,blood vessel endothelial cell,CT,blood_vasculature,CL:0000071
CL:1000413$$3453,endothelial cell of artery,CT,blood_vasculature,CL:1000413
CL:0000057$$3454,fibroblast,CT,blood_vasculature,CL:0000057
CL:0000359$$3455,vascular associated smooth muscle cell,CT,blood_vasculature,CL:0000359
FMA:8616,Trunk of right upper lobar artery,AS,blood_vasculature,FMA:8616
CL:0000071$$3456,blood vessel endothelial cell,CT,blood_vasculature,CL:0000071
CL:1000413$$3457,endothelial cell of artery,CT,blood_vasculature,CL:1000413
CL:0000057$$3458,fibroblast,CT,blood_vasculature,CL:0000057
CL:0000359$$3459,vascular associated smooth muscle cell,CT,blood_vasculature,CL:0000359
ASCTB-TEMP:high-truncus-anterior-of-right-pulmonary-artery,high truncus anterior of right pulmonary artery,AS,blood_vasculature,ASCTB-TEMP:high-truncus-anterior-of-right-pulmonary-artery
CL:0000071$$3460,blood vessel endothelial cell,CT,blood_vasculature,CL:0000071
CL:1000413$$3461,endothelial cell of artery,CT,blood_vasculature,CL:1000413
CL:0000057$$3462,fibroblast,CT,blood_vasculature,CL:0000057
CL:0000359$$3463,vascular associated smooth muscle cell,CT,blood_vasculature,CL:0000359
FMA:8620,Right anterior segmental artery,AS,blood_vasculature,FMA:8620
CL:0000071$$3464,blood vessel endothelial cell,CT,blood_vasculature,CL:0000071
CL:1000413$$3465,endothelial cell of artery,CT,blood_vasculature,CL:1000413
CL:0000057$$3466,fibroblast,CT,blood_vasculature,CL:0000057
CL:0000359$$3467,vascular associated smooth muscle cell,CT,blood_vasculature,CL:0000359
FMA:8617,Right apical segmental artery,AS,blood_vasculature,FMA:8617
CL:0000071$$3468,blood vessel endothelial cell,CT,blood_vasculature,CL:0000071
CL:1000413$$3469,endothelial cell of artery,CT,blood_vasculature,CL:1000413
CL:0000057$$3470,fibroblast,CT,blood_vasculature,CL:0000057
CL:0000359$$3471,vascular associated smooth muscle cell,CT,blood_vasculature,CL:0000359
FMA:8619,Right posterior segmental artery,AS,blood_vasculature,FMA:8619
CL:0000071$$3472,blood vessel endothelial cell,CT,blood_vasculature,CL:0000071
CL:1000413$$3473,endothelial cell of artery,CT,blood_vasculature,CL:1000413
CL:0000057$$3474,fibroblast,CT,blood_vasculature,CL:0000057
CL:0000359$$3475,vascular associated smooth muscle cell,CT,blood_vasculature,CL:0000359
UBERON:0000955,brain,AS,allen_brain,UBERON:0000955
UBERON:0001890,forebrain,AS,allen_brain,UBERON:0001890
UBERON:0019264,gray matter of forebrain,AS,allen_brain,UBERON:0019264
UBERON:0000956,cerebral cortex,AS,allen_brain,UBERON:0000956
UBERON:0016525,frontal lobe,AS,allen_brain,UBERON:0016525
UBERON:0002661,superior frontal gyrus,AS,allen_brain,UBERON:0002661
UBERON:0002702,middle frontal gyrus,AS,allen_brain,UBERON:0002702
UBERON:0002998,inferior frontal gyrus,AS,allen_brain,UBERON:0002998
UBERON:0002629,triangular part of inferior frontal gyrus,AS,allen_brain,UBERON:0002629
UBERON:0002980,opercular part of inferior frontal gyrus,AS,allen_brain,UBERON:0002980
UBERON:0002624,orbital part of inferior frontal gyrus,AS,allen_brain,UBERON:0002624
UBERON:0004671,gyrus rectus,AS,allen_brain,UBERON:0004671
UBERON:0002570,medial orbital gyrus,AS,allen_brain,UBERON:0002570
UBERON:0002644,intermediate orbital gyrus,AS,allen_brain,UBERON:0002644
UBERON:0002564,lateral orbital gyrus,AS,allen_brain,UBERON:0002564
UBERON:0035932,anterior segment of paracentral lobule,AS,allen_brain,UBERON:0035932
UBERON:0022398,paracingulate gyrus,AS,allen_brain,UBERON:0022398
UBERON:0002947,frontal operculum,AS,allen_brain,UBERON:0002947
UBERON:0002593,orbital operculum,AS,allen_brain,UBERON:0002593
UBERON:0019280,rostral gyrus,AS,allen_brain,UBERON:0019280
UBERON:0019279,superior rostral gyrus,AS,allen_brain,UBERON:0019279
UBERON:0019278,inferior rostral gyrus,AS,allen_brain,UBERON:0019278
UBERON:0004725,piriform cortex,AS,allen_brain,UBERON:0004725
ASCTB-TEMP:frontomarginal-gyrus,frontomarginal gyrus,AS,allen_brain,ASCTB-TEMP:frontomarginal-gyrus
UBERON:0002795,frontal pole,AS,allen_brain,UBERON:0002795
UBERON:0001872,parietal lobe,AS,allen_brain,UBERON:0001872
UBERON:0002581,postcentral gyrus,AS,allen_brain,UBERON:0002581
UBERON:0006094,superior parietal cortex,AS,allen_brain,UBERON:0006094
UBERON:0006088,inferior parietal cortex,AS,allen_brain,UBERON:0006088
UBERON:0002688,supramarginal gyrus,AS,allen_brain,UBERON:0002688
UBERON:0002686,angular gyrus,AS,allen_brain,UBERON:0002686
UBERON:0006093,precuneus cortex,AS,allen_brain,UBERON:0006093
UBERON:0035934,posterior segment of paracentral lobule,AS,allen_brain,UBERON:0035934
UBERON:0002911,parietal operculum,AS,allen_brain,UBERON:0002911
UBERON:0001871,temporal lobe,AS,allen_brain,UBERON:0001871
UBERON:0002769,superior temporal gyrus,AS,allen_brain,UBERON:0002769
UBERON:0002771,middle temporal gyrus,AS,allen_brain,UBERON:0002771
UBERON:0002751,inferior temporal gyrus,AS,allen_brain,UBERON:0002751
UBERON:0022364,occipital fusiform gyrus,AS,allen_brain,UBERON:0022364
UBERON:0006083,perirhinal cortex,AS,allen_brain,UBERON:0006083
UBERON:0003939,transverse gyrus of Heschl,AS,allen_brain,UBERON:0003939
UBERON:0002773,anterior transverse temporal gyrus,AS,allen_brain,UBERON:0002773
UBERON:0002774,posterior transverse temporal gyrus,AS,allen_brain,UBERON:0002774
UBERON:0022268,planum temporale,AS,allen_brain,UBERON:0022268
UBERON:0002576,temporal pole,AS,allen_brain,UBERON:0002576
UBERON:0006083$$3476,perirhinal cortex,AS,allen_brain,UBERON:0006083
UBERON:0023861,planum polare,AS,allen_brain,UBERON:0023861
UBERON:0002021,occipital lobe,AS,allen_brain,UBERON:0002021
UBERON:0002902,occipital pole,AS,allen_brain,UBERON:0002902
ASCTB-TEMP:occipitoparietal-transition-region,occipitoparietal transition region,AS,allen_brain,ASCTB-TEMP:occipitoparietal-transition-region
ASCTB-TEMP:occipitotemporal-transition-region,occipitotemporal transition region,AS,allen_brain,ASCTB-TEMP:occipitotemporal-transition-region
UBERON:0006092,cuneus cortex,AS,allen_brain,UBERON:0006092
UBERON:0002943,lingual gyrus,AS,allen_brain,UBERON:0002943
ASCTB-TEMP:occipitotemporal-fusiform-gyrus-occipital-part,"occipitotemporal (fusiform) gyrus, occipital part",AS,allen_brain,ASCTB-TEMP:occipitotemporal-fusiform-gyrus-occipital-part
UBERON:0014608,inferior occipital gyrus,AS,allen_brain,UBERON:0014608
UBERON:0002948,superior occipital gyrus,AS,allen_brain,UBERON:0002948
UBERON:0002022,insula,AS,allen_brain,UBERON:0002022
UBERON:0034891,insular cortex,AS,allen_brain,UBERON:0034891
UBERON:0002600,limbic lobe,AS,allen_brain,UBERON:0002600
UBERON:0002967,cingulate gyrus,AS,allen_brain,UBERON:0002967
UBERON:0002756,anterior cingulate gyrus,AS,allen_brain,UBERON:0002756
UBERON:0002740,posterior cingulate gyrus,AS,allen_brain,UBERON:0002740
ASCTB-TEMP:cingulate-gyrus-retrospleninal-part,"cingulate gyrus, retrospleninal part",AS,allen_brain,ASCTB-TEMP:cingulate-gyrus-retrospleninal-part
UBERON:0002738,isthmus of cingulate gyrus,AS,allen_brain,UBERON:0002738
UBERON:0003020,subcallosal area,AS,allen_brain,UBERON:0003020
UBERON:0002603,paraterminal gyrus,AS,allen_brain,UBERON:0002603
UBERON:0002973,parahippocampal gyrus,AS,allen_brain,UBERON:0002973
UBERON:0022383,anterior parahippocampal gyrus,AS,allen_brain,UBERON:0022383
UBERON:0002657,posterior parahippocampal gyrus,AS,allen_brain,UBERON:0002657
UBERON:0034773,uncus of parahippocampal gyrus,AS,allen_brain,UBERON:0034773
UBERON:0002421,hippocampal formation,AS,allen_brain,UBERON:0002421
ASCTB-TEMP:head-of-hippocampus,head of hippocampus,AS,allen_brain,ASCTB-TEMP:head-of-hippocampus
ASCTB-TEMP:body-of-hippocampus,body of hippocampus,AS,allen_brain,ASCTB-TEMP:body-of-hippocampus
UBERON:0023787,subicular complex,AS,allen_brain,UBERON:0023787
UBERON:0002590,prepyriform area,AS,allen_brain,UBERON:0002590
UBERON:0002264,olfactory bulb,AS,allen_brain,UBERON:0002264
UBERON:0001876,amygdala,AS,allen_brain,UBERON:0001876
UBERON:0002890,anterior amygdaloid area,AS,allen_brain,UBERON:0002890
UBERON:0034991,anterior cortical amygdaloid nucleus,AS,allen_brain,UBERON:0034991
UBERON:0002891,cortical amygdaloid nucleus,AS,allen_brain,UBERON:0002891
UBERON:0002892,medial amygdaloid nucleus,AS,allen_brain,UBERON:0002892
UBERON:0002886,lateral amygdaloid nucleus,AS,allen_brain,UBERON:0002886
UBERON:0006107,basolateral amygdaloid nuclear complex,AS,allen_brain,UBERON:0006107
UBERON:0002889,medial part of basal amygdaloid nucleus,AS,allen_brain,UBERON:0002889
UBERON:0002883,central amygdaloid nucleus,AS,allen_brain,UBERON:0002883
UBERON:0034673,amygdalohippocampal area,AS,allen_brain,UBERON:0034673
UBERON:0001880,bed nucleus of stria terminalis,AS,allen_brain,UBERON:0001880
UBERON:0010011,collection of basal ganglia,AS,allen_brain,UBERON:0010011
UBERON:0001873,caudate nucleus,AS,allen_brain,UBERON:0001873
UBERON:0001874,putamen,AS,allen_brain,UBERON:0001874
UBERON:0001882,nucleus accumbens,AS,allen_brain,UBERON:0001882
UBERON:0002477,medial globus pallidus,AS,allen_brain,UBERON:0002477
UBERON:0002476,lateral globus pallidus,AS,allen_brain,UBERON:0002476
UBERON:0002023,claustrum of brain,AS,allen_brain,UBERON:0002023
UBERON:0002743,basal forebrain,AS,allen_brain,UBERON:0002743
ASCTB-TEMP:septal-nuclei,septal nuclei,AS,allen_brain,ASCTB-TEMP:septal-nuclei
UBERON:0003017,substantia innominata,AS,allen_brain,UBERON:0003017
UBERON:0001897,dorsal plus ventral thalamus,AS,allen_brain,UBERON:0001897
UBERON:0004703,dorsal thalamus,AS,allen_brain,UBERON:0004703
UBERON:0002788,anterior nuclear group,AS,allen_brain,UBERON:0002788
UBERON:0002739,medial dorsal nucleus of thalamus,AS,allen_brain,UBERON:0002739
UBERON:0001921,reuniens nucleus,AS,allen_brain,UBERON:0001921
UBERON:0002983,lateral posterior nucleus of thalamus,AS,allen_brain,UBERON:0002983
UBERON:0002981,pulvinar nucleus,AS,allen_brain,UBERON:0002981
UBERON:0002637,ventral anterior nucleus of thalamus,AS,allen_brain,UBERON:0002637
UBERON:0001925,ventral lateral nucleus of thalamus,AS,allen_brain,UBERON:0001925
UBERON:0002945,ventral posteromedial nucleus of thalamus,AS,allen_brain,UBERON:0002945
UBERON:0002942,ventral posterolateral nucleus,AS,allen_brain,UBERON:0002942
UBERON:0001926,lateral geniculate body,AS,allen_brain,UBERON:0001926
UBERON:0001927,medial geniculate body,AS,allen_brain,UBERON:0001927
UBERON:0001922,parafascicular nucleus,AS,allen_brain,UBERON:0001922
UBERON:0002972,centromedian nucleus of thalamus,AS,allen_brain,UBERON:0002972
UBERON:0002705,midline nuclear group,AS,allen_brain,UBERON:0002705
UBERON:0001900,ventral thalamus,AS,allen_brain,UBERON:0001900
UBERON:0001907,zona incerta,AS,allen_brain,UBERON:0001907
UBERON:0001899,epithalamus,AS,allen_brain,UBERON:0001899
UBERON:0008993,habenular nucleus,AS,allen_brain,UBERON:0008993
UBERON:0001920,paraventricular nucleus of thalamus,AS,allen_brain,UBERON:0001920
UBERON:0001905,pineal body,AS,allen_brain,UBERON:0001905
UBERON:0001903,thalamic reticular nucleus,AS,allen_brain,UBERON:0001903
UBERON:0001906,subthalamic nucleus,AS,allen_brain,UBERON:0001906
UBERON:0001898,hypothalamus,AS,allen_brain,UBERON:0001898
UBERON:0007769,medial preoptic region,AS,allen_brain,UBERON:0007769
UBERON:0001929,supraoptic nucleus,AS,allen_brain,UBERON:0001929
UBERON:0000435,lateral tuberal nucleus,AS,allen_brain,UBERON:0000435
UBERON:0002206,mammillary body,AS,allen_brain,UBERON:0002206
UBERON:0019261,white matter of forebrain,AS,allen_brain,UBERON:0019261
UBERON:0000935,anterior commissure,AS,allen_brain,UBERON:0000935
UBERON:0002336,corpus callosum,AS,allen_brain,UBERON:0002336
UBERON:0000052,fornix of brain,AS,allen_brain,UBERON:0000052
UBERON:0001887,internal capsule of telencephalon,AS,allen_brain,UBERON:0001887
UBERON:0002990,mammillothalamic tract of hypothalamus,AS,allen_brain,UBERON:0002990
UBERON:0002265,olfactory tract,AS,allen_brain,UBERON:0002265
UBERON:0022264,optic radiation,AS,allen_brain,UBERON:0022264
UBERON:0001908,optic tract,AS,allen_brain,UBERON:0001908
UBERON:0002285,telencephalic ventricle,AS,allen_brain,UBERON:0002285
UBERON:0002651,anterior horn of lateral ventricle,AS,allen_brain,UBERON:0002651
UBERON:0002655,body of lateral ventricle,AS,allen_brain,UBERON:0002655
ASCTB-TEMP:atrium-of-lateral-ventricle,atrium of lateral ventricle,AS,allen_brain,ASCTB-TEMP:atrium-of-lateral-ventricle
UBERON:0004672,posterior horn lateral ventricle,AS,allen_brain,UBERON:0004672
UBERON:0006091,inferior horn of the lateral ventricle,AS,allen_brain,UBERON:0006091
UBERON:0002286,third ventricle,AS,allen_brain,UBERON:0002286
UBERON:0001891,midbrain,AS,allen_brain,UBERON:0001891
UBERON:0019267,gray matter of midbrain,AS,allen_brain,UBERON:0019267
UBERON:0001944,Pretectal region,AS,allen_brain,UBERON:0001944
UBERON:0001943,midbrain tegmentum,AS,allen_brain,UBERON:0001943
UBERON:0003040,central gray substance of midbrain,AS,allen_brain,UBERON:0003040
UBERON:0001947,red nucleus,AS,allen_brain,UBERON:0001947
UBERON:0002038,substantia nigra,AS,allen_brain,UBERON:0002038
UBERON:0001945,superior colliculus,AS,allen_brain,UBERON:0001945
UBERON:0001946,inferior colliculus,AS,allen_brain,UBERON:0001946
UBERON:0016554,white matter of midbrain,AS,allen_brain,UBERON:0016554
UBERON:0002623,cerebral peduncle,AS,allen_brain,UBERON:0002623
UBERON:0002289,midbrain cerebral aqueduct,AS,allen_brain,UBERON:0002289
UBERON:0002028,hindbrain,AS,allen_brain,UBERON:0002028
UBERON:0019263,gray matter of hindbrain,AS,allen_brain,UBERON:0019263
UBERON:0002037,cerebellum,AS,allen_brain,UBERON:0002037
UBERON:0002129,cerebellar cortex,AS,allen_brain,UBERON:0002129
UBERON:0027285,paravermis lobule area,AS,allen_brain,UBERON:0027285
UBERON:0014644,cerebrocerebellum,AS,allen_brain,UBERON:0014644
UBERON:0004720,cerebellar vermis,AS,allen_brain,UBERON:0004720
UBERON:0002130,cerebellar nuclear complex,AS,allen_brain,UBERON:0002130
UBERON:0000988,pons,AS,allen_brain,UBERON:0000988
UBERON:0003023,pontine tegmentum,AS,allen_brain,UBERON:0003023
UBERON:0007228,vestibular nucleus,AS,allen_brain,UBERON:0007228
UBERON:0007634,parabrachial nucleus,AS,allen_brain,UBERON:0007634
UBERON:0002151,pontine nuclear group,AS,allen_brain,UBERON:0002151
UBERON:0001896,medulla oblongata,AS,allen_brain,UBERON:0001896
UBERON:0024151,tegmentum,AS,allen_brain,UBERON:0024151
UBERON:0001717,spinal nucleus of trigeminal nerve,AS,allen_brain,UBERON:0001717
UBERON:0002127,inferior olivary complex,AS,allen_brain,UBERON:0002127
UBERON:0019258,white matter of hindbrain,AS,allen_brain,UBERON:0019258
UBERON:0002707,corticospinal tract,AS,allen_brain,UBERON:0002707
UBERON:0002150,superior cerebellar peduncle,AS,allen_brain,UBERON:0002150
UBERON:0002152,middle cerebellar peduncle,AS,allen_brain,UBERON:0002152
UBERON:0002163,inferior cerebellar peduncle,AS,allen_brain,UBERON:0002163
UBERON:0004086,brain ventricle,AS,allen_brain,UBERON:0004086
UBERON:0002422,fourth ventricle,AS,allen_brain,UBERON:0002422
UBERON:0002291,central canal of spinal cord,AS,allen_brain,UBERON:0002291
UBERON:0002761,inferior frontal sulcus,AS,allen_brain,UBERON:0002761
ASCTB-TEMP:ifs1,ifs1,AS,allen_brain,ASCTB-TEMP:ifs1
ASCTB-TEMP:ifs2,ifs2,AS,allen_brain,ASCTB-TEMP:ifs2
ASCTB-TEMP:ifs3,ifs3,AS,allen_brain,ASCTB-TEMP:ifs3
ASCTB-TEMP:ifs4,ifs4,AS,allen_brain,ASCTB-TEMP:ifs4
ASCTB-TEMP:inferior-frontal-junction,inferior frontal junction,AS,allen_brain,ASCTB-TEMP:inferior-frontal-junction
ASCTB-TEMP:ifj1,ifj1,AS,allen_brain,ASCTB-TEMP:ifj1
ASCTB-TEMP:ifj2,ifj2,AS,allen_brain,ASCTB-TEMP:ifj2
CL:0000236,B cell,CT,allen_brain,CL:0000236
CL:0000084,T cell,CT,allen_brain,CL:0000084
CL:0000623,natural killer cell,CT,allen_brain,CL:0000623
CL:0000576,monocyte,CT,allen_brain,CL:0000576
CL:0000129,microglial cell,CT,allen_brain,CL:0000129
PCL:0051005,Mgl_4 microglial cell (Hsap),CT,allen_brain,PCL:0051005
PCL:0051006,Mgl_5 microglial cell (Hsap),CT,allen_brain,PCL:0051006
PCL:0051007,Mgl_6 microglial cell (Hsap),CT,allen_brain,PCL:0051007
PCL:0051008,Mgl_7 microglial cell (Hsap),CT,allen_brain,PCL:0051008
PCL:0051009,Mgl_8 microglial cell (Hsap),CT,allen_brain,PCL:0051009
PCL:0051010,Mgl_9 microglial cell (Hsap),CT,allen_brain,PCL:0051010
PCL:0051011,Mgl_10 microglial cell (Hsap),CT,allen_brain,PCL:0051011
PCL:0051012,Mgl_11 microglial cell (Hsap),CT,allen_brain,PCL:0051012
PCL:0051013,Mgl_12 microglial cell (Hsap),CT,allen_brain,PCL:0051013
CL:4023072,brain vascular cell,CT,allen_brain,CL:4023072
PCL:0051014,VendPLVAP_13 brain vascular cell (Hsap),CT,allen_brain,PCL:0051014
PCL:0051015,VendAC_14 brain vascular cell (Hsap),CT,allen_brain,PCL:0051015
PCL:0051016,VendC_15 capillary endothelial cell (Hsap),CT,allen_brain,PCL:0051016
PCL:0051017,VendVC_16 capillary endothelial cell (Hsap),CT,allen_brain,PCL:0051017
PCL:0051018,VendV_17 vein endothelial cell (Hsap),CT,allen_brain,PCL:0051018
PCL:0051019,VendA_18 endothelial cell of artery (Hsap),CT,allen_brain,PCL:0051019
PCL:0051020,Vsmc_19 brain vascular cell (Hsap),CT,allen_brain,PCL:0051020
PCL:0051021,Vsmc_20 smooth muscle cell of the brain vasculature (Hsap),CT,allen_brain,PCL:0051021
PCL:0051022,Per_21 pericyte (Hsap),CT,allen_brain,PCL:0051022
PCL:0051023,Per_22 pericyte (Hsap),CT,allen_brain,PCL:0051023
PCL:0051024,Per_23 brain vascular cell (Hsap),CT,allen_brain,PCL:0051024
CL:0000057$$3477,fibroblast,CT,allen_brain,CL:0000057
PCL:0051025,Fbl_24 fibroblast (Hsap),CT,allen_brain,PCL:0051025
PCL:0051026,Fbl_25 fibroblast (Hsap),CT,allen_brain,PCL:0051026
PCL:0051027,Fbl_26 fibroblast (Hsap),CT,allen_brain,PCL:0051027
PCL:0051028,Fbl_27 fibroblast (Hsap),CT,allen_brain,PCL:0051028
PCL:0051029,Fbl_28 fibroblast (Hsap),CT,allen_brain,PCL:0051029
PCL:0051030,Fbl_29 fibroblast (Hsap),CT,allen_brain,PCL:0051030
PCL:0051031,Fbl_30 fibroblast (Hsap),CT,allen_brain,PCL:0051031
PCL:0051032,Fbl_31 arachnoid barrier cell (Hsap),CT,allen_brain,PCL:0051032
CL:0002453,oligodendrocyte precursor cell,CT,allen_brain,CL:0002453
PCL:0051033,OPC_32 oligodendrocyte precursor cell (Hsap),CT,allen_brain,PCL:0051033
PCL:0051034,OPC_33 oligodendrocyte precursor cell (Hsap),CT,allen_brain,PCL:0051034
PCL:0051035,OPC_34 oligodendrocyte precursor cell (Hsap),CT,allen_brain,PCL:0051035
CL:0002453$$3478,oligodendrocyte precursor cell,CT,allen_brain,CL:0002453
PCL:0051036,OPC_35 oligodendrocyte precursor cell (Hsap),CT,allen_brain,PCL:0051036
PCL:0051037,OPC_36 oligodendrocyte precursor cell (Hsap),CT,allen_brain,PCL:0051037
CL:4023059,differentiation-committed oligodendrocyte precursor,CT,allen_brain,CL:4023059
PCL:0051038,COP_37 differentiation-committed oligodendrocyte precursor (Hsap),CT,allen_brain,PCL:0051038
PCL:0051039,COP_38 differentiation-committed oligodendrocyte precursor (Hsap),CT,allen_brain,PCL:0051039
PCL:0051040,COP_39 differentiation-committed oligodendrocyte precursor (Hsap),CT,allen_brain,PCL:0051040
CL:0000128,oligodendrocyte,CT,allen_brain,CL:0000128
PCL:0051041,Oligo_40 oligodendrocyte (Hsap),CT,allen_brain,PCL:0051041
PCL:0051042,COP_41 differentiation-committed oligodendrocyte precursor (Hsap),CT,allen_brain,PCL:0051042
ASCTB-TEMP:thalamus,thalamus,AS,allen_brain,ASCTB-TEMP:thalamus
CL:4023059$$3479,differentiation-committed oligodendrocyte precursor,CT,allen_brain,CL:4023059
PCL:0051043,COP_42 differentiation-committed oligodendrocyte precursor (Hsap),CT,allen_brain,PCL:0051043
PCL:0051044,COP_43 differentiation-committed oligodendrocyte precursor (Hsap),CT,allen_brain,PCL:0051044
PCL:0051045,Oligo_44 oligodendrocyte (Hsap),CT,allen_brain,PCL:0051045
PCL:0051046,Oligo_45 oligodendrocyte (Hsap),CT,allen_brain,PCL:0051046
PCL:0051047,Oligo_46 oligodendrocyte (Hsap),CT,allen_brain,PCL:0051047
PCL:0051048,Oligo_47 oligodendrocyte (Hsap),CT,allen_brain,PCL:0051048
CL:0000128$$3480,oligodendrocyte,CT,allen_brain,CL:0000128
PCL:0051049,Oligo_48 oligodendrocyte (Hsap),CT,allen_brain,PCL:0051049
PCL:0051050,Oligo_49 oligodendrocyte (Hsap),CT,allen_brain,PCL:0051050
CL:0000128$$3481,oligodendrocyte,CT,allen_brain,CL:0000128
PCL:0051051,Oligo_50 oligodendrocyte (Hsap),CT,allen_brain,PCL:0051051
CL:0000644,Bergmann glial cell,CT,allen_brain,CL:0000644
PCL:0051052,Bgl_51 Bergmann glial cell (Hsap),CT,allen_brain,PCL:0051052
CL:0002605,astrocyte of the cerebral cortex,CT,allen_brain,CL:0002605
PCL:0051053,Astro_52 astrocyte (Hsap),CT,allen_brain,PCL:0051053
CL:0002604,hippocampal astrocyte,CT,allen_brain,CL:0002604
PCL:0051054,Astro_53 astrocyte (Hsap),CT,allen_brain,PCL:0051054
CL:0012000,astrocyte of the forebrain,CT,allen_brain,CL:0012000
PCL:0051055,Astro_54 astrocyte (Hsap),CT,allen_brain,PCL:0051055
PCL:0051056,Astro_55 astrocyte (Hsap),CT,allen_brain,PCL:0051056
CL:0000127,astrocyte,CT,allen_brain,CL:0000127
PCL:0051057,Astro_56 astrocyte (Hsap),CT,allen_brain,PCL:0051057
PCL:0051058,Astro_57 astrocyte (Hsap),CT,allen_brain,PCL:0051058
PCL:0051059,Astro_58 astrocyte (Hsap),CT,allen_brain,PCL:0051059
PCL:0051060,Astro_59 astrocyte (Hsap),CT,allen_brain,PCL:0051060
PCL:0051061,Astro_60 astrocyte (Hsap),CT,allen_brain,PCL:0051061
PCL:0051062,Astro_61 astrocyte (Hsap),CT,allen_brain,PCL:0051062
PCL:0051063,Astro_62 astrocyte (Hsap),CT,allen_brain,PCL:0051063
PCL:0051064,Astro_63 astrocyte (Hsap),CT,allen_brain,PCL:0051064
CL:0000127$$3482,astrocyte,CT,allen_brain,CL:0000127
PCL:0051065,Astro_64 astrocyte (Hsap),CT,allen_brain,PCL:0051065
CL:0000065,ependymal cell,CT,allen_brain,CL:0000065
PCL:0051066,Epen_65 ependymal cell (Hsap),CT,allen_brain,PCL:0051066
CL:0000065$$3483,ependymal cell,CT,allen_brain,CL:0000065
PCL:0051067,Epen_66 ependymal cell (Hsap),CT,allen_brain,PCL:0051067
PCL:0051068,Epen_67 ependymal cell (Hsap),CT,allen_brain,PCL:0051068
PCL:0051069,Epen_68 ependymal cell (Hsap),CT,allen_brain,PCL:0051069
PCL:0051070,Epen_69 ependymal cell (Hsap),CT,allen_brain,PCL:0051070
PCL:0051071,Epen_70 ependymal cell (Hsap),CT,allen_brain,PCL:0051071
PCL:0051072,Epen_71 ependymal cell (Hsap),CT,allen_brain,PCL:0051072
PCL:0051073,Epen_72 ependymal cell (Hsap),CT,allen_brain,PCL:0051073
CL:0000065$$3484,ependymal cell,CT,allen_brain,CL:0000065
PCL:0051074,Epen_73 ependymal cell (Hsap),CT,allen_brain,PCL:0051074
PCL:0051075,Epen_74 ependymal cell (Hsap),CT,allen_brain,PCL:0051075
PCL:0051076,COP_75 differentiation-committed oligodendrocyte precursor (Hsap),CT,allen_brain,PCL:0051076
CL:0000706,choroid plexus epithelial cell,CT,allen_brain,CL:0000706
PCL:0051077,Chrp_76 choroid plexus epithelial cell (Hsap),CT,allen_brain,PCL:0051077
PCL:0051078,Chrp_77 choroid plexus epithelial cell (Hsap),CT,allen_brain,PCL:0051078
CL:0000706$$3485,choroid plexus epithelial cell,CT,allen_brain,CL:0000706
PCL:0051079,Chrp_78 choroid plexus epithelial cell (Hsap),CT,allen_brain,PCL:0051079
PCL:0051080,Chrp_79 choroid plexus epithelial cell (Hsap),CT,allen_brain,PCL:0051080
PCL:0051081,Chrp_80 choroid plexus epithelial cell (Hsap),CT,allen_brain,PCL:0051081
PCL:0051082,Chrp_81 choroid plexus epithelial cell (Hsap),CT,allen_brain,PCL:0051082
PCL:0051083,Chrp_82 choroid plexus epithelial cell (Hsap),CT,allen_brain,PCL:0051083
CL:4023012,near-projecting glutamatergic cortical neuron,CT,allen_brain,CL:4023012
PCL:0051084,DLNP_83 near-projecting glutamatergic cortical neuron (Hsap),CT,allen_brain,PCL:0051084
CL:0000679,glutamatergic neuron,CT,allen_brain,CL:0000679
PCL:0051085,DLCT6b_84 glutamatergic neuron (Hsap),CT,allen_brain,PCL:0051085
CL:4023012$$3486,near-projecting glutamatergic cortical neuron,CT,allen_brain,CL:4023012
PCL:0051086,DLNP_85 near-projecting glutamatergic cortical neuron (Hsap),CT,allen_brain,PCL:0051086
PCL:0051087,DLNP_86 near-projecting glutamatergic cortical neuron (Hsap),CT,allen_brain,PCL:0051087
PCL:0051088,DLNP_87 near-projecting glutamatergic cortical neuron (Hsap),CT,allen_brain,PCL:0051088
PCL:0051089,DLNP_88 near-projecting glutamatergic cortical neuron (Hsap),CT,allen_brain,PCL:0051089
PCL:0051090,DLNP_89 near-projecting glutamatergic cortical neuron (Hsap),CT,allen_brain,PCL:0051090
PCL:0051091,DLNP_90 near-projecting glutamatergic cortical neuron (Hsap),CT,allen_brain,PCL:0051091
PCL:0051092,DLNP_91 near-projecting glutamatergic cortical neuron (Hsap),CT,allen_brain,PCL:0051092
PCL:0051093,DLNP_92 near-projecting glutamatergic cortical neuron (Hsap),CT,allen_brain,PCL:0051093
PCL:0051094,DLNP_93 near-projecting glutamatergic cortical neuron (Hsap),CT,allen_brain,PCL:0051094
PCL:0051095,DLNP_94 near-projecting glutamatergic cortical neuron (Hsap),CT,allen_brain,PCL:0051095
PCL:0051096,DLNP_95 near-projecting glutamatergic cortical neuron (Hsap),CT,allen_brain,PCL:0051096
PCL:0051097,DLNP_96 near-projecting glutamatergic cortical neuron (Hsap),CT,allen_brain,PCL:0051097
CL:0000679$$3487,glutamatergic neuron,CT,allen_brain,CL:0000679
PCL:0051098,DLCT6b_97 glutamatergic neuron (Hsap),CT,allen_brain,PCL:0051098
CL:0000679$$3488,glutamatergic neuron,CT,allen_brain,CL:0000679
PCL:0051099,DLCT6b_98 glutamatergic neuron (Hsap),CT,allen_brain,PCL:0051099
PCL:0051100,DLCT6b_99 glutamatergic neuron (Hsap),CT,allen_brain,PCL:0051100
PCL:0051101,DLCT6b_100 glutamatergic neuron (Hsap),CT,allen_brain,PCL:0051101
PCL:0051102,DLCT6b_101 glutamatergic neuron (Hsap),CT,allen_brain,PCL:0051102
PCL:0051103,DLCT6b_102 glutamatergic neuron (Hsap),CT,allen_brain,PCL:0051103
PCL:0051104,DLCT6b_103 glutamatergic neuron (Hsap),CT,allen_brain,PCL:0051104
PCL:0051105,DLCT6b_104 glutamatergic neuron (Hsap),CT,allen_brain,PCL:0051105
PCL:0051106,DLCT6b_105 glutamatergic neuron (Hsap),CT,allen_brain,PCL:0051106
PCL:0051107,DLCT6b_106 glutamatergic neuron (Hsap),CT,allen_brain,PCL:0051107
PCL:0051108,DLCT6b_107 glutamatergic neuron (Hsap),CT,allen_brain,PCL:0051108
PCL:0051109,DLCT6b_108 glutamatergic neuron (Hsap),CT,allen_brain,PCL:0051109
PCL:0051110,DLCT6b_109 glutamatergic neuron (Hsap),CT,allen_brain,PCL:0051110
PCL:0051111,DLCT6b_110 glutamatergic neuron (Hsap),CT,allen_brain,PCL:0051111
PCL:0051112,DLCT6b_111 glutamatergic neuron (Hsap),CT,allen_brain,PCL:0051112
PCL:0051113,DLCT6b_112 glutamatergic neuron (Hsap),CT,allen_brain,PCL:0051113
CL:4023009,extratelencephalic-projecting glutamatergic cortical neuron,CT,allen_brain,CL:4023009
PCL:0051114,L5ET_113 L5 extratelencephalic projecting glutamatergic cortical neuron (Hsap),CT,allen_brain,PCL:0051114
PCL:0051115,L5ET_114 L5 extratelencephalic projecting glutamatergic cortical neuron (Hsap),CT,allen_brain,PCL:0051115
CL:4023060,hippocampal CA1-3 neuron,CT,allen_brain,CL:4023060
PCL:0051116,L5ET_115 hippocampal CA1-3 neuron (Hsap),CT,allen_brain,PCL:0051116
CL:0010012,cerebral cortex neuron,CT,allen_brain,CL:0010012
PCL:0051117,Misc_116 cerebral cortex neuron (Hsap),CT,allen_brain,PCL:0051117
CL:0012001,neuron of the forebrain,CT,allen_brain,CL:0012001
PCL:0051118,L5ET_117 von Economo neuron (Hsap),CT,allen_brain,PCL:0051118
CL:4023009$$3489,extratelencephalic-projecting glutamatergic cortical neuron,CT,allen_brain,CL:4023009
PCL:0051119,L5ET_118 L5 extratelencephalic projecting glutamatergic cortical neuron (Hsap),CT,allen_brain,PCL:0051119
CL:4023060$$3490,hippocampal CA1-3 neuron,CT,allen_brain,CL:4023060
PCL:0051120,CA13_119 hippocampal CA1-3 neuron (Hsap),CT,allen_brain,PCL:0051120
CL:4023008,intratelencephalic-projecting glutamatergic cortical neuron,CT,allen_brain,CL:4023008
PCL:0051121,ULIT_120 intratelencephalic-projecting glutamatergic cortical neuron (Hsap),CT,allen_brain,PCL:0051121
PCL:0051122,ULIT_121 intratelencephalic-projecting glutamatergic cortical neuron (Hsap),CT,allen_brain,PCL:0051122
PCL:0051123,ULIT_122 intratelencephalic-projecting glutamatergic cortical neuron (Hsap),CT,allen_brain,PCL:0051123
PCL:0051124,ULIT_123 intratelencephalic-projecting glutamatergic cortical neuron (Hsap),CT,allen_brain,PCL:0051124
PCL:0051125,ULIT_124 intratelencephalic-projecting glutamatergic cortical neuron (Hsap),CT,allen_brain,PCL:0051125
PCL:0051126,ULIT_125 intratelencephalic-projecting glutamatergic cortical neuron (Hsap),CT,allen_brain,PCL:0051126
PCL:0051127,ULIT_126 intratelencephalic-projecting glutamatergic cortical neuron (Hsap),CT,allen_brain,PCL:0051127
PCL:0051128,ULIT_127 intratelencephalic-projecting glutamatergic cortical neuron (Hsap),CT,allen_brain,PCL:0051128
PCL:0051129,ULIT_128 intratelencephalic-projecting glutamatergic cortical neuron (Hsap),CT,allen_brain,PCL:0051129
PCL:0051130,ULIT_129 intratelencephalic-projecting glutamatergic cortical neuron (Hsap),CT,allen_brain,PCL:0051130
PCL:0051131,ULIT_130 intratelencephalic-projecting glutamatergic cortical neuron (Hsap),CT,allen_brain,PCL:0051131
PCL:0051132,ULIT_131 intratelencephalic-projecting glutamatergic cortical neuron (Hsap),CT,allen_brain,PCL:0051132
PCL:0051133,Misc_132 cerebral cortex neuron (Hsap),CT,allen_brain,PCL:0051133
PCL:0051134,ULIT_133 intratelencephalic-projecting glutamatergic cortical neuron (Hsap),CT,allen_brain,PCL:0051134
PCL:0051135,ULIT_134 intratelencephalic-projecting glutamatergic cortical neuron (Hsap),CT,allen_brain,PCL:0051135
PCL:0051136,ULIT_135 intratelencephalic-projecting glutamatergic cortical neuron (Hsap),CT,allen_brain,PCL:0051136
CL:4023008$$3491,intratelencephalic-projecting glutamatergic cortical neuron,CT,allen_brain,CL:4023008
PCL:0051137,DLIT_136 intratelencephalic-projecting glutamatergic cortical neuron (Hsap),CT,allen_brain,PCL:0051137
PCL:0051138,DLIT_137 intratelencephalic-projecting glutamatergic cortical neuron (Hsap),CT,allen_brain,PCL:0051138
PCL:0051139,ULIT_138 intratelencephalic-projecting glutamatergic cortical neuron (Hsap),CT,allen_brain,PCL:0051139
PCL:0051140,DLIT_139 intratelencephalic-projecting glutamatergic cortical neuron (Hsap),CT,allen_brain,PCL:0051140
PCL:0051141,DLIT_140 intratelencephalic-projecting glutamatergic cortical neuron (Hsap),CT,allen_brain,PCL:0051141
PCL:0051142,DLIT_141 intratelencephalic-projecting glutamatergic cortical neuron (Hsap),CT,allen_brain,PCL:0051142
PCL:0051143,DLIT_142 intratelencephalic-projecting glutamatergic cortical neuron (Hsap),CT,allen_brain,PCL:0051143
PCL:0051144,DLIT_143 intratelencephalic-projecting glutamatergic cortical neuron (Hsap),CT,allen_brain,PCL:0051144
PCL:0051145,DLIT_144 intratelencephalic-projecting glutamatergic cortical neuron (Hsap),CT,allen_brain,PCL:0051145
PCL:0051146,DLIT_145 intratelencephalic-projecting glutamatergic cortical neuron (Hsap),CT,allen_brain,PCL:0051146
PCL:0051147,DLIT_146 intratelencephalic-projecting glutamatergic cortical neuron (Hsap),CT,allen_brain,PCL:0051147
PCL:0051148,DLIT_147 intratelencephalic-projecting glutamatergic cortical neuron (Hsap),CT,allen_brain,PCL:0051148
PCL:0051149,DLIT_148 intratelencephalic-projecting glutamatergic cortical neuron (Hsap),CT,allen_brain,PCL:0051149
PCL:0051150,DLIT_149 intratelencephalic-projecting glutamatergic cortical neuron (Hsap),CT,allen_brain,PCL:0051150
PCL:0051151,DLIT_150 intratelencephalic-projecting glutamatergic cortical neuron (Hsap),CT,allen_brain,PCL:0051151
PCL:0051152,DLIT_151 intratelencephalic-projecting glutamatergic cortical neuron (Hsap),CT,allen_brain,PCL:0051152
PCL:0051153,DLIT_152 intratelencephalic-projecting glutamatergic cortical neuron (Hsap),CT,allen_brain,PCL:0051153
ASCTB-TEMP:amygdaloid-complex,amygdaloid complex,AS,allen_brain,ASCTB-TEMP:amygdaloid-complex
CL:4023039,amygdala excitatory neuron,CT,allen_brain,CL:4023039
PCL:0051154,Amex_153 amygdala excitatory neuron (Hsap),CT,allen_brain,PCL:0051154
CL:4023039$$3492,amygdala excitatory neuron,CT,allen_brain,CL:4023039
PCL:0051155,Amex_154 amygdala excitatory neuron (Hsap),CT,allen_brain,PCL:0051155
PCL:0051156,Amex_155 amygdala excitatory neuron (Hsap),CT,allen_brain,PCL:0051156
PCL:0051157,Amex_156 amygdala excitatory neuron (Hsap),CT,allen_brain,PCL:0051157
PCL:0051158,Amex_157 amygdala excitatory neuron (Hsap),CT,allen_brain,PCL:0051158
PCL:0051159,Amex_158 amygdala excitatory neuron (Hsap),CT,allen_brain,PCL:0051159
PCL:0051160,Amex_159 amygdala excitatory neuron (Hsap),CT,allen_brain,PCL:0051160
PCL:0051161,Amex_160 amygdala excitatory neuron (Hsap),CT,allen_brain,PCL:0051161
PCL:0051162,Amex_161 amygdala excitatory neuron (Hsap),CT,allen_brain,PCL:0051162
PCL:0051163,Amex_162 amygdala excitatory neuron (Hsap),CT,allen_brain,PCL:0051163
CL:4023060$$3493,hippocampal CA1-3 neuron,CT,allen_brain,CL:4023060
PCL:0051164,CA13_163 hippocampal CA1-3 neuron (Hsap),CT,allen_brain,PCL:0051164
PCL:0051165,Misc_164 neuron of the forebrain (Hsap),CT,allen_brain,PCL:0051165
PCL:0051166,Misc_165 cerebral cortex neuron (Hsap),CT,allen_brain,PCL:0051166
PCL:0051167,Misc_166 cerebral cortex neuron (Hsap),CT,allen_brain,PCL:0051167
PCL:0051168,Misc_167 cerebral cortex neuron (Hsap),CT,allen_brain,PCL:0051168
PCL:0051169,Misc_168 cerebral cortex neuron (Hsap),CT,allen_brain,PCL:0051169
PCL:0051170,CA13_169 hippocampal CA1-3 neuron (Hsap),CT,allen_brain,PCL:0051170
PCL:0051171,Misc_170 neuron of the forebrain (Hsap),CT,allen_brain,PCL:0051171
CL:4023039$$3494,amygdala excitatory neuron,CT,allen_brain,CL:4023039
PCL:0051172,Amex_171 amygdala excitatory neuron (Hsap),CT,allen_brain,PCL:0051172
CL:4023039$$3495,amygdala excitatory neuron,CT,allen_brain,CL:4023039
PCL:0051173,Amex_172 amygdala excitatory neuron (Hsap),CT,allen_brain,PCL:0051173
PCL:0051174,Amex_173 amygdala excitatory neuron (Hsap),CT,allen_brain,PCL:0051174
PCL:0051175,Amex_174 amygdala excitatory neuron (Hsap),CT,allen_brain,PCL:0051175
PCL:0051176,Amex_175 amygdala excitatory neuron (Hsap),CT,allen_brain,PCL:0051176
CL:0000540,neuron,CT,allen_brain,CL:0000540
PCL:0051177,Misc_176 neuron (Hsap),CT,allen_brain,PCL:0051177
CL:0000540$$3496,neuron,CT,allen_brain,CL:0000540
PCL:0051178,Misc_177 neuron (Hsap),CT,allen_brain,PCL:0051178
PCL:0051179,Misc_178 neuron (Hsap),CT,allen_brain,PCL:0051179
PCL:0051180,CA13_179 hippocampal CA1-3 neuron (Hsap),CT,allen_brain,PCL:0051180
PCL:0051181,CA13_180 hippocampal CA1-3 neuron (Hsap),CT,allen_brain,PCL:0051181
PCL:0051182,CA13_181 hippocampal CA1-3 neuron (Hsap),CT,allen_brain,PCL:0051182
PCL:0051183,CA13_182 hippocampal CA1-3 neuron (Hsap),CT,allen_brain,PCL:0051183
PCL:0051184,CA13_183 hippocampal CA1-3 neuron (Hsap),CT,allen_brain,PCL:0051184
PCL:0051185,CA13_184 hippocampal CA1-3 neuron (Hsap),CT,allen_brain,PCL:0051185
PCL:0051186,CA13_185 hippocampal CA1-3 neuron (Hsap),CT,allen_brain,PCL:0051186
PCL:0051187,CA13_186 hippocampal CA1-3 neuron (Hsap),CT,allen_brain,PCL:0051187
PCL:0051188,CA13_187 hippocampal CA1-3 neuron (Hsap),CT,allen_brain,PCL:0051188
PCL:0051189,CA13_188 hippocampal CA1-3 neuron (Hsap),CT,allen_brain,PCL:0051189
CL:4023060$$3497,hippocampal CA1-3 neuron,CT,allen_brain,CL:4023060
PCL:0051190,CA13_189 hippocampal CA1-3 neuron (Hsap),CT,allen_brain,PCL:0051190
CL:4023061,hippocampal CA4 neuron,CT,allen_brain,CL:4023061
PCL:0051191,CA4_190 hippocampal CA4 neuron (Hsap),CT,allen_brain,PCL:0051191
PCL:0051192,CA4_191 hippocampal CA4 neuron (Hsap),CT,allen_brain,PCL:0051192
PCL:0051193,CA4_192 hippocampal CA4 neuron (Hsap),CT,allen_brain,PCL:0051193
PCL:0051194,CA4_193 hippocampal CA4 neuron (Hsap),CT,allen_brain,PCL:0051194
PCL:0051195,CA4_194 hippocampal CA4 neuron (Hsap),CT,allen_brain,PCL:0051195
PCL:0051196,CA4_195 hippocampal CA4 neuron (Hsap),CT,allen_brain,PCL:0051196
PCL:0051197,CA4_196 hippocampal CA4 neuron (Hsap),CT,allen_brain,PCL:0051197
PCL:0051198,CA4_197 hippocampal CA4 neuron (Hsap),CT,allen_brain,PCL:0051198
CL:4023061$$3498,hippocampal CA4 neuron,CT,allen_brain,CL:4023061
PCL:0051199,CA4_198 hippocampal CA4 neuron (Hsap),CT,allen_brain,PCL:0051199
CL:4023062,dentate gyrus neuron,CT,allen_brain,CL:4023062
PCL:0051200,DG_199 dentate gyrus granule cell (Hsap),CT,allen_brain,PCL:0051200
PCL:0051201,DG_200 dentate gyrus granule cell (Hsap),CT,allen_brain,PCL:0051201
PCL:0051202,DG_201 dentate gyrus granule cell (Hsap),CT,allen_brain,PCL:0051202
PCL:0051203,DG_202 dentate gyrus granule cell (Hsap),CT,allen_brain,PCL:0051203
PCL:0051204,DG_203 dentate gyrus granule cell (Hsap),CT,allen_brain,PCL:0051204
PCL:0051205,DG_204 dentate gyrus granule cell (Hsap),CT,allen_brain,PCL:0051205
PCL:0051206,DG_205 dentate gyrus granule cell (Hsap),CT,allen_brain,PCL:0051206
CL:1001474,medium spiny neuron,CT,allen_brain,CL:1001474
PCL:0051207,MSN_206 medium spiny neuron (Hsap),CT,allen_brain,PCL:0051207
CL:1001474$$3499,medium spiny neuron,CT,allen_brain,CL:1001474
PCL:0051208,MSN_207 indirect pathway medium spiny neuron (Hsap),CT,allen_brain,PCL:0051208
CL:1001474$$3500,medium spiny neuron,CT,allen_brain,CL:1001474
PCL:0051209,MSN_208 indirect pathway medium spiny neuron (Hsap),CT,allen_brain,PCL:0051209
PCL:0051210,MSN_209 direct pathway medium spiny neuron (Hsap),CT,allen_brain,PCL:0051210
PCL:0051211,MSN_210 direct pathway medium spiny neuron (Hsap),CT,allen_brain,PCL:0051211
PCL:0051212,MSN_211 direct pathway medium spiny neuron (Hsap),CT,allen_brain,PCL:0051212
PCL:0051213,MSN_212 indirect pathway medium spiny neuron (Hsap),CT,allen_brain,PCL:0051213
PCL:0051214,MSN_213 indirect pathway medium spiny neuron (Hsap),CT,allen_brain,PCL:0051214
PCL:0051215,MSN_214 direct pathway medium spiny neuron (Hsap),CT,allen_brain,PCL:0051215
PCL:0051216,MSN_215 direct pathway medium spiny neuron (Hsap),CT,allen_brain,PCL:0051216
CL:1001474$$3501,medium spiny neuron,CT,allen_brain,CL:1001474
PCL:0051217,MSN_216 indirect pathway medium spiny neuron (Hsap),CT,allen_brain,PCL:0051217
PCL:0051218,MSN_217 indirect pathway medium spiny neuron (Hsap),CT,allen_brain,PCL:0051218
PCL:0051219,MSN_218 medium spiny neuron (Hsap),CT,allen_brain,PCL:0051219
PCL:0051220,MSN_219 direct pathway medium spiny neuron (Hsap),CT,allen_brain,PCL:0051220
CL:1001474$$3502,medium spiny neuron,CT,allen_brain,CL:1001474
PCL:0051221,MSN_220 direct pathway medium spiny neuron (Hsap),CT,allen_brain,PCL:0051221
PCL:0051222,MSN_221 indirect pathway medium spiny neuron (Hsap),CT,allen_brain,PCL:0051222
PCL:0051223,EMSN_222 medium spiny neuron (Hsap),CT,allen_brain,PCL:0051223
PCL:0051224,EMSN_223 medium spiny neuron (Hsap),CT,allen_brain,PCL:0051224
PCL:0051225,EMSN_224 medium spiny neuron (Hsap),CT,allen_brain,PCL:0051225
PCL:0051226,EMSN_225 medium spiny neuron (Hsap),CT,allen_brain,PCL:0051226
PCL:0051227,EMSN_226 medium spiny neuron (Hsap),CT,allen_brain,PCL:0051227
PCL:0051228,EMSN_227 medium spiny neuron (Hsap),CT,allen_brain,PCL:0051228
PCL:0051229,EMSN_228 medium spiny neuron (Hsap),CT,allen_brain,PCL:0051229
PCL:0051230,EMSN_229 medium spiny neuron (Hsap),CT,allen_brain,PCL:0051230
PCL:0051231,EMSN_230 medium spiny neuron (Hsap),CT,allen_brain,PCL:0051231
PCL:0051232,EMSN_231 medium spiny neuron (Hsap),CT,allen_brain,PCL:0051232
PCL:0051233,EMSN_232 medium spiny neuron (Hsap),CT,allen_brain,PCL:0051233
PCL:0051234,EMSN_233 medium spiny neuron (Hsap),CT,allen_brain,PCL:0051234
PCL:0051235,EMSN_234 medium spiny neuron (Hsap),CT,allen_brain,PCL:0051235
PCL:0051236,Splat_235 long-range projecting sst GABAergic cortical interneuron (Mmus) (Hsap),CT,allen_brain,PCL:0051236
CL:4023063,medial ganglionic eminence derived interneuron,CT,allen_brain,CL:4023063
PCL:0051237,MGE_236 sst GABAergic cortical interneuron (Hsap),CT,allen_brain,PCL:0051237
PCL:0051238,Splat_237 sst GABAergic cortical interneuron (Hsap),CT,allen_brain,PCL:0051238
CL:0000540$$3503,neuron,CT,allen_brain,CL:0000540
PCL:0051239,Splat_238 neuron (Hsap),CT,allen_brain,PCL:0051239
CL:4023063$$3504,medial ganglionic eminence derived interneuron,CT,allen_brain,CL:4023063
PCL:0051240,MGE_239 sst GABAergic cortical interneuron (Hsap),CT,allen_brain,PCL:0051240
PCL:0051241,MGE_240 sst GABAergic cortical interneuron (Hsap),CT,allen_brain,PCL:0051241
PCL:0051242,MGE_241 sst GABAergic cortical interneuron (Hsap),CT,allen_brain,PCL:0051242
PCL:0051243,MGE_242 medial ganglionic eminence derived interneuron (Hsap),CT,allen_brain,PCL:0051243
PCL:0051244,MGE_243 sst GABAergic cortical interneuron (Hsap),CT,allen_brain,PCL:0051244
PCL:0051245,MGE_244 medial ganglionic eminence derived interneuron (Hsap),CT,allen_brain,PCL:0051245
PCL:0051246,MGE_245 medial ganglionic eminence derived interneuron (Hsap),CT,allen_brain,PCL:0051246
PCL:0051247,MGE_246 sst GABAergic cortical interneuron (Hsap),CT,allen_brain,PCL:0051247
CL:4023063$$3505,medial ganglionic eminence derived interneuron,CT,allen_brain,CL:4023063
PCL:0051248,MGE_247 medial ganglionic eminence derived interneuron (Hsap),CT,allen_brain,PCL:0051248
PCL:0051249,MGE_248 sst GABAergic cortical interneuron (Hsap),CT,allen_brain,PCL:0051249
PCL:0051250,MGE_249 sst GABAergic cortical interneuron (Hsap),CT,allen_brain,PCL:0051250
PCL:0051251,MGE_250 medial ganglionic eminence derived interneuron (Hsap),CT,allen_brain,PCL:0051251
PCL:0051252,MGE_251 medial ganglionic eminence derived interneuron (Hsap),CT,allen_brain,PCL:0051252
PCL:0051253,MGE_252 sst GABAergic cortical interneuron (Hsap),CT,allen_brain,PCL:0051253
PCL:0051254,MGE_253 sst GABAergic cortical interneuron (Hsap),CT,allen_brain,PCL:0051254
PCL:0051255,MGE_254 sst GABAergic cortical interneuron (Hsap),CT,allen_brain,PCL:0051255
PCL:0051256,MGE_255 medial ganglionic eminence derived interneuron (Hsap),CT,allen_brain,PCL:0051256
PCL:0051257,MGE_256 pvalb GABAergic cortical interneuron (Hsap),CT,allen_brain,PCL:0051257
PCL:0051258,MGE_257 pvalb GABAergic cortical interneuron (Hsap),CT,allen_brain,PCL:0051258
PCL:0051259,MGE_258 sst GABAergic cortical interneuron (Hsap),CT,allen_brain,PCL:0051259
PCL:0051260,MGE_259 pvalb GABAergic cortical interneuron (Hsap),CT,allen_brain,PCL:0051260
PCL:0051261,MGE_260 pvalb GABAergic cortical interneuron (Hsap),CT,allen_brain,PCL:0051261
PCL:0051262,MGE_261 pvalb GABAergic cortical interneuron (Hsap),CT,allen_brain,PCL:0051262
PCL:0051263,MGE_262 pvalb GABAergic cortical interneuron (Hsap),CT,allen_brain,PCL:0051263
PCL:0051264,MGE_263 medial ganglionic eminence derived interneuron (Hsap),CT,allen_brain,PCL:0051264
CL:0000402,CNS interneuron,CT,allen_brain,CL:0000402
PCL:0051265,LLC_264 chandelier cell (Hsap),CT,allen_brain,PCL:0051265
PCL:0051266,LLC_265 chandelier cell (Hsap),CT,allen_brain,PCL:0051266
PCL:0051267,LLC_266 chandelier cell (Hsap),CT,allen_brain,PCL:0051267
CL:0000402$$3506,CNS interneuron,CT,allen_brain,CL:0000402
PCL:0051268,LLC_267 CNS interneuron (Hsap),CT,allen_brain,PCL:0051268
CL:0000402$$3507,CNS interneuron,CT,allen_brain,CL:0000402
PCL:0051269,LLC_268 CNS interneuron (Hsap),CT,allen_brain,PCL:0051269
PCL:0051270,LLC_269 CNS interneuron (Hsap),CT,allen_brain,PCL:0051270
PCL:0051271,LLC_270 CNS interneuron (Hsap),CT,allen_brain,PCL:0051271
PCL:0051272,LLC_271 CNS interneuron (Hsap),CT,allen_brain,PCL:0051272
PCL:0051273,LLC_272 CNS interneuron (Hsap),CT,allen_brain,PCL:0051273
CL:0000402$$3508,CNS interneuron,CT,allen_brain,CL:0000402
PCL:0051274,LLC_273 CNS interneuron (Hsap),CT,allen_brain,PCL:0051274
PCL:0051275,LLC_274 CNS interneuron (Hsap),CT,allen_brain,PCL:0051275
PCL:0051276,LLC_275 CNS interneuron (Hsap),CT,allen_brain,PCL:0051276
CL:4023064,caudal ganglionic eminence derived cortical interneuron,CT,allen_brain,CL:4023064
PCL:0051277,CGE_276 vip GABAergic cortical interneuron (Hsap),CT,allen_brain,PCL:0051277
PCL:0051278,CGE_277 caudal ganglionic eminence derived interneuron (Hsap),CT,allen_brain,PCL:0051278
PCL:0051279,CGE_278 caudal ganglionic eminence derived interneuron (Hsap),CT,allen_brain,PCL:0051279
PCL:0051280,CGE_279 vip GABAergic cortical interneuron (Hsap),CT,allen_brain,PCL:0051280
PCL:0051281,CGE_280 vip GABAergic cortical interneuron (Hsap),CT,allen_brain,PCL:0051281
PCL:0051282,CGE_281 vip GABAergic cortical interneuron (Hsap),CT,allen_brain,PCL:0051282
CL:4023064$$3509,caudal ganglionic eminence derived cortical interneuron,CT,allen_brain,CL:4023064
PCL:0051283,CGE_282 caudal ganglionic eminence derived interneuron (Hsap),CT,allen_brain,PCL:0051283
PCL:0051284,CGE_283 caudal ganglionic eminence derived interneuron (Hsap),CT,allen_brain,PCL:0051284
PCL:0051285,CGE_284 vip GABAergic cortical interneuron (Hsap),CT,allen_brain,PCL:0051285
PCL:0051286,CGE_285 vip GABAergic cortical interneuron (Hsap),CT,allen_brain,PCL:0051286
PCL:0051287,CGE_286 lamp5 GABAergic cortical interneuron (Hsap),CT,allen_brain,PCL:0051287
CL:4023064$$3510,caudal ganglionic eminence derived cortical interneuron,CT,allen_brain,CL:4023064
PCL:0051288,CGE_287 lamp5 GABAergic cortical interneuron (Hsap),CT,allen_brain,PCL:0051288
PCL:0051289,CGE_288 lamp5 GABAergic cortical interneuron (Hsap),CT,allen_brain,PCL:0051289
PCL:0051290,CGE_289 vip GABAergic cortical interneuron (Hsap),CT,allen_brain,PCL:0051290
PCL:0051291,CGE_290 vip GABAergic cortical interneuron (Hsap),CT,allen_brain,PCL:0051291
PCL:0051292,CGE_291 vip GABAergic cortical interneuron (Hsap),CT,allen_brain,PCL:0051292
PCL:0051293,CGE_292 vip GABAergic cortical interneuron (Hsap),CT,allen_brain,PCL:0051293
PCL:0051294,CGE_293 vip GABAergic cortical interneuron (Hsap),CT,allen_brain,PCL:0051294
PCL:0051295,CGE_294 vip GABAergic cortical interneuron (Hsap),CT,allen_brain,PCL:0051295
PCL:0051296,CGE_295 vip GABAergic cortical interneuron (Hsap),CT,allen_brain,PCL:0051296
PCL:0051297,CGE_296 vip GABAergic cortical interneuron (Hsap),CT,allen_brain,PCL:0051297
CL:0000540$$3511,neuron,CT,allen_brain,CL:0000540
PCL:0051298,URL_297 neuron (Hsap),CT,allen_brain,PCL:0051298
CL:4023057,cerebellar inhibitory GABAergic interneuron,CT,allen_brain,CL:4023057
PCL:0051299,CBI_298 cerebellar inhibitory GABAergic interneuron (Hsap),CT,allen_brain,PCL:0051299
PCL:0051300,CBI_299 cerebellar inhibitory GABAergic interneuron (Hsap),CT,allen_brain,PCL:0051300
PCL:0051301,CBI_300 cerebellar inhibitory GABAergic interneuron (Hsap),CT,allen_brain,PCL:0051301
CL:4023057$$3512,cerebellar inhibitory GABAergic interneuron,CT,allen_brain,CL:4023057
PCL:0051302,CBI_301 cerebellar inhibitory GABAergic interneuron (Hsap),CT,allen_brain,PCL:0051302
PCL:0051303,CBI_302 cerebellar inhibitory GABAergic interneuron (Hsap),CT,allen_brain,PCL:0051303
CL:4023057$$3513,cerebellar inhibitory GABAergic interneuron,CT,allen_brain,CL:4023057
PCL:0051304,CBI_303 cerebellar inhibitory GABAergic interneuron (Hsap),CT,allen_brain,PCL:0051304
PCL:0051305,CBI_304 cerebellar inhibitory GABAergic interneuron (Hsap),CT,allen_brain,PCL:0051305
PCL:0051306,CBI_305 cerebellar inhibitory GABAergic interneuron (Hsap),CT,allen_brain,PCL:0051306
PCL:0051307,CBI_306 cerebellar inhibitory GABAergic interneuron (Hsap),CT,allen_brain,PCL:0051307
PCL:0051308,CBI_307 cerebellar inhibitory GABAergic interneuron (Hsap),CT,allen_brain,PCL:0051308
CL:0000540$$3514,neuron,CT,allen_brain,CL:0000540
PCL:0051309,URL_308 unipolar brush cell (Hsap),CT,allen_brain,PCL:0051309
PCL:0051310,URL_309 neuron (Hsap),CT,allen_brain,PCL:0051310
PCL:0051311,URL_310 cerebellar granule cell (Hsap),CT,allen_brain,PCL:0051311
PCL:0051312,URL_311 cerebellar granule cell (Hsap),CT,allen_brain,PCL:0051312
PCL:0051313,URL_312 cerebellar granule cell (Hsap),CT,allen_brain,PCL:0051313
PCL:0051314,Splat_313 neuron (Hsap),CT,allen_brain,PCL:0051314
PCL:0051315,Misc_314 Purkinje cell (Hsap),CT,allen_brain,PCL:0051315
CL:0000540$$3515,neuron,CT,allen_brain,CL:0000540
PCL:0051316,LRL_315 neuron (Hsap),CT,allen_brain,PCL:0051316
PCL:0051317,LRL_316 neuron (Hsap),CT,allen_brain,PCL:0051317
PCL:0051318,LRL_317 neuron (Hsap),CT,allen_brain,PCL:0051318
PCL:0051319,LRL_318 neuron (Hsap),CT,allen_brain,PCL:0051319
PCL:0051320,LRL_319 neuron (Hsap),CT,allen_brain,PCL:0051320
PCL:0051321,LRL_320 neuron (Hsap),CT,allen_brain,PCL:0051321
PCL:0051322,LRL_321 neuron (Hsap),CT,allen_brain,PCL:0051322
PCL:0051323,LRL_322 neuron (Hsap),CT,allen_brain,PCL:0051323
CL:4023074,mammillary body neuron,CT,allen_brain,CL:4023074
PCL:0051324,Mmb_323 mammillary body neuron (Hsap),CT,allen_brain,PCL:0051324
PCL:0051325,Mmb_324 mammillary body neuron (Hsap),CT,allen_brain,PCL:0051325
PCL:0051326,Mmb_325 mammillary body neuron (Hsap),CT,allen_brain,PCL:0051326
PCL:0051327,Mmb_326 mammillary body neuron (Hsap),CT,allen_brain,PCL:0051327
PCL:0051328,Mmb_327 mammillary body neuron (Hsap),CT,allen_brain,PCL:0051328
PCL:0051329,Mmb_328 mammillary body neuron (Hsap),CT,allen_brain,PCL:0051329
PCL:0051330,Mmb_329 mammillary body neuron (Hsap),CT,allen_brain,PCL:0051330
PCL:0051331,Mmb_330 mammillary body neuron (Hsap),CT,allen_brain,PCL:0051331
PCL:0051332,Mmb_331 mammillary body neuron (Hsap),CT,allen_brain,PCL:0051332
PCL:0051333,Mmb_332 mammillary body neuron (Hsap),CT,allen_brain,PCL:0051333
PCL:0051334,Mmb_333 mammillary body neuron (Hsap),CT,allen_brain,PCL:0051334
CL:0000540$$3516,neuron,CT,allen_brain,CL:0000540
PCL:0051335,Splat_334 neuron (Hsap),CT,allen_brain,PCL:0051335
PCL:0051336,Splat_335 neuron (Hsap),CT,allen_brain,PCL:0051336
PCL:0051337,Splat_336 neuron (Hsap),CT,allen_brain,PCL:0051337
PCL:0051338,Splat_337 neuron (Hsap),CT,allen_brain,PCL:0051338
CL:0000540$$3517,neuron,CT,allen_brain,CL:0000540
PCL:0051339,Splat_338 neuron (Hsap),CT,allen_brain,PCL:0051339
PCL:0051340,Splat_339 neuron (Hsap),CT,allen_brain,PCL:0051340
PCL:0051341,Splat_340 neuron (Hsap),CT,allen_brain,PCL:0051341
PCL:0051342,Splat_341 neuron (Hsap),CT,allen_brain,PCL:0051342
CL:0000540$$3518,neuron,CT,allen_brain,CL:0000540
PCL:0051343,Splat_342 neuron (Hsap),CT,allen_brain,PCL:0051343
PCL:0051344,Splat_343 neuron (Hsap),CT,allen_brain,PCL:0051344
PCL:0051345,Splat_344 neuron (Hsap),CT,allen_brain,PCL:0051345
PCL:0051346,Splat_345 neuron (Hsap),CT,allen_brain,PCL:0051346
PCL:0051347,Splat_346 neuron (Hsap),CT,allen_brain,PCL:0051347
PCL:0051348,Splat_347 neuron (Hsap),CT,allen_brain,PCL:0051348
PCL:0051349,Splat_348 neuron (Hsap),CT,allen_brain,PCL:0051349
PCL:0051350,Splat_349 neuron (Hsap),CT,allen_brain,PCL:0051350
PCL:0051351,Splat_350 neuron (Hsap),CT,allen_brain,PCL:0051351
PCL:0051352,Splat_351 neuron (Hsap),CT,allen_brain,PCL:0051352
PCL:0051353,Splat_352 neuron (Hsap),CT,allen_brain,PCL:0051353
PCL:0051354,Splat_353 neuron (Hsap),CT,allen_brain,PCL:0051354
PCL:0051355,Splat_354 neuron (Hsap),CT,allen_brain,PCL:0051355
PCL:0051356,Splat_355 neuron (Hsap),CT,allen_brain,PCL:0051356
PCL:0051357,Splat_356 neuron (Hsap),CT,allen_brain,PCL:0051357
PCL:0051358,Splat_357 neuron (Hsap),CT,allen_brain,PCL:0051358
PCL:0051359,Splat_358 neuron (Hsap),CT,allen_brain,PCL:0051359
PCL:0051360,Splat_359 neuron (Hsap),CT,allen_brain,PCL:0051360
PCL:0051361,Splat_360 neuron (Hsap),CT,allen_brain,PCL:0051361
PCL:0051362,Splat_361 neuron (Hsap),CT,allen_brain,PCL:0051362
PCL:0051363,Splat_362 neuron (Hsap),CT,allen_brain,PCL:0051363
PCL:0051364,Splat_363 neuron (Hsap),CT,allen_brain,PCL:0051364
PCL:0051365,Splat_364 neuron (Hsap),CT,allen_brain,PCL:0051365
PCL:0051366,Splat_365 neuron (Hsap),CT,allen_brain,PCL:0051366
PCL:0051367,Splat_366 neuron (Hsap),CT,allen_brain,PCL:0051367
PCL:0051368,Splat_367 neuron (Hsap),CT,allen_brain,PCL:0051368
PCL:0051369,Splat_368 neuron (Hsap),CT,allen_brain,PCL:0051369
PCL:0051370,Splat_369 neuron (Hsap),CT,allen_brain,PCL:0051370
PCL:0051371,Splat_370 neuron (Hsap),CT,allen_brain,PCL:0051371
PCL:0051372,Splat_371 neuron (Hsap),CT,allen_brain,PCL:0051372
CL:4023068,thalamic excitatory neuron,CT,allen_brain,CL:4023068
PCL:0051373,Thex_372 thalamic excitatory neuron (Hsap),CT,allen_brain,PCL:0051373
PCL:0051374,Splat_373 neuron (Hsap),CT,allen_brain,PCL:0051374
PCL:0051375,Splat_374 neuron (Hsap),CT,allen_brain,PCL:0051375
PCL:0051376,Splat_375 neuron (Hsap),CT,allen_brain,PCL:0051376
PCL:0051377,Splat_376 neuron (Hsap),CT,allen_brain,PCL:0051377
PCL:0051378,Splat_377 neuron (Hsap),CT,allen_brain,PCL:0051378
PCL:0051379,Splat_378 neuron (Hsap),CT,allen_brain,PCL:0051379
PCL:0051380,Splat_379 neuron (Hsap),CT,allen_brain,PCL:0051380
PCL:0051381,Splat_380 neuron (Hsap),CT,allen_brain,PCL:0051381
PCL:0051382,Splat_381 neuron (Hsap),CT,allen_brain,PCL:0051382
PCL:0051383,Splat_382 neuron (Hsap),CT,allen_brain,PCL:0051383
PCL:0051384,Splat_383 neuron (Hsap),CT,allen_brain,PCL:0051384
PCL:0051385,Splat_384 neuron (Hsap),CT,allen_brain,PCL:0051385
CL:0000540$$3519,neuron,CT,allen_brain,CL:0000540
PCL:0051386,Splat_385 neuron (Hsap),CT,allen_brain,PCL:0051386
PCL:0051387,Splat_386 neuron (Hsap),CT,allen_brain,PCL:0051387
PCL:0051388,Splat_387 neuron (Hsap),CT,allen_brain,PCL:0051388
PCL:0051389,Splat_388 neuron (Hsap),CT,allen_brain,PCL:0051389
PCL:0051390,Splat_389 neuron (Hsap),CT,allen_brain,PCL:0051390
PCL:0051391,Splat_390 neuron (Hsap),CT,allen_brain,PCL:0051391
PCL:0051392,Splat_391 neuron (Hsap),CT,allen_brain,PCL:0051392
PCL:0051393,Splat_392 neuron (Hsap),CT,allen_brain,PCL:0051393
PCL:0051394,Splat_393 neuron (Hsap),CT,allen_brain,PCL:0051394
PCL:0051395,Splat_394 neuron (Hsap),CT,allen_brain,PCL:0051395
PCL:0051396,Splat_395 neuron (Hsap),CT,allen_brain,PCL:0051396
PCL:0051397,Splat_396 neuron (Hsap),CT,allen_brain,PCL:0051397
PCL:0051398,Splat_397 neuron (Hsap),CT,allen_brain,PCL:0051398
PCL:0051399,Splat_398 neuron (Hsap),CT,allen_brain,PCL:0051399
PCL:0051400,Splat_399 neuron (Hsap),CT,allen_brain,PCL:0051400
PCL:0051401,Splat_400 neuron (Hsap),CT,allen_brain,PCL:0051401
PCL:0051402,Misc_401 neuron of the forebrain (Hsap),CT,allen_brain,PCL:0051402
PCL:0051403,Splat_402 neuron (Hsap),CT,allen_brain,PCL:0051403
PCL:0051404,Splat_403 neuron (Hsap),CT,allen_brain,PCL:0051404
PCL:0051405,Misc_404 cerebral cortex neuron (Hsap),CT,allen_brain,PCL:0051405
PCL:0051406,Amex_405 amygdala excitatory neuron (Hsap),CT,allen_brain,PCL:0051406
PCL:0051407,Amex_406 amygdala excitatory neuron (Hsap),CT,allen_brain,PCL:0051407
PCL:0051408,Amex_407 amygdala excitatory neuron (Hsap),CT,allen_brain,PCL:0051408
PCL:0051409,Amex_408 amygdala excitatory neuron (Hsap),CT,allen_brain,PCL:0051409
PCL:0051410,Splat_409 neuron (Hsap),CT,allen_brain,PCL:0051410
PCL:0051411,Splat_410 neuron (Hsap),CT,allen_brain,PCL:0051411
PCL:0051412,Splat_411 neuron (Hsap),CT,allen_brain,PCL:0051412
PCL:0051413,Splat_412 neuron (Hsap),CT,allen_brain,PCL:0051413
PCL:0051414,Splat_413 neuron (Hsap),CT,allen_brain,PCL:0051414
PCL:0051415,Splat_414 neuron (Hsap),CT,allen_brain,PCL:0051415
PCL:0051416,Splat_415 neuron (Hsap),CT,allen_brain,PCL:0051416
PCL:0051417,Splat_416 neuron (Hsap),CT,allen_brain,PCL:0051417
PCL:0051418,Splat_417 neuron (Hsap),CT,allen_brain,PCL:0051418
PCL:0051419,Splat_418 neuron (Hsap),CT,allen_brain,PCL:0051419
PCL:0051420,Amex_419 amygdala excitatory neuron (Hsap),CT,allen_brain,PCL:0051420
PCL:0051421,Splat_420 neuron (Hsap),CT,allen_brain,PCL:0051421
PCL:0051422,Splat_421 neuron (Hsap),CT,allen_brain,PCL:0051422
PCL:0051423,Splat_422 neuron (Hsap),CT,allen_brain,PCL:0051423
PCL:0051424,Splat_423 neuron (Hsap),CT,allen_brain,PCL:0051424
PCL:0051425,Splat_424 neuron (Hsap),CT,allen_brain,PCL:0051425
PCL:0051426,Splat_425 neuron (Hsap),CT,allen_brain,PCL:0051426
PCL:0051427,EMSN_426 medium spiny neuron (Hsap),CT,allen_brain,PCL:0051427
PCL:0051428,MSN_427 direct pathway medium spiny neuron (Hsap),CT,allen_brain,PCL:0051428
PCL:0051429,Splat_428 neuron (Hsap),CT,allen_brain,PCL:0051429
PCL:0051430,Splat_429 neuron (Hsap),CT,allen_brain,PCL:0051430
PCL:0051431,MSN_430 medium spiny neuron (Hsap),CT,allen_brain,PCL:0051431
PCL:0051432,Splat_431 neuron (Hsap),CT,allen_brain,PCL:0051432
PCL:0051433,Splat_432 neuron (Hsap),CT,allen_brain,PCL:0051433
CL:4023079,midbrain-derived inhibitory neuron,CT,allen_brain,CL:4023079
PCL:0051434,Midi_433 midbrain-derived inhibitory neuron (Hsap),CT,allen_brain,PCL:0051434
PCL:0051435,Midi_434 midbrain-derived inhibitory neuron (Hsap),CT,allen_brain,PCL:0051435
PCL:0051436,Midi_435 midbrain-derived inhibitory neuron (Hsap),CT,allen_brain,PCL:0051436
PCL:0051437,Midi_436 midbrain-derived inhibitory neuron (Hsap),CT,allen_brain,PCL:0051437
PCL:0051438,Midi_437 midbrain-derived inhibitory neuron (Hsap),CT,allen_brain,PCL:0051438
PCL:0051439,Midi_438 midbrain-derived inhibitory neuron (Hsap),CT,allen_brain,PCL:0051439
PCL:0051440,Midi_439 midbrain-derived inhibitory neuron (Hsap),CT,allen_brain,PCL:0051440
PCL:0051441,Midi_440 midbrain-derived inhibitory neuron (Hsap),CT,allen_brain,PCL:0051441
PCL:0051442,Midi_441 midbrain-derived inhibitory neuron (Hsap),CT,allen_brain,PCL:0051442
CL:4023079$$3520,midbrain-derived inhibitory neuron,CT,allen_brain,CL:4023079
PCL:0051443,Midi_442 midbrain-derived inhibitory neuron (Hsap),CT,allen_brain,PCL:0051443
PCL:0051444,Midi_443 midbrain-derived inhibitory neuron (Hsap),CT,allen_brain,PCL:0051444
PCL:0051445,Midi_444 midbrain-derived inhibitory neuron (Hsap),CT,allen_brain,PCL:0051445
CL:4023068$$3521,thalamic excitatory neuron,CT,allen_brain,CL:4023068
PCL:0051446,Thex_445 thalamic excitatory neuron (Hsap),CT,allen_brain,PCL:0051446
PCL:0051447,Thex_446 thalamic excitatory neuron (Hsap),CT,allen_brain,PCL:0051447
PCL:0051448,Thex_447 thalamic excitatory neuron (Hsap),CT,allen_brain,PCL:0051448
PCL:0051449,Thex_448 thalamic excitatory neuron (Hsap),CT,allen_brain,PCL:0051449
PCL:0051450,Thex_449 thalamic excitatory neuron (Hsap),CT,allen_brain,PCL:0051450
PCL:0051451,Thex_450 thalamic excitatory neuron (Hsap),CT,allen_brain,PCL:0051451
PCL:0051452,Thex_451 thalamic excitatory neuron (Hsap),CT,allen_brain,PCL:0051452
PCL:0051453,Thex_452 thalamic excitatory neuron (Hsap),CT,allen_brain,PCL:0051453
PCL:0051454,Thex_453 thalamic excitatory neuron (Hsap),CT,allen_brain,PCL:0051454
PCL:0051455,Thex_454 thalamic excitatory neuron (Hsap),CT,allen_brain,PCL:0051455
PCL:0051456,Thex_455 thalamic excitatory neuron (Hsap),CT,allen_brain,PCL:0051456
PCL:0051457,Thex_456 thalamic excitatory neuron (Hsap),CT,allen_brain,PCL:0051457
PCL:0051458,Thex_457 thalamic excitatory neuron (Hsap),CT,allen_brain,PCL:0051458
PCL:0051459,Thex_458 thalamic excitatory neuron (Hsap),CT,allen_brain,PCL:0051459
CL:4023068$$3522,thalamic excitatory neuron,CT,allen_brain,CL:4023068
PCL:0051460,Thex_459 thalamic excitatory neuron (Hsap),CT,allen_brain,PCL:0051460
PCL:0051461,Thex_460 thalamic excitatory neuron (Hsap),CT,allen_brain,PCL:0051461
UBERON:0001870,frontal cortex,AS,allen_brain,UBERON:0001870
UBERON:0001384,Primary motor cortex,AS,allen_brain,UBERON:0001384
CL:4023064$$3523,caudal ganglionic eminence derived cortical interneuron,CT,allen_brain,CL:4023064
PCL:0015001,Inh L1 LAMP5 PVRL2 primary motor cortex GABAergic interneuron (Hsap),CT,allen_brain,PCL:0015001
PCL:0015002,Inh L1 LAMP5 RAB11FIP1 primary motor cortex GABAergic interneuron (Hsap),CT,allen_brain,PCL:0015002
PCL:0015003,Inh L1-6 LAMP5 AARD primary motor cortex GABAergic interneuron (Hsap),CT,allen_brain,PCL:0015003
PCL:0015004,Inh L1-6 LAMP5 NES primary motor cortex GABAergic interneuron (Hsap),CT,allen_brain,PCL:0015004
PCL:0015005,Inh L1-6 LAMP5 CA1 primary motor cortex GABAergic interneuron (Hsap),CT,allen_brain,PCL:0015005
PCL:0015006,Inh L5-6 LAMP5 CRABP1 primary motor cortex GABAergic interneuron (Hsap),CT,allen_brain,PCL:0015006
PCL:0015007,Inh L3-6 PAX6 LINC01497 primary motor cortex GABAergic interneuron (Hsap),CT,allen_brain,PCL:0015007
PCL:0015008,Inh L1 PAX6 MIR101-1 primary motor cortex GABAergic interneuron (Hsap),CT,allen_brain,PCL:0015008
PCL:0015014,Inh L1 LAMP5 BMP2 primary motor cortex GABAergic interneuron (Hsap),CT,allen_brain,PCL:0015014
PCL:0015015,Inh L1 LAMP5 NMBR primary motor cortex GABAergic interneuron (Hsap),CT,allen_brain,PCL:0015015
PCL:0015009,Inh L1 PAX6 CHRFAM7A primary motor cortex GABAergic interneuron (Hsap),CT,allen_brain,PCL:0015009
PCL:0015010,Inh L1-6 VIP SLC7A6OS primary motor cortex GABAergic interneuron (Hsap),CT,allen_brain,PCL:0015010
PCL:0015011,Inh L2 PAX6 FREM2 primary motor cortex GABAergic interneuron (Hsap),CT,allen_brain,PCL:0015011
PCL:0015012,Inh L1-2 VIP HTR3A primary motor cortex GABAergic interneuron (Hsap),CT,allen_brain,PCL:0015012
PCL:0015013,Inh L1-2 VIP WNT4 primary motor cortex GABAergic interneuron (Hsap),CT,allen_brain,PCL:0015013
PCL:0015016,Inh L1 PVALB-like SST ASIC4 primary motor cortex GABAergic interneuron (Hsap),CT,allen_brain,PCL:0015016
PCL:0015017,Inh L1 SST P4HA3 primary motor cortex GABAergic interneuron (Hsap),CT,allen_brain,PCL:0015017
PCL:0015018,Inh L1 SST DEFB108B primary motor cortex GABAergic interneuron (Hsap),CT,allen_brain,PCL:0015018
PCL:0015019,Inh L1-3 VIP CBLN1 primary motor cortex GABAergic interneuron (Hsap),CT,allen_brain,PCL:0015019
PCL:0015020,Inh L1-2 VIP EXPH5 primary motor cortex GABAergic interneuron (Hsap),CT,allen_brain,PCL:0015020
PCL:0015021,Inh L1-3 VIP HSPB6 primary motor cortex GABAergic interneuron (Hsap),CT,allen_brain,PCL:0015021
PCL:0015022,Inh L1-2 VIP PTGER3 primary motor cortex GABAergic interneuron (Hsap),CT,allen_brain,PCL:0015022
PCL:0015023,Inh L1-2 VIP SCML4 primary motor cortex GABAergic interneuron (Hsap),CT,allen_brain,PCL:0015023
PCL:0015024,Inh L1-3 VIP FNDC1 primary motor cortex GABAergic interneuron (Hsap),CT,allen_brain,PCL:0015024
PCL:0015025,Inh L1-3 VIP CHRNA2 primary motor cortex GABAergic interneuron (Hsap),CT,allen_brain,PCL:0015025
PCL:0015026,Inh L2 VIP SLC6A16 primary motor cortex GABAergic interneuron (Hsap),CT,allen_brain,PCL:0015026
PCL:0015027,Inh L1 VIP KLHDC8B primary motor cortex GABAergic interneuron (Hsap),CT,allen_brain,PCL:0015027
PCL:0015028,Inh L3-5 VIP IGDCC3 primary motor cortex GABAergic interneuron (Hsap),CT,allen_brain,PCL:0015028
PCL:0015029,Inh L1-5 VIP SMOC1 primary motor cortex GABAergic interneuron (Hsap),CT,allen_brain,PCL:0015029
PCL:0015030,Inh L3-5 VIP HS3ST3A1 primary motor cortex GABAergic interneuron (Hsap),CT,allen_brain,PCL:0015030
PCL:0015031,Inh L5-6 VIP COL4A3 primary motor cortex GABAergic interneuron (Hsap),CT,allen_brain,PCL:0015031
PCL:0015032,Inh L1-5 VIP CD27-AS1 primary motor cortex GABAergic interneuron (Hsap),CT,allen_brain,PCL:0015032
PCL:0015033,Inh L2-5 VIP BSPRY primary motor cortex GABAergic interneuron (Hsap),CT,allen_brain,PCL:0015033
PCL:0015034,Inh L2-5 VIP SOX11 primary motor cortex GABAergic interneuron (Hsap),CT,allen_brain,PCL:0015034
PCL:0015035,Inh L3-6 VIP ZIM2-AS1 primary motor cortex GABAergic interneuron (Hsap),CT,allen_brain,PCL:0015035
PCL:0015036,Inh L1-5 VIP PHLDB3 primary motor cortex GABAergic interneuron (Hsap),CT,allen_brain,PCL:0015036
PCL:0015037,Inh L1-5 VIP LINC01013 primary motor cortex GABAergic interneuron (Hsap),CT,allen_brain,PCL:0015037
PCL:0015038,Inh L3-6 VIP UG0898H09 primary motor cortex GABAergic interneuron (Hsap),CT,allen_brain,PCL:0015038
PCL:0015039,Inh L3-5 VIP TAC3 primary motor cortex GABAergic interneuron (Hsap),CT,allen_brain,PCL:0015039
CL:4023063$$3524,medial ganglionic eminence derived interneuron,CT,allen_brain,CL:4023063
PCL:0015040,Inh L1-6 SST NPY primary motor cortex GABAergic interneuron (Hsap),CT,allen_brain,PCL:0015040
PCL:0015041,Inh L3-5 SST CDH3 primary motor cortex GABAergic interneuron (Hsap),CT,allen_brain,PCL:0015041
PCL:0015042,Inh L5 SST RPL35AP11 primary motor cortex GABAergic interneuron (Hsap),CT,allen_brain,PCL:0015042
PCL:0015043,Inh L5-6 SST ISX primary motor cortex GABAergic interneuron (Hsap),CT,allen_brain,PCL:0015043
PCL:0015044,Inh L5-6 PVALB SST CRHR2 primary motor cortex GABAergic interneuron (Hsap),CT,allen_brain,PCL:0015044
PCL:0015045,Inh L3-5 SST OR5AH1P primary motor cortex GABAergic interneuron (Hsap),CT,allen_brain,PCL:0015045
PCL:0015046,Inh L3-5 SST GGTLC3 primary motor cortex GABAergic interneuron (Hsap),CT,allen_brain,PCL:0015046
PCL:0015047,Inh L2-3 SST NMU primary motor cortex GABAergic interneuron (Hsap),CT,allen_brain,PCL:0015047
PCL:0015048,Inh L5-6 SST PAWR primary motor cortex GABAergic interneuron (Hsap),CT,allen_brain,PCL:0015048
PCL:0015049,Inh L5-6 SST PIK3CD primary motor cortex GABAergic interneuron (Hsap),CT,allen_brain,PCL:0015049
PCL:0015050,Inh L1-2 SST CCNJL primary motor cortex GABAergic interneuron (Hsap),CT,allen_brain,PCL:0015050
PCL:0015051,Inh L1-3 SST FAM20A primary motor cortex GABAergic interneuron (Hsap),CT,allen_brain,PCL:0015051
PCL:0015052,Inh L1-2 SST PRRT4 primary motor cortex GABAergic interneuron (Hsap),CT,allen_brain,PCL:0015052
PCL:0015053,Inh L5-6 SST BEAN1 primary motor cortex GABAergic interneuron (Hsap),CT,allen_brain,PCL:0015053
PCL:0015054,Inh L5-6 SST DNAJC14 primary motor cortex GABAergic interneuron (Hsap),CT,allen_brain,PCL:0015054
PCL:0015055,Inh L5-6 SST C4orf26 primary motor cortex GABAergic interneuron (Hsap),CT,allen_brain,PCL:0015055
PCL:0015056,Inh L5-6 SST FBN2 primary motor cortex GABAergic interneuron (Hsap),CT,allen_brain,PCL:0015056
PCL:0015057,Inh L5-6 SST KLHL1 primary motor cortex GABAergic interneuron (Hsap),CT,allen_brain,PCL:0015057
PCL:0015058,Inh L6 SST TH primary motor cortex GABAergic interneuron (Hsap),CT,allen_brain,PCL:0015058
PCL:0015059,Inh L5-6 PVALB KCNIP2 primary motor cortex GABAergic interneuron (Hsap),CT,allen_brain,PCL:0015059
PCL:0015060,Inh L5-6 PVALB ZFPM2-AS1 primary motor cortex GABAergic interneuron (Hsap),CT,allen_brain,PCL:0015060
PCL:0015061,Inh L3-5 PVALB ISG20 primary motor cortex GABAergic interneuron (Hsap),CT,allen_brain,PCL:0015061
PCL:0015062,Inh L5 PVALB LRIG3 primary motor cortex GABAergic interneuron (Hsap),CT,allen_brain,PCL:0015062
PCL:0015063,Inh L2-5 PVALB HHIPL1 primary motor cortex GABAergic interneuron (Hsap),CT,allen_brain,PCL:0015063
PCL:0015064,Inh L2-5 PVALB RPH3AL primary motor cortex GABAergic interneuron (Hsap),CT,allen_brain,PCL:0015064
PCL:0015065,Inh L3 PVALB SAMD13 primary motor cortex GABAergic interneuron (Hsap),CT,allen_brain,PCL:0015065
PCL:0015066,Inh L1-2 PVALB CDK20 primary motor cortex GABAergic interneuron (Hsap),CT,allen_brain,PCL:0015066
PCL:0015067,Inh L2 PVALB FRZB primary motor cortex GABAergic interneuron (Hsap),CT,allen_brain,PCL:0015067
PCL:0015068,Inh L1-2 SST CLIC6 primary motor cortex GABAergic interneuron (Hsap),CT,allen_brain,PCL:0015068
PCL:0015069,Inh L5-6 PVALB GAPDHP60 primary motor cortex GABAergic interneuron (Hsap),CT,allen_brain,PCL:0015069
PCL:0015070,Inh L5-6 PVALB FAM150B primary motor cortex GABAergic interneuron (Hsap),CT,allen_brain,PCL:0015070
PCL:0015071,Inh L5-6 PVALB MEPE primary motor cortex GABAergic interneuron (Hsap),CT,allen_brain,PCL:0015071
PCL:0015072,Inh L1-6 PVALB COL15A1 primary motor cortex GABAergic interneuron (Hsap),CT,allen_brain,PCL:0015072
CL:4023008$$3525,intratelencephalic-projecting glutamatergic cortical neuron,CT,allen_brain,CL:4023008
PCL:0015073,Exc L2 LAMP5 KCNG3 primary motor cortex glutamatergic neuron (Hsap),CT,allen_brain,PCL:0015073
PCL:0015074,Exc L2 LINC00507 ATP7B primary motor cortex glutamatergic neuron (Hsap),CT,allen_brain,PCL:0015074
PCL:0015075,Exc L2 LINC00507 GLRA3 primary motor cortex glutamatergic neuron (Hsap),CT,allen_brain,PCL:0015075
PCL:0015076,Exc L2-3 RORB RTKN2 primary motor cortex glutamatergic neuron (Hsap),CT,allen_brain,PCL:0015076
PCL:0015077,Exc L2-3 LINC00507 DSG3 primary motor cortex glutamatergic neuron (Hsap),CT,allen_brain,PCL:0015077
PCL:0015078,Exc L3 LAMP5 CARM1P1 primary motor cortex glutamatergic neuron (Hsap),CT,allen_brain,PCL:0015078
PCL:0015080,Exc L2-3 RORB CCDC68 primary motor cortex glutamatergic neuron (Hsap),CT,allen_brain,PCL:0015080
PCL:0015081,Exc L2-3 RORB PTPN3 primary motor cortex glutamatergic neuron (Hsap),CT,allen_brain,PCL:0015081
PCL:0015082,Exc L3 THEMIS ENPEP primary motor cortex glutamatergic neuron (Hsap),CT,allen_brain,PCL:0015082
PCL:0015083,Exc L3-5 RORB TNNT2 primary motor cortex glutamatergic neuron (Hsap),CT,allen_brain,PCL:0015083
PCL:0015084,Exc L3-5 RORB LAMA4 primary motor cortex glutamatergic neuron (Hsap),CT,allen_brain,PCL:0015084
PCL:0015085,Exc L5 THEMIS VILL primary motor cortex glutamatergic neuron (Hsap),CT,allen_brain,PCL:0015085
PCL:0015086,Exc L3 RORB OTOGL primary motor cortex glutamatergic neuron (Hsap),CT,allen_brain,PCL:0015086
PCL:0015087,Exc L3-5 RORB LINC01202 primary motor cortex glutamatergic neuron (Hsap),CT,allen_brain,PCL:0015087
PCL:0015088,Exc L5 THEMIS SLC22A18 primary motor cortex glutamatergic neuron (Hsap),CT,allen_brain,PCL:0015088
PCL:0015089,Exc L5-6 THEMIS TNFAIP6 primary motor cortex glutamatergic neuron (Hsap),CT,allen_brain,PCL:0015089
PCL:0015090,Exc L3-5 RORB LNX2 primary motor cortex glutamatergic neuron (Hsap),CT,allen_brain,PCL:0015090
PCL:0015091,Exc L3-5 RORB RPRM primary motor cortex glutamatergic neuron (Hsap),CT,allen_brain,PCL:0015091
PCL:0015092,Exc L5 RORB MED8 primary motor cortex glutamatergic neuron (Hsap),CT,allen_brain,PCL:0015092
PCL:0015093,Exc L5 THEMIS FGF10 primary motor cortex glutamatergic neuron (Hsap),CT,allen_brain,PCL:0015093
PCL:0015094,Exc L6 THEMIS LINC00343 primary motor cortex glutamatergic neuron (Hsap),CT,allen_brain,PCL:0015094
PCL:0015095,Exc L6 THEMIS SLN primary motor cortex glutamatergic neuron (Hsap),CT,allen_brain,PCL:0015095
PCL:0015096,Exc L6 THEMIS SNTG2 primary motor cortex glutamatergic neuron (Hsap),CT,allen_brain,PCL:0015096
PCL:0015097,Exc L5-6 THEMIS SMYD1 primary motor cortex glutamatergic neuron (Hsap),CT,allen_brain,PCL:0015097
CL:4023013,corticothalamic-projecting glutamatergic cortical neuron,CT,allen_brain,CL:4023013
PCL:0015098,Exc L5-6 FEZF2 OR1L8 primary motor cortex glutamatergic neuron (Hsap),CT,allen_brain,PCL:0015098
PCL:0015099,Exc L5 THEMIS LINC01116 primary motor cortex glutamatergic neuron (Hsap),CT,allen_brain,PCL:0015099
PCL:0015100,Exc L5 THEMIS RGPD6 primary motor cortex glutamatergic neuron (Hsap),CT,allen_brain,PCL:0015100
PCL:0015101,Exc L5-6 FEZF2 C9orf135-AS1 primary motor cortex glutamatergic neuron (Hsap),CT,allen_brain,PCL:0015101
PCL:0015102,Exc L5-6 FEZF2 FILIP1L primary motor cortex glutamatergic neuron (Hsap),CT,allen_brain,PCL:0015102
PCL:0015103,Exc L5-6 FEZF2 SH2D1B primary motor cortex glutamatergic neuron (Hsap),CT,allen_brain,PCL:0015103
CL:4023038,L6b glutamatergic cortical neuron,CT,allen_brain,CL:4023038
PCL:0015104,Exc L6 FEZF2 PDYN primary motor cortex glutamatergic neuron (Hsap),CT,allen_brain,PCL:0015104
PCL:0015105,Exc L6 FEZF2 FFAR4 primary motor cortex glutamatergic neuron (Hsap),CT,allen_brain,PCL:0015105
PCL:0015106,Exc L6 FEZF2 PROKR2 primary motor cortex glutamatergic neuron (Hsap),CT,allen_brain,PCL:0015106
PCL:0015107,Exc L5-6 FEZF2 CFTR primary motor cortex glutamatergic neuron (Hsap),CT,allen_brain,PCL:0015107
PCL:0015108,Exc L6 FEZF2 KLK7 primary motor cortex glutamatergic neuron (Hsap),CT,allen_brain,PCL:0015108
PCL:0015109,Exc L6 FEZF2 POGK primary motor cortex glutamatergic neuron (Hsap),CT,allen_brain,PCL:0015109
CL:4023009$$3526,extratelencephalic-projecting glutamatergic cortical neuron,CT,allen_brain,CL:4023009
PCL:0015110,Exc L5 FEZF2 CSN1S1 primary motor cortex glutamatergic neuron (Hsap),CT,allen_brain,PCL:0015110
PCL:0015111,Exc L3-5 FEZF2 ASGR2 primary motor cortex glutamatergic neuron (Hsap),CT,allen_brain,PCL:0015111
PCL:0015112,Exc L3-5 FEZF2 LINC01107 primary motor cortex glutamatergic neuron (Hsap),CT,allen_brain,PCL:0015112
CL:4023012$$3527,near-projecting glutamatergic cortical neuron,CT,allen_brain,CL:4023012
PCL:0015113,Exc L5 FEZF2 PKD2L1 primary motor cortex glutamatergic neuron (Hsap),CT,allen_brain,PCL:0015113
PCL:0015114,Exc L5 FEZF2 NREP-AS1 primary motor cortex glutamatergic neuron (Hsap),CT,allen_brain,PCL:0015114
PCL:0015115,Exc L5 FEZF2 RNF144A-AS1 primary motor cortex glutamatergic neuron (Hsap),CT,allen_brain,PCL:0015115
PCL:0015116,Exc L5-6 FEZF2 IFNG-AS1 primary motor cortex glutamatergic neuron (Hsap),CT,allen_brain,PCL:0015116
PCL:0015117,Exc L5-6 FEZF2 LPO primary motor cortex glutamatergic neuron (Hsap),CT,allen_brain,PCL:0015117
CL:0002453$$3528,oligodendrocyte precursor cell,CT,allen_brain,CL:0002453
PCL:0015118,OPC L1-6 PDGFRA COL20A1 primary motor cortex oligodendrocyte precursor cell (Hsap),CT,allen_brain,PCL:0015118
CL:0000128$$3529,oligodendrocyte,CT,allen_brain,CL:0000128
PCL:0015079,Oligo L2-6 OPALIN MAP6D1 primary motor cortex oligodendrocyte (Hsap),CT,allen_brain,PCL:0015079
PCL:0015119,Oligo L3-6 OPALIN-like ENPP6 primary motor cortex oligodendrocyte (Hsap),CT,allen_brain,PCL:0015119
PCL:0015120,Oligo L2-6 OPALIN FTH1P3 primary motor cortex oligodendrocyte (Hsap),CT,allen_brain,PCL:0015120
PCL:0015121,Oligo L5-6 OPALIN LDLRAP1 primary motor cortex oligodendrocyte (Hsap),CT,allen_brain,PCL:0015121
CL:0002605$$3530,astrocyte of the cerebral cortex,CT,allen_brain,CL:0002605
PCL:0015122,Astro L1-6 FGFR3 AQP1 primary motor cortex astrocyte (Hsap),CT,allen_brain,PCL:0015122
PCL:0015123,Astro L1 FGFR3 SERPINI2 primary motor cortex astrocyte (Hsap),CT,allen_brain,PCL:0015123
PCL:0015124,Astro L1-6 FGFR3 PLCG1 primary motor cortex astrocyte (Hsap),CT,allen_brain,PCL:0015124
CL:4023072$$3531,brain vascular cell,CT,allen_brain,CL:4023072
PCL:0015125,Endo L2-5 NOSTRIN SRGN primary motor cortex endothelial cell (Hsap),CT,allen_brain,PCL:0015125
PCL:0015126,VLMC L1-5 PDGFRA COLEC12 primary motor cortex vascular leptomeningeal cell (Hsap),CT,allen_brain,PCL:0015126
CL:0000129$$3532,microglial cell,CT,allen_brain,CL:0000129
PCL:0015127,Micro L1-6 TYROBP CD74 primary motor cortex microglial cell (Hsap),CT,allen_brain,PCL:0015127
UBERON:0000178,Blood,AS,blood_pelvis,UBERON:0000178
CL:0000945,lymphocyte of B lineage,CT,blood_pelvis,CL:0000945
CL:0000816,immature B cell,CT,blood_pelvis,CL:0000816
CL:0000787,memory B cell,CT,blood_pelvis,CL:0000787
CL:0000788,naive B cell,CT,blood_pelvis,CL:0000788
CL:0000818,transitional stage B cell,CT,blood_pelvis,CL:0000818
CL:0001056,"dendritic cell, human",CT,blood_pelvis,CL:0001056
CL:0002394,CD141-positive myeloid dendritic cell,CT,blood_pelvis,CL:0002394
CL:0002399,CD1c-positive myeloid dendritic cell,CT,blood_pelvis,CL:0002399
CL:0001058,"plasmacytoid dendritic cell, human",CT,blood_pelvis,CL:0001058
CL:0000840,immature conventional dendritic cell,CT,blood_pelvis,CL:0000840
CL:0000576$$3533,monocyte,CT,blood_pelvis,CL:0000576
CL:0001054,CD14-positive monocyte,CT,blood_pelvis,CL:0001054
CL:0002396,"CD14-low, CD16-positive monocyte",CT,blood_pelvis,CL:0002396
CL:0000775,neutrophil,CT,blood_pelvis,CL:0000775
CL:0000094,granulocyte,CT,blood_pelvis,CL:0000094
CL:0000771,eosinophil,CT,blood_pelvis,CL:0000771
CL:0000767,basophil,CT,blood_pelvis,CL:0000767
CL:0000084$$3534,T cell,CT,blood_pelvis,CL:0000084
CL:0000895,"naive thymus-derived CD4-positive, alpha-beta T cell",CT,blood_pelvis,CL:0000895
CL:0000897,"CD4-positive, alpha-beta memory T cell",CT,blood_pelvis,CL:0000897
CL:0001087,"effector memory CD4-positive, alpha-beta T cell, terminally differentiated",CT,blood_pelvis,CL:0001087
CL:0000900,"naive thymus-derived CD8-positive, alpha-beta T cell",CT,blood_pelvis,CL:0000900
CL:0001050,"effector CD8-positive, alpha-beta T cell",CT,blood_pelvis,CL:0001050
CL:0001062,"effector memory CD8-positive, alpha-beta T cell, terminally differentiated",CT,blood_pelvis,CL:0001062
CL:0002437,mature CD8 single-positive thymocyte,CT,blood_pelvis,CL:0002437
CL:0000814,mature NK T cell,CT,blood_pelvis,CL:0000814
CL:0000938,"CD16-negative, CD56-bright natural killer cell, human",CT,blood_pelvis,CL:0000938
CL:0000824,mature natural killer cell,CT,blood_pelvis,CL:0000824
CL:0000815,regulatory T cell,CT,blood_pelvis,CL:0000815
UBERON:0002371,Bone marrow,AS,bone_marrow,UBERON:0002371
CL:0000945$$3535,lymphocyte of B lineage,CT,bone_marrow,CL:0000945
CL:0000817,precursor B cell,CT,bone_marrow,CL:0000817
CL:0000816$$3536,immature B cell,CT,bone_marrow,CL:0000816
CL:0000787$$3537,memory B cell,CT,bone_marrow,CL:0000787
CL:0000788$$3538,naive B cell,CT,bone_marrow,CL:0000788
CL:0000786,plasma cell,CT,bone_marrow,CL:0000786
CL:0000826,pro-B cell,CT,bone_marrow,CL:0000826
CL:0000818$$3539,transitional stage B cell,CT,bone_marrow,CL:0000818
CL:0001056$$3540,"dendritic cell, human",CT,bone_marrow,CL:0001056
CL:0000990,conventional dendritic cell,CT,bone_marrow,CL:0000990
CL:0001056$$3541,"dendritic cell, human",CT,bone_marrow,CL:0001056
CL:0001058$$3542,"plasmacytoid dendritic cell, human",CT,bone_marrow,CL:0001058
CL:0000840$$3543,immature conventional dendritic cell,CT,bone_marrow,CL:0000840
CL:0000764,erythroid lineage cell,CT,bone_marrow,CL:0000764
CL:0000556,Megakaryocyte,CT,bone_marrow,CL:0000556
CL:0000553,megakaryocyte progenitor cell,CT,bone_marrow,CL:0000553
CL:0000837,hematopoietic multipotent progenitor cell,CT,bone_marrow,CL:0000837
CL:0000050,megakaryocyte-erythroid progenitor cell,CT,bone_marrow,CL:0000050
CL:0000051,common lymphoid progenitor,CT,bone_marrow,CL:0000051
CL:0000049,common myeloid progenitor,CT,bone_marrow,CL:0000049
CL:0000557,granulocyte monocyte progenitor cell,CT,bone_marrow,CL:0000557
CL:0000037,hematopoietic stem cell,CT,bone_marrow,CL:0000037
CL:0000936,early lymphoid progenitor,CT,bone_marrow,CL:0000936
CL:0000576$$3544,monocyte,CT,bone_marrow,CL:0000576
CL:0001054$$3545,CD14-positive monocyte,CT,bone_marrow,CL:0001054
CL:0002396$$3546,"CD14-low, CD16-positive monocyte",CT,bone_marrow,CL:0002396
CL:0000559,promonocyte,CT,bone_marrow,CL:0000559
CL:0000839,myeloid lineage restricted progenitor cell,CT,bone_marrow,CL:0000839
CL:0000775$$3547,neutrophil,CT,bone_marrow,CL:0000775
CL:0002193,myelocyte,CT,bone_marrow,CL:0002193
CL:0000775$$3548,neutrophil,CT,bone_marrow,CL:0000775
CL:0000836,promyelocyte,CT,bone_marrow,CL:0000836
CL:0000094$$3549,granulocyte,CT,bone_marrow,CL:0000094
CL:0000771$$3550,eosinophil,CT,bone_marrow,CL:0000771
CL:0000767$$3551,basophil,CT,bone_marrow,CL:0000767
CL:0000097,mast cell,CT,bone_marrow,CL:0000097
CL:0000084$$3552,T cell,CT,bone_marrow,CL:0000084
CL:0000895$$3553,"naive thymus-derived CD4-positive, alpha-beta T cell",CT,bone_marrow,CL:0000895
CL:0000897$$3554,"CD4-positive, alpha-beta memory T cell",CT,bone_marrow,CL:0000897
CL:0001087$$3555,"effector memory CD4-positive, alpha-beta T cell, terminally differentiated",CT,bone_marrow,CL:0001087
CL:0000900$$3556,"naive thymus-derived CD8-positive, alpha-beta T cell",CT,bone_marrow,CL:0000900
CL:0000909,"CD8-positive, alpha-beta memory T cell",CT,bone_marrow,CL:0000909
CL:0000913,"effector memory CD8-positive, alpha-beta T cell",CT,bone_marrow,CL:0000913
CL:0001062$$3557,"effector memory CD8-positive, alpha-beta T cell, terminally differentiated",CT,bone_marrow,CL:0001062
CL:0000625,"CD8-positive, alpha-beta T cell",CT,bone_marrow,CL:0000625
CL:0000814$$3558,mature NK T cell,CT,bone_marrow,CL:0000814
CL:0000938$$3559,"CD16-negative, CD56-bright natural killer cell, human",CT,bone_marrow,CL:0000938
CL:0000824$$3560,mature natural killer cell,CT,bone_marrow,CL:0000824
CL:0000815$$3561,regulatory T cell,CT,bone_marrow,CL:0000815
UBERON:0000970,eye,AS,eye,UBERON:0000970
UBERON:0001775,ciliary body,AS,eye,UBERON:0001775
UBERON:0001778,ciliary epithelium,AS,eye,UBERON:0001778
CL:0002304,non-pigmented ciliary epithelial cell,CT,eye,CL:0002304
CL:0002303,pigmented ciliary epithelial cell,CT,eye,CL:0002303
UBERON:0001605,ciliary muscle,AS,eye,UBERON:0001605
UBERON:0001811,conjunctiva,AS,eye,UBERON:0001811
UBERON:0006763,epithelium of conjunctiva,AS,eye,UBERON:0006763
UBERON:0000964,Cornea,AS,eye,UBERON:0000964
UBERON:0001985,corneal endothelium,AS,eye,UBERON:0001985
CL:0000132,corneal endothelial cell,CT,eye,CL:0000132
UBERON:0003952,anterior stroma of cornea,AS,eye,UBERON:0003952
CL:0002363,keratocyte,CT,eye,CL:0002363
CL:0017004,telocyte,CT,eye,CL:0017004
UBERON:0001772,corneal epithelium,AS,eye,UBERON:0001772
CL:0000575,corneal epithelial cell,CT,eye,CL:0000575
UBERON:0000941,cranial nerve II,AS,eye,UBERON:0000941
CL:0000125,glial cell,CT,eye,CL:0000125
UBERON:0035966,scleral lamina cribrosa,AS,eye,UBERON:0035966
CL:0000125$$3562,glial cell,CT,eye,CL:0000125
UBERON:0001773,sclera,AS,eye,UBERON:0001773
UBERON:0003902,retinal neural layer,AS,eye,UBERON:0003902
UBERON:0034713,cranial neuron projection bundle,AS,eye,UBERON:0034713
UBERON:0006136,unmyelinated nerve fiber,AS,eye,UBERON:0006136
UBERON:0001769,iris,AS,eye,UBERON:0001769
UBERON:0002506,iris epithelium,AS,eye,UBERON:0002506
CL:0000066,epithelial cell,CT,eye,CL:0000066
CL:0002565,iris pigment epithelial cell,CT,eye,CL:0002565
UBERON:0002276,lamina of spiral limbus,AS,eye,UBERON:0002276
UBERON:0006761,corneo-scleral junction,AS,eye,UBERON:0006761
UBERON:0000482,basal lamina of epithelium,AS,eye,UBERON:0000482
CL:0000036,epithelial fate stem cell,CT,eye,CL:0000036
ASCTB-TEMP:limbal-stem-cells,limbal stem cell,CT,eye,ASCTB-TEMP:limbal-stem-cells
UBERON:0000965,lens of camera-type eye,AS,eye,UBERON:0000965
UBERON:0002444,lens fiber,AS,eye,UBERON:0002444
CL:0011004,lens fiber cell,CT,eye,CL:0011004
CL:0002228,primary lens fiber,CT,eye,CL:0002228
UBERON:0001803,epithelium of lens,AS,eye,UBERON:0001803
CL:0002224,lens epithelial cell,CT,eye,CL:0002224
UBERON:0000390,lens nucleus,AS,eye,UBERON:0000390
CL:0011004$$3563,lens fiber cell,CT,eye,CL:0011004
CL:0002225,secondary lens fiber,CT,eye,CL:0002225
UBERON:0000389,lens cortex,AS,eye,UBERON:0000389
ASCTB-TEMP:inner-cortex,Inner cortex,AS,eye,ASCTB-TEMP:inner-cortex
CL:0011004$$3564,lens fiber cell,CT,eye,CL:0011004
ASCTB-TEMP:outer-cortex,Outer cortex,AS,eye,ASCTB-TEMP:outer-cortex
CL:0011004$$3565,lens fiber cell,CT,eye,CL:0011004
UBERON:0002444$$3566,lens Fiber,AS,eye,UBERON:0002444
CL:0011004$$3567,lens fiber cell,CT,eye,CL:0011004
UBERON:0006762,suspensory ligament of lens,AS,eye,UBERON:0006762
UBERON:0001783,optic disc,AS,eye,UBERON:0001783
UBERON:0000966,retina,AS,eye,UBERON:0000966
UBERON:0001791,inner nuclear layer of retina,AS,eye,UBERON:0001791
CL:0000540$$3568,Neuron,CT,eye,CL:0000540
CL:0000099,Interneuron,CT,eye,CL:0000099
CL:0000561,Amacrine Cell,CT,eye,CL:0000561
CL:0000748,retinal bipolar neuron,CT,eye,CL:0000748
CL:0000749,ON-bipolar cell,CT,eye,CL:0000749
CL:0000750,OFF-bipolar cell,CT,eye,CL:0000750
UBERON:0002203,vasculature of eye,AS,eye,UBERON:0002203
UBERON:0001776,optic choroid,AS,eye,UBERON:0001776
UBERON:0005336$$3569,capillary layer of choroid,AS,eye,UBERON:0005336
UBERON:0001789,outer nuclear layer of retina,AS,eye,UBERON:0001789
CL:0000540$$3570,Neuron,CT,eye,CL:0000540
CL:0000287,eye photoreceptor cell,CT,eye,CL:0000287
CL:0000573,retinal cone cell,CT,eye,CL:0000573
UBERON:0004864,vasculature of retina,AS,eye,UBERON:0004864
CL:0002585,retinal blood vessel endothelial cell,CT,eye,CL:0002585
UBERON:0001792,ganglionic layer of retina,AS,eye,UBERON:0001792
CL:0000540$$3571,neuron,CT,eye,CL:0000540
CL:0000740,retinal ganglion cell,CT,eye,CL:0000740
CL:4023188,Midget ganglion cell of retina,CT,eye,CL:4023188
CL:4023189,Parasol ganglion cell of retina,CT,eye,CL:4023189
CL:0000745,retina horizontal cell,CT,eye,CL:0000745
CL:0000540$$3572,neuron,CT,eye,CL:0000540
CL:0000129$$3573,microglial cell,CT,eye,CL:0000129
CL:0000636,Mueller cell,CT,eye,CL:0000636
CL:0008034,mural cell,CT,eye,CL:0008034
CL:0000669,pericyte,CT,eye,CL:0000669
CL:0000604,retinal rod cell,CT,eye,CL:0000604
UBERON:0001782,pigmented layer of retina,AS,eye,UBERON:0001782
CL:0002586,retinal pigment epithelial cell,CT,eye,CL:0002586
UBERON:0000054,macula,AS,eye,UBERON:0000054
UBERON:0018107,foveola of retina,AS,eye,UBERON:0018107
CL:0000125$$3574,glial cell,CT,eye,CL:0000125
UBERON:0003889,fallopian tube,AS,fallopian_tube,UBERON:0003889
ASCTB-TEMP:intramural-segment-of-fallopian-tube,intramural segment of Fallopian tube,AS,fallopian_tube,ASCTB-TEMP:intramural-segment-of-fallopian-tube
ASCTB-TEMP:fluid-of-fallopian-tube-intramural-segment,fluid of Fallopian tube intramural segment,AS,fallopian_tube,ASCTB-TEMP:fluid-of-fallopian-tube-intramural-segment
ASCTB-TEMP:lamina-propria-of-fallopian-tube-intramural-segment,lamina propria of Fallopian tube intramural segment,AS,fallopian_tube,ASCTB-TEMP:lamina-propria-of-fallopian-tube-intramural-segment
CL:0000057$$3575,fibroblast,CT,fallopian_tube,CL:0000057
CL:0008019,mesenchymal cell,CT,fallopian_tube,CL:0008019
ASCTB-TEMP:fibroblast-mesenchymal-cell,fibroblast-mesenchymal cell,CT,fallopian_tube,ASCTB-TEMP:fibroblast-mesenchymal-cell
CL:0000235,macrophage,CT,fallopian_tube,CL:0000235
CL:0000625$$3576,"CD8-positive, alpha-beta T cell",CT,fallopian_tube,CL:0000625
CL:0000623$$3577,natural killer cell,CT,fallopian_tube,CL:0000623
CL:0000624,"CD4-positive, alpha-beta T cell",CT,fallopian_tube,CL:0000624
CL:0000453,Langerhans cell,CT,fallopian_tube,CL:0000453
CL:0000576$$3578,monocyte,CT,fallopian_tube,CL:0000576
CL:0000451,dendritic cell,CT,fallopian_tube,CL:0000451
CL:0000097$$3579,mast cell,CT,fallopian_tube,CL:0000097
CL:0000236$$3580,B cell,CT,fallopian_tube,CL:0000236
CL:0000786$$3581,plasma cell,CT,fallopian_tube,CL:0000786
CL:0000775$$3582,neutrophil,CT,fallopian_tube,CL:0000775
ASCTB-TEMP:nerve-of-fallopian-tube-intramural-segment,nerve of Fallopian tube intramural segment,AS,fallopian_tube,ASCTB-TEMP:nerve-of-fallopian-tube-intramural-segment
ASCTB-TEMP:vasculature-of-fallopian-tube-intramural-segment,vasculature of Fallopian tube intramural segment,AS,fallopian_tube,ASCTB-TEMP:vasculature-of-fallopian-tube-intramural-segment
CL:0000115,endothelial cell,CT,fallopian_tube,CL:0000115
UBERON:0016632,isthmus of fallopian tube,AS,fallopian_tube,UBERON:0016632
ASCTB-TEMP:fluid-of-fallopian-tube-isthmus,fluid of Fallopian tube isthmus,AS,fallopian_tube,ASCTB-TEMP:fluid-of-fallopian-tube-isthmus
ASCTB-TEMP:lamina-propria-of-fallopian-tube-isthmus,lamina propria of Fallopian tube isthmus,AS,fallopian_tube,ASCTB-TEMP:lamina-propria-of-fallopian-tube-isthmus
CL:0000057$$3583,fibroblast,CT,fallopian_tube,CL:0000057
CL:0008019$$3584,mesenchymal cell,CT,fallopian_tube,CL:0008019
ASCTB-TEMP:fibroblast-mesenchymal-cell$$3585,fibroblast-mesenchymal cell,CT,fallopian_tube,ASCTB-TEMP:fibroblast-mesenchymal-cell
CL:0000235$$3586,macrophage,CT,fallopian_tube,CL:0000235
CL:0000625$$3587,"CD8-positive, alpha-beta T cell",CT,fallopian_tube,CL:0000625
CL:0000623$$3588,natural killer cell,CT,fallopian_tube,CL:0000623
CL:0000624$$3589,"CD4-positive, alpha-beta T cell",CT,fallopian_tube,CL:0000624
CL:0000453$$3590,Langerhans cell,CT,fallopian_tube,CL:0000453
CL:0000576$$3591,monocyte,CT,fallopian_tube,CL:0000576
CL:0000451$$3592,dendritic cell,CT,fallopian_tube,CL:0000451
CL:0000097$$3593,mast cell,CT,fallopian_tube,CL:0000097
CL:0000236$$3594,B cell,CT,fallopian_tube,CL:0000236
CL:0000786$$3595,plasma cell,CT,fallopian_tube,CL:0000786
CL:0000775$$3596,neutrophil,CT,fallopian_tube,CL:0000775
ASCTB-TEMP:nerve-of-fallopian-tube-isthmus,nerve of Fallopian tube isthmus,AS,fallopian_tube,ASCTB-TEMP:nerve-of-fallopian-tube-isthmus
ASCTB-TEMP:vasculature-of-fallopian-tube-isthmus,vasculature of Fallopian tube isthmus,AS,fallopian_tube,ASCTB-TEMP:vasculature-of-fallopian-tube-isthmus
CL:0000115$$3597,endothelial cell,CT,fallopian_tube,CL:0000115
UBERON:0012648,ampulla of fallopian tube,AS,fallopian_tube,UBERON:0012648
ASCTB-TEMP:fluid-of-fallopian-tube-ampulla,fluid of Fallopian tube ampulla,AS,fallopian_tube,ASCTB-TEMP:fluid-of-fallopian-tube-ampulla
ASCTB-TEMP:lamina-propria-fallopian-tube-ampulla,lamina propria Fallopian tube ampulla,AS,fallopian_tube,ASCTB-TEMP:lamina-propria-fallopian-tube-ampulla
CL:0000057$$3598,fibroblast,CT,fallopian_tube,CL:0000057
CL:0008019$$3599,mesenchymal cell,CT,fallopian_tube,CL:0008019
ASCTB-TEMP:fibroblast-mesenchymal-cell$$3600,fibroblast-mesenchymal cell,CT,fallopian_tube,ASCTB-TEMP:fibroblast-mesenchymal-cell
CL:0000235$$3601,macrophage,CT,fallopian_tube,CL:0000235
CL:0000625$$3602,"CD8-positive, alpha-beta T cell",CT,fallopian_tube,CL:0000625
CL:0000623$$3603,natural killer cell,CT,fallopian_tube,CL:0000623
CL:0000624$$3604,"CD4-positive, alpha-beta T cell",CT,fallopian_tube,CL:0000624
CL:0000453$$3605,Langerhans cell,CT,fallopian_tube,CL:0000453
CL:0000576$$3606,monocyte,CT,fallopian_tube,CL:0000576
CL:0000451$$3607,dendritic cell,CT,fallopian_tube,CL:0000451
CL:0000097$$3608,mast cell,CT,fallopian_tube,CL:0000097
CL:0000236$$3609,B cell,CT,fallopian_tube,CL:0000236
CL:0000786$$3610,plasma cell,CT,fallopian_tube,CL:0000786
CL:0000775$$3611,neutrophil,CT,fallopian_tube,CL:0000775
ASCTB-TEMP:nerve-of-fallopian-tube-ampulla,nerve of Fallopian tube ampulla,AS,fallopian_tube,ASCTB-TEMP:nerve-of-fallopian-tube-ampulla
ASCTB-TEMP:vasculature-of-fallopian-tube-ampulla,vasculature of Fallopian tube ampulla,AS,fallopian_tube,ASCTB-TEMP:vasculature-of-fallopian-tube-ampulla
CL:0000115$$3612,endothelial cell,CT,fallopian_tube,CL:0000115
UBERON:0003984,uterine tube infundibulum,AS,fallopian_tube,UBERON:0003984
ASCTB-TEMP:fluid-of-fallopian-tube-infundibulum,fluid of Fallopian tube infundibulum,AS,fallopian_tube,ASCTB-TEMP:fluid-of-fallopian-tube-infundibulum
ASCTB-TEMP:lamina-propria-of-fallopian-tube-infundibulum,lamina propria of Fallopian tube infundibulum,AS,fallopian_tube,ASCTB-TEMP:lamina-propria-of-fallopian-tube-infundibulum
CL:0000057$$3613,fibroblast,CT,fallopian_tube,CL:0000057
CL:0008019$$3614,mesenchymal cell,CT,fallopian_tube,CL:0008019
ASCTB-TEMP:fibroblast-mesenchymal-cell$$3615,fibroblast-mesenchymal cell,CT,fallopian_tube,ASCTB-TEMP:fibroblast-mesenchymal-cell
CL:0000235$$3616,macrophage,CT,fallopian_tube,CL:0000235
CL:0000625$$3617,"CD8-positive, alpha-beta T cell",CT,fallopian_tube,CL:0000625
CL:0000623$$3618,natural killer cell,CT,fallopian_tube,CL:0000623
CL:0000624$$3619,"CD4-positive, alpha-beta T cell",CT,fallopian_tube,CL:0000624
CL:0000453$$3620,Langerhans cell,CT,fallopian_tube,CL:0000453
CL:0000576$$3621,monocyte,CT,fallopian_tube,CL:0000576
CL:0000451$$3622,dendritic cell,CT,fallopian_tube,CL:0000451
CL:0000097$$3623,mast cell,CT,fallopian_tube,CL:0000097
CL:0000236$$3624,B cell,CT,fallopian_tube,CL:0000236
CL:0000786$$3625,plasma cell,CT,fallopian_tube,CL:0000786
CL:0000775$$3626,neutrophil,CT,fallopian_tube,CL:0000775
ASCTB-TEMP:nerve-of-fallopian-tube-infundibulum,nerve of Fallopian tube infundibulum,AS,fallopian_tube,ASCTB-TEMP:nerve-of-fallopian-tube-infundibulum
ASCTB-TEMP:vasculature-of-fallopian-tube-infundibulum,vasculature of Fallopian tube infundibulum,AS,fallopian_tube,ASCTB-TEMP:vasculature-of-fallopian-tube-infundibulum
CL:0000115$$3627,endothelial cell,CT,fallopian_tube,CL:0000115
UBERON:0012331,mesosalpinx,AS,fallopian_tube,UBERON:0012331
ASCTB-TEMP:mesothelium-of-mesosalpinx,mesothelium of mesosalpinx,AS,fallopian_tube,ASCTB-TEMP:mesothelium-of-mesosalpinx
CL:0000066$$3628,epithelial cell,CT,fallopian_tube,CL:0000066
ASCTB-TEMP:wall-of-fallopian-tube-intramural-segment,wall of Fallopian tube intramural segment,AS,fallopian_tube,ASCTB-TEMP:wall-of-fallopian-tube-intramural-segment
ASCTB-TEMP:serosa-of-fallopian-tube-intramural-segment,serosa of Fallopian tube intramural segment,AS,fallopian_tube,ASCTB-TEMP:serosa-of-fallopian-tube-intramural-segment
ASCTB-TEMP:basement-membrane-of-fallopian-tube-intramural-segment,basement membrane of Fallopian tube intramural segment,AS,fallopian_tube,ASCTB-TEMP:basement-membrane-of-fallopian-tube-intramural-segment
ASCTB-TEMP:wall-of-fallopian-tube-isthmus,wall of Fallopian tube isthmus,AS,fallopian_tube,ASCTB-TEMP:wall-of-fallopian-tube-isthmus
ASCTB-TEMP:serosa-of-fallopian-tube-isthmus,serosa of Fallopian tube isthmus,AS,fallopian_tube,ASCTB-TEMP:serosa-of-fallopian-tube-isthmus
ASCTB-TEMP:basement-membrane-of-fallopian-tube-isthmus,basement membrane of Fallopian tube isthmus,AS,fallopian_tube,ASCTB-TEMP:basement-membrane-of-fallopian-tube-isthmus
ASCTB-TEMP:wall-of-fallopian-tube-ampulla,wall of Fallopian tube ampulla,AS,fallopian_tube,ASCTB-TEMP:wall-of-fallopian-tube-ampulla
ASCTB-TEMP:serosa-of-fallopian-tube-ampulla,serosa of Fallopian tube ampulla,AS,fallopian_tube,ASCTB-TEMP:serosa-of-fallopian-tube-ampulla
ASCTB-TEMP:basement-membrane-of-fallopian-tube-ampulla,basement membrane of Fallopian tube ampulla,AS,fallopian_tube,ASCTB-TEMP:basement-membrane-of-fallopian-tube-ampulla
UBERON:8410010,fimbria of fallopian tube,AS,fallopian_tube,UBERON:8410010
ASCTB-TEMP:fluid-of-fallopian-tube-fimbria,fluid of Fallopian tube fimbria,AS,fallopian_tube,ASCTB-TEMP:fluid-of-fallopian-tube-fimbria
ASCTB-TEMP:lamina-propria-of-fallopian-tube-fimbria,lamina propria of Fallopian tube fimbria,AS,fallopian_tube,ASCTB-TEMP:lamina-propria-of-fallopian-tube-fimbria
CL:0000057$$3629,fibroblast,CT,fallopian_tube,CL:0000057
ASCTB-TEMP:fibroblast-mesenchymal-cell$$3630,fibroblast-mesenchymal cell,CT,fallopian_tube,ASCTB-TEMP:fibroblast-mesenchymal-cell
CL:0000235$$3631,macrophage,CT,fallopian_tube,CL:0000235
CL:0000625$$3632,"CD8-positive, alpha-beta T cell",CT,fallopian_tube,CL:0000625
CL:0000623$$3633,natural killer cell,CT,fallopian_tube,CL:0000623
CL:0000624$$3634,"CD4-positive, alpha-beta T cell",CT,fallopian_tube,CL:0000624
CL:0000453$$3635,Langerhans cell,CT,fallopian_tube,CL:0000453
CL:0000576$$3636,monocyte,CT,fallopian_tube,CL:0000576
CL:0000451$$3637,dendritic cell,CT,fallopian_tube,CL:0000451
CL:0000097$$3638,mast cell,CT,fallopian_tube,CL:0000097
CL:0000236$$3639,B cell,CT,fallopian_tube,CL:0000236
CL:0000786$$3640,plasma cell,CT,fallopian_tube,CL:0000786
CL:0000775$$3641,neutrophil,CT,fallopian_tube,CL:0000775
ASCTB-TEMP:nerve-of-fallopian-tube-fimbria,nerve of Fallopian tube fimbria,AS,fallopian_tube,ASCTB-TEMP:nerve-of-fallopian-tube-fimbria
ASCTB-TEMP:vasculature-of-fallopian-tube-fimbria,vasculature of Fallopian tube fimbria,AS,fallopian_tube,ASCTB-TEMP:vasculature-of-fallopian-tube-fimbria
CL:0000115$$3642,endothelial cell,CT,fallopian_tube,CL:0000115
ASCTB-TEMP:wall-of-fallopian-tube-infundibulum,wall of Fallopian tube infundibulum,AS,fallopian_tube,ASCTB-TEMP:wall-of-fallopian-tube-infundibulum
ASCTB-TEMP:serosa-of-fallopian-tube-infundibulum,serosa of Fallopian tube infundibulum,AS,fallopian_tube,ASCTB-TEMP:serosa-of-fallopian-tube-infundibulum
ASCTB-TEMP:basement-membrane-of-fallopian-tube-infundibulum,basement membrane of Fallopian tube infundibulum,AS,fallopian_tube,ASCTB-TEMP:basement-membrane-of-fallopian-tube-infundibulum
ASCTB-TEMP:serous-membrane-lining-of-mesosalpinx,serous membrane lining of mesosalpinx,AS,fallopian_tube,ASCTB-TEMP:serous-membrane-lining-of-mesosalpinx
ASCTB-TEMP:lymphatic-of-mesosalpinx,lymphatic of mesosalpinx,AS,fallopian_tube,ASCTB-TEMP:lymphatic-of-mesosalpinx
ASCTB-TEMP:nerve-of-mesosalpinx,nerve of mesosalpinx,AS,fallopian_tube,ASCTB-TEMP:nerve-of-mesosalpinx
ASCTB-TEMP:vasculature-of-mesosalpinx,vasculature of mesosalpinx,AS,fallopian_tube,ASCTB-TEMP:vasculature-of-mesosalpinx
ASCTB-TEMP:plica-of-fallopian-tube-intramural-segment,plica of Fallopian tube intramural segment,AS,fallopian_tube,ASCTB-TEMP:plica-of-fallopian-tube-intramural-segment
ASCTB-TEMP:mucosa-of-fallopian-tube-intramural-segment,mucosa of Fallopian tube intramural segment,AS,fallopian_tube,ASCTB-TEMP:mucosa-of-fallopian-tube-intramural-segment
UBERON:0004804,oviduct epithelium,AS,fallopian_tube,UBERON:0004804
CL:4033014,peg cell,CT,fallopian_tube,CL:4033014
ASCTB-TEMP:muscle-layer-of-oviduct-intramural-segment,muscle layer of oviduct intramural segment,AS,fallopian_tube,ASCTB-TEMP:muscle-layer-of-oviduct-intramural-segment
ASCTB-TEMP:inner-muscle-layer-of-fallopian-tube-intramural-segment,Inner muscle layer of Fallopian tube intramural segment,AS,fallopian_tube,ASCTB-TEMP:inner-muscle-layer-of-fallopian-tube-intramural-segment
ASCTB-TEMP:middle-muscle-layer-of-fallopian-tube-intramural-segment,Middle muscle layer of Fallopian tube intramural segment,AS,fallopian_tube,ASCTB-TEMP:middle-muscle-layer-of-fallopian-tube-intramural-segment
ASCTB-TEMP:outer-muscle-layer-of-fallopian-tube-intramural-segment,Outer muscle layer of Fallopian tube intramural segment,AS,fallopian_tube,ASCTB-TEMP:outer-muscle-layer-of-fallopian-tube-intramural-segment
ASCTB-TEMP:plica-of-fallopian-tube-isthmus,plica of Fallopian tube isthmus,AS,fallopian_tube,ASCTB-TEMP:plica-of-fallopian-tube-isthmus
ASCTB-TEMP:mucosa-of-fallopian-tube-isthmus,mucosa of Fallopian tube isthmus,AS,fallopian_tube,ASCTB-TEMP:mucosa-of-fallopian-tube-isthmus
UBERON:0004804$$3643,oviduct epithelium,AS,fallopian_tube,UBERON:0004804
CL:4033014$$3644,peg cell,CT,fallopian_tube,CL:4033014
ASCTB-TEMP:muscle-layer-of-oviduct-isthmus,muscle layer of oviduct isthmus,AS,fallopian_tube,ASCTB-TEMP:muscle-layer-of-oviduct-isthmus
ASCTB-TEMP:inner-muscle-layer-of-fallopian-tube-isthmus,Inner muscle layer of Fallopian tube isthmus,AS,fallopian_tube,ASCTB-TEMP:inner-muscle-layer-of-fallopian-tube-isthmus
ASCTB-TEMP:middle-muscle-layer-of-fallopian-tube-isthmus,Middle muscle layer of Fallopian tube isthmus,AS,fallopian_tube,ASCTB-TEMP:middle-muscle-layer-of-fallopian-tube-isthmus
ASCTB-TEMP:outer-muscle-layer-of-fallopian-tube-isthmus,Outer muscle layer of Fallopian tube isthmus,AS,fallopian_tube,ASCTB-TEMP:outer-muscle-layer-of-fallopian-tube-isthmus
ASCTB-TEMP:plica-of-fallopian-tube-ampulla,plica of Fallopian tube ampulla,AS,fallopian_tube,ASCTB-TEMP:plica-of-fallopian-tube-ampulla
ASCTB-TEMP:mucosa-of-fallopian-tube-ampulla,mucosa of Fallopian tube ampulla,AS,fallopian_tube,ASCTB-TEMP:mucosa-of-fallopian-tube-ampulla
UBERON:0004804$$3645,oviduct epithelium,AS,fallopian_tube,UBERON:0004804
CL:4033014$$3646,peg cell,CT,fallopian_tube,CL:4033014
ASCTB-TEMP:muscle-layer-of-oviduct-ampulla,muscle layer of oviduct ampulla,AS,fallopian_tube,ASCTB-TEMP:muscle-layer-of-oviduct-ampulla
ASCTB-TEMP:inner-muscle-layer-of-fallopian-tube-ampulla,Inner muscle layer of Fallopian tube ampulla,AS,fallopian_tube,ASCTB-TEMP:inner-muscle-layer-of-fallopian-tube-ampulla
ASCTB-TEMP:middle-muscle-layer-of-fallopian-tube-ampulla,Middle muscle layer of Fallopian tube ampulla,AS,fallopian_tube,ASCTB-TEMP:middle-muscle-layer-of-fallopian-tube-ampulla
ASCTB-TEMP:outer-muscle-layer-of-fallopian-tube-ampulla,Outer muscle layer of Fallopian tube ampulla,AS,fallopian_tube,ASCTB-TEMP:outer-muscle-layer-of-fallopian-tube-ampulla
ASCTB-TEMP:mucosa-of-fallopian-tube-fimbria,mucosa of Fallopian tube fimbria,AS,fallopian_tube,ASCTB-TEMP:mucosa-of-fallopian-tube-fimbria
UBERON:0004804$$3647,oviduct epithelium,AS,fallopian_tube,UBERON:0004804
CL:4033014$$3648,peg cell,CT,fallopian_tube,CL:4033014
ASCTB-TEMP:plica-of-fallopian-tube-infundibulum,plica of Fallopian tube infundibulum,AS,fallopian_tube,ASCTB-TEMP:plica-of-fallopian-tube-infundibulum
ASCTB-TEMP:mucosa-of-fallopian-tube-infundibulum,mucosa of Fallopian tube infundibulum,AS,fallopian_tube,ASCTB-TEMP:mucosa-of-fallopian-tube-infundibulum
UBERON:0004804$$3649,oviduct epithelium,AS,fallopian_tube,UBERON:0004804
CL:4033014$$3650,peg cell,CT,fallopian_tube,CL:4033014
ASCTB-TEMP:muscle-layer-of-oviduct-infundibulum,muscle layer of oviduct infundibulum,AS,fallopian_tube,ASCTB-TEMP:muscle-layer-of-oviduct-infundibulum
ASCTB-TEMP:inner-muscle-layer-of-fallopian-tube-infundibulum,Inner muscle layer of Fallopian tube infundibulum,AS,fallopian_tube,ASCTB-TEMP:inner-muscle-layer-of-fallopian-tube-infundibulum
ASCTB-TEMP:middle-muscle-layer-of-fallopian-tube-infundibulum,Middle muscle layer of Fallopian tube infundibulum,AS,fallopian_tube,ASCTB-TEMP:middle-muscle-layer-of-fallopian-tube-infundibulum
ASCTB-TEMP:outer-muscle-layer-of-fallopian-tube-infundibulum,Outer muscle layer of Fallopian tube infundibulum,AS,fallopian_tube,ASCTB-TEMP:outer-muscle-layer-of-fallopian-tube-infundibulum
UBERON:0007589,ciliated columnar oviduct epithelium,AS,fallopian_tube,UBERON:0007589
CL:4030007,fallopian tube ciliated cell,CT,fallopian_tube,CL:4030007
UBERON:0007590,cuboidal oviduct epithelium,AS,fallopian_tube,UBERON:0007590
CL:4030006,fallopian tube secretory epithelial cell,CT,fallopian_tube,CL:4030006
UBERON:0007589$$3651,ciliated columnar oviduct epithelium,AS,fallopian_tube,UBERON:0007589
CL:4030007$$3652,fallopian tube ciliated cell,CT,fallopian_tube,CL:4030007
UBERON:0007590$$3653,cuboidal oviduct epithelium,AS,fallopian_tube,UBERON:0007590
CL:4030006$$3654,fallopian tube secretory epithelial cell,CT,fallopian_tube,CL:4030006
UBERON:0007589$$3655,ciliated columnar oviduct epithelium,AS,fallopian_tube,UBERON:0007589
CL:4030007$$3656,fallopian tube ciliated cell,CT,fallopian_tube,CL:4030007
UBERON:0007590$$3657,cuboidal oviduct epithelium,AS,fallopian_tube,UBERON:0007590
CL:4030006$$3658,fallopian tube secretory epithelial cell,CT,fallopian_tube,CL:4030006
UBERON:0007589$$3659,ciliated columnar oviduct epithelium,AS,fallopian_tube,UBERON:0007589
CL:4030007$$3660,fallopian tube ciliated cell,CT,fallopian_tube,CL:4030007
UBERON:0007590$$3661,cuboidal oviduct epithelium,AS,fallopian_tube,UBERON:0007590
CL:4030006$$3662,fallopian tube secretory epithelial cell,CT,fallopian_tube,CL:4030006
UBERON:0007589$$3663,ciliated columnar oviduct epithelium,AS,fallopian_tube,UBERON:0007589
CL:4030007$$3664,fallopian tube ciliated cell,CT,fallopian_tube,CL:4030007
UBERON:0007590$$3665,cuboidal oviduct epithelium,AS,fallopian_tube,UBERON:0007590
CL:4030006$$3666,fallopian tube secretory epithelial cell,CT,fallopian_tube,CL:4030006
UBERON:0002351,sinoatrial node,AS,heart,UBERON:0002351
CL:1000477,cardiac pacemaker cell of sinoatrial node,CT,heart,CL:1000477
FMA:3823$$3667,Sinoatrial nodal branch of right coronary artery,AS,heart,FMA:3823
CL:1000413$$3668,endothelial cell of artery,CT,heart,CL:1000413
CL:0002592,smooth muscle cell of the coronary artery,CT,heart,CL:0002592
CL:0000057$$3669,fibroblast,CT,heart,CL:0000057
UBERON:0003379,cardiac muscle of right atrium,AS,heart,UBERON:0003379
CL:0000746,cardiac muscle cell,CT,heart,CL:0000746
CL:2000067,cardiac atrium fibroblast,CT,heart,CL:2000067
CL:0000235$$3670,macrophage,CT,heart,CL:0000235
CL:0002573,Schwann cell,CT,heart,CL:0002573
UBERON:0003383,cardiac muscle tissue of interventricular septum,AS,heart,UBERON:0003383
CL:0000097$$3671,mast cell,CT,heart,CL:0000097
CL:0002138,endothelial cell of lymphatic vessel,CT,heart,CL:0002138
CL:0000236$$3672,B cell,CT,heart,CL:0000236
CL:0000914,immature NK T cell,CT,heart,CL:0000914
CL:0001065,Innate lymphoid cell,CT,heart,CL:0001065
CL:0002350,endocardial cell,CT,heart,CL:0002350
UBERON:0002049,vasculature,AS,heart,UBERON:0002049
CL:0010008$$3673,cardiac endothelial cell,CT,heart,CL:0010008
CL:0000359$$3674,vascular associated smooth muscle cell,CT,heart,CL:0000359
CL:2000067$$3675,cardiac atrium fibroblast,CT,heart,CL:2000067
UBERON:0001982,capillary,AS,heart,UBERON:0001982
CL:0000669$$3676,pericyte,CT,heart,CL:0000669
UBERON:0001979,venule,AS,heart,UBERON:0001979
CL:0000669$$3677,pericyte,CT,heart,CL:0000669
CL:1000413$$3678,endothelial cell of artery,CT,heart,CL:1000413
CL:0002592$$3679,smooth muscle cell of the coronary artery,CT,heart,CL:0002592
CL:0000057$$3680,fibroblast,CT,heart,CL:0000057
CL:0017004$$3681,telocyte,CT,heart,CL:0017004
CL:0000542,lymphocyte,CT,heart,CL:0000542
CL:0001056$$3682,"dendritic cell, human",CT,heart,CL:0001056
CL:0000136,adipocyte,CT,heart,CL:0000136
UBERON:0011820,atrioventricular region,AS,heart,UBERON:0011820
UBERON:0035422$$3683,circumflex branch of left coronary artery,AS,heart,UBERON:0035422
CL:1000413$$3684,endothelial cell of artery,CT,heart,CL:1000413
CL:0002592$$3685,smooth muscle cell of the coronary artery,CT,heart,CL:0002592
CL:0000057$$3686,fibroblast,CT,heart,CL:0000057
FMA:3851$$3687,Atrioventricular node branch of right coronary artery,AS,heart,FMA:3851
CL:1000413$$3688,endothelial cell of artery,CT,heart,CL:1000413
CL:0002592$$3689,smooth muscle cell of the coronary artery,CT,heart,CL:0002592
CL:0000057$$3690,fibroblast,CT,heart,CL:0000057
UBERON:0005438$$3691,coronary sinus,AS,heart,UBERON:0005438
CL:1000413$$3692,endothelial cell of artery,CT,heart,CL:1000413
CL:0000359$$3693,vascular associated smooth muscle cell,CT,heart,CL:0000359
CL:0000057$$3694,fibroblast,CT,heart,CL:0000057
UBERON:0002352,atrioventricular node,AS,heart,UBERON:0002352
CL:1000477$$3695,cardiac pacemaker cell of sinoatrial node,CT,heart,CL:1000477
CL:0000136$$3696,adipocyte,CT,heart,CL:0000136
UBERON:0001625$$3697,right coronary artery,AS,heart,UBERON:0001625
CL:1000413$$3698,endothelial cell of artery,CT,heart,CL:1000413
CL:0002592$$3699,smooth muscle cell of the coronary artery,CT,heart,CL:0002592
CL:0000057$$3700,fibroblast,CT,heart,CL:0000057
UBERON:0035374$$3701,small cardiac vein,AS,heart,UBERON:0035374
CL:1000413$$3702,endothelial cell of artery,CT,heart,CL:1000413
CL:0002592$$3703,smooth muscle cell of the coronary artery,CT,heart,CL:0002592
CL:0000057$$3704,fibroblast,CT,heart,CL:0000057
UBERON:0003380,cardiac muscle of left atrium,AS,heart,UBERON:0003380
CL:0000746$$3705,cardiac muscle cell,CT,heart,CL:0000746
CL:1000477$$3706,cardiac pacemaker cell of sinoatrial node,CT,heart,CL:1000477
CL:2000067$$3707,cardiac atrium fibroblast,CT,heart,CL:2000067
CL:0000235$$3708,macrophage,CT,heart,CL:0000235
CL:0002573$$3709,Schwann cell,CT,heart,CL:0002573
UBERON:0003383$$3710,cardiac muscle tissue of interventricular septum,AS,heart,UBERON:0003383
CL:0000097$$3711,mast cell,CT,heart,CL:0000097
CL:0002138$$3712,endothelial cell of lymphatic vessel,CT,heart,CL:0002138
CL:0000236$$3713,B cell,CT,heart,CL:0000236
CL:0000914$$3714,immature NK T cell,CT,heart,CL:0000914
CL:0001065$$3715,innate lymphoid cell,CT,heart,CL:0001065
CL:0002350$$3716,endocardial cell,CT,heart,CL:0002350
UBERON:0002049$$3717,vasculature,AS,heart,UBERON:0002049
CL:0000071$$3718,blood vessel endothelial cell,CT,heart,CL:0000071
CL:0000359$$3719,vascular associated smooth muscle cell,CT,heart,CL:0000359
CL:2000067$$3720,cardiac atrium fibroblast,CT,heart,CL:2000067
UBERON:0001982$$3721,capillary,AS,heart,UBERON:0001982
CL:0000669$$3722,pericyte,CT,heart,CL:0000669
CL:0002144$$3723,capillary endothelial cell,CT,heart,CL:0002144
UBERON:0001979$$3724,venule,AS,heart,UBERON:0001979
CL:0000669$$3725,pericyte,CT,heart,CL:0000669
CL:0000359$$3726,vascular associated smooth muscle cell,CT,heart,CL:0000359
CL:2000067$$3727,cardiac atrium fibroblast,CT,heart,CL:2000067
CL:0000359$$3728,vascular associated smooth muscle cell,CT,heart,CL:0000359
CL:2000067$$3729,cardiac atrium fibroblast,CT,heart,CL:2000067
CL:0000359$$3730,vascular associated smooth muscle cell,CT,heart,CL:0000359
CL:2000067$$3731,cardiac atrium fibroblast,CT,heart,CL:2000067
CL:0000359$$3732,vascular associated smooth muscle cell,CT,heart,CL:0000359
CL:2000067$$3733,cardiac atrium fibroblast,CT,heart,CL:2000067
FMA:4715$$3734,oblique vein of the left atrium,AS,heart,FMA:4715
CL:0000071$$3735,blood vessel endothelial cell,CT,heart,CL:0000071
CL:0000359$$3736,vascular associated smooth muscle cell,CT,heart,CL:0000359
CL:2000067$$3737,cardiac atrium fibroblast,CT,heart,CL:2000067
CL:0017004$$3738,telocyte,CT,heart,CL:0017004
CL:0000542$$3739,lymphocyte,CT,heart,CL:0000542
CL:0001056$$3740,"dendritic cell, human",CT,heart,CL:0001056
CL:0000136$$3741,adipocyte,CT,heart,CL:0000136
UBERON:0006566,left ventricle myocardium,AS,heart,UBERON:0006566
CL:0000746$$3742,cardiac muscle cell,CT,heart,CL:0000746
CL:0002068,Purkinje myocyte,CT,heart,CL:0002068
CL:2000066,cardiac ventricle fibroblast,CT,heart,CL:2000066
CL:0000235$$3743,macrophage,CT,heart,CL:0000235
UBERON:0002049$$3744,vasculature,AS,heart,UBERON:0002049
CL:0000071$$3745,blood vessel endothelial cell,CT,heart,CL:0000071
CL:0000359$$3746,vascular associated smooth muscle cell,CT,heart,CL:0000359
CL:2000066$$3747,cardiac ventricle fibroblast,CT,heart,CL:2000066
UBERON:0001982$$3748,capillary,AS,heart,UBERON:0001982
CL:0002144$$3749,capillary endothelial cell,CT,heart,CL:0002144
CL:0000669$$3750,pericyte,CT,heart,CL:0000669
UBERON:0001979$$3751,venule,AS,heart,UBERON:0001979
CL:0000669$$3752,pericyte,CT,heart,CL:0000669
CL:0017004$$3753,telocyte,CT,heart,CL:0017004
CL:0001056$$3754,"dendritic cell, human",CT,heart,CL:0001056
CL:0000136$$3755,adipocyte,CT,heart,CL:0000136
CL:0000097$$3756,mast cell,CT,heart,CL:0000097
CL:0002138$$3757,endothelial cell of lymphatic vessel,CT,heart,CL:0002138
CL:0000236$$3758,B cell,CT,heart,CL:0000236
CL:0000914$$3759,immature NK T cell,CT,heart,CL:0000914
CL:0001065$$3760,innate lymphoid cell,CT,heart,CL:0001065
CL:0002350$$3761,endocardial cell,CT,heart,CL:0002350
FMA:3860$$3762,Diagonal branch of anterior descending branch of left coronary artery,AS,heart,FMA:3860
CL:1000413$$3763,endothelial cell of artery,CT,heart,CL:1000413
CL:0000071$$3764,blood vessel endothelial cell,CT,heart,CL:0000071
CL:0000057$$3765,fibroblast,CT,heart,CL:0000057
FMA:3902,Left marginal artery,AS,heart,FMA:3902
CL:1000413$$3766,endothelial cell of artery,CT,heart,CL:1000413
CL:0000071$$3767,blood vessel endothelial cell,CT,heart,CL:0000071
CL:0000057$$3768,fibroblast,CT,heart,CL:0000057
FMA:3835,Posterior ventricular branch of right coronary artery,AS,heart,FMA:3835
CL:1000413$$3769,endothelial cell of artery,CT,heart,CL:1000413
CL:0000071$$3770,blood vessel endothelial cell,CT,heart,CL:0000071
CL:0000057$$3771,fibroblast,CT,heart,CL:0000057
FMA:4708$$3772,left marginal vein,AS,heart,FMA:4708
CL:1000413$$3773,endothelial cell of artery,CT,heart,CL:1000413
CL:0000071$$3774,blood vessel endothelial cell,CT,heart,CL:0000071
CL:0000057$$3775,fibroblast,CT,heart,CL:0000057
FMA:4712$$3776,Posterior vein of left ventricle,AS,heart,FMA:4712
CL:1000413$$3777,endothelial cell of artery,CT,heart,CL:1000413
CL:0000071$$3778,blood vessel endothelial cell,CT,heart,CL:0000071
CL:0000057$$3779,fibroblast,CT,heart,CL:0000057
UBERON:0002094,interventricular septum,AS,heart,UBERON:0002094
UBERON:8600102$$3780,left anterior descending artery,AS,heart,UBERON:8600102
CL:1000413$$3781,endothelial cell of artery,CT,heart,CL:1000413
CL:0000071$$3782,blood vessel endothelial cell,CT,heart,CL:0000071
CL:0000057$$3783,fibroblast,CT,heart,CL:0000057
FMA:3840$$3784,posterior descending artery,AS,heart,FMA:3840
CL:1000413$$3785,endothelial cell of artery,CT,heart,CL:1000413
CL:0000071$$3786,blood vessel endothelial cell,CT,heart,CL:0000071
CL:0000057$$3787,fibroblast,CT,heart,CL:0000057
UBERON:8600063$$3788,septal perforating artery,AS,heart,UBERON:8600063
CL:1000413$$3789,endothelial cell of artery,CT,heart,CL:1000413
CL:0000071$$3790,blood vessel endothelial cell,CT,heart,CL:0000071
CL:0000057$$3791,fibroblast,CT,heart,CL:0000057
UBERON:0006958$$3792,great vein of heart,AS,heart,UBERON:0006958
CL:1000413$$3793,endothelial cell of artery,CT,heart,CL:1000413
CL:0000071$$3794,blood vessel endothelial cell,CT,heart,CL:0000071
CL:0000057$$3795,fibroblast,CT,heart,CL:0000057
UBERON:0009687$$3796,middle cardiac vein,AS,heart,UBERON:0009687
CL:1000413$$3797,endothelial cell of artery,CT,heart,CL:1000413
CL:0000071$$3798,blood vessel endothelial cell,CT,heart,CL:0000071
CL:0000057$$3799,fibroblast,CT,heart,CL:0000057
UBERON:0001982$$3800,capillary,AS,heart,UBERON:0001982
CL:0000669$$3801,pericyte,CT,heart,CL:0000669
CL:0002144$$3802,capillary endothelial cell,CT,heart,CL:0002144
UBERON:0001979$$3803,venule,AS,heart,UBERON:0001979
CL:0000669$$3804,pericyte,CT,heart,CL:0000669
UBERON:0002353,bundle of His,AS,heart,UBERON:0002353
CL:1000477$$3805,cardiac pacemaker cell of sinoatrial node,CT,heart,CL:1000477
UBERON:0003383$$3806,cardiac muscle tissue of interventricular septum,AS,heart,UBERON:0003383
CL:0000746$$3807,cardiac muscle cell,CT,heart,CL:0000746
CL:0002068$$3808,Purkinje myocyte,CT,heart,CL:0002068
CL:0000057$$3809,fibroblast,CT,heart,CL:0000057
CL:0000235$$3810,macrophage,CT,heart,CL:0000235
CL:0017004$$3811,telocyte,CT,heart,CL:0017004
CL:0000542$$3812,lymphocyte,CT,heart,CL:0000542
CL:0001056$$3813,"dendritic cell, human",CT,heart,CL:0001056
CL:0000136$$3814,adipocyte,CT,heart,CL:0000136
CL:0000097$$3815,mast cell,CT,heart,CL:0000097
CL:0002138$$3816,endothelial cell of lymphatic vessel,CT,heart,CL:0002138
CL:0000236$$3817,B cell,CT,heart,CL:0000236
CL:0000914$$3818,immature NK T cell,CT,heart,CL:0000914
CL:0001065$$3819,innate lymphoid cell,CT,heart,CL:0001065
CL:0002350$$3820,endocardial cell,CT,heart,CL:0002350
UBERON:0006567,right ventricle myocardium,AS,heart,UBERON:0006567
CL:0000097$$3821,mast cell,CT,heart,CL:0000097
CL:0002138$$3822,endothelial cell of lymphatic vessel,CT,heart,CL:0002138
CL:0000236$$3823,B cell,CT,heart,CL:0000236
CL:0000914$$3824,immature NK T cell,CT,heart,CL:0000914
CL:0001065$$3825,innate lymphoid cell,CT,heart,CL:0001065
CL:0002350$$3826,endocardial cell,CT,heart,CL:0002350
CL:0000746$$3827,cardiac muscle cell,CT,heart,CL:0000746
CL:0002068$$3828,Purkinje myocyte,CT,heart,CL:0002068
CL:2000066$$3829,cardiac ventricle fibroblast,CT,heart,CL:2000066
CL:0000235$$3830,macrophage,CT,heart,CL:0000235
UBERON:0039232$$3831,conus artery,AS,heart,UBERON:0039232
CL:1000413$$3832,endothelial cell of artery,CT,heart,CL:1000413
CL:0000071$$3833,blood vessel endothelial cell,CT,heart,CL:0000071
CL:0000057$$3834,fibroblast,CT,heart,CL:0000057
FMA:3818$$3835,right marginal artery,AS,heart,FMA:3818
CL:1000413$$3836,endothelial cell of artery,CT,heart,CL:1000413
CL:0000071$$3837,blood vessel endothelial cell,CT,heart,CL:0000071
CL:0000057$$3838,fibroblast,CT,heart,CL:0000057
FMA:76767$$3839,Anterior cardiac vein,AS,heart,FMA:76767
CL:1000413$$3840,endothelial cell of artery,CT,heart,CL:1000413
CL:0000071$$3841,blood vessel endothelial cell,CT,heart,CL:0000071
CL:0000057$$3842,fibroblast,CT,heart,CL:0000057
UBERON:0002049$$3843,vasculature,AS,heart,UBERON:0002049
CL:0000071$$3844,blood vessel endothelial cell,CT,heart,CL:0000071
CL:0000359$$3845,vascular associated smooth muscle cell,CT,heart,CL:0000359
CL:0000057$$3846,fibroblast,CT,heart,CL:0000057
UBERON:0001982$$3847,capillary,AS,heart,UBERON:0001982
CL:0000669$$3848,pericyte,CT,heart,CL:0000669
CL:0002144$$3849,capillary endothelial cell,CT,heart,CL:0002144
UBERON:0001979$$3850,venule,AS,heart,UBERON:0001979
CL:0000669$$3851,pericyte,CT,heart,CL:0000669
CL:0017004$$3852,telocyte,CT,heart,CL:0017004
CL:0000542$$3853,lymphocyte,CT,heart,CL:0000542
CL:0001056$$3854,"dendritic cell, human",CT,heart,CL:0001056
CL:0000136$$3855,adipocyte,CT,heart,CL:0000136
UBERON:8470002,moderator band,AS,heart,UBERON:8470002
CL:0000746$$3856,cardiac muscle cell,CT,heart,CL:0000746
CL:0002068$$3857,Purkinje myocyte,CT,heart,CL:0002068
CL:0000057$$3858,fibroblast,CT,heart,CL:0000057
CL:0000235$$3859,macrophage,CT,heart,CL:0000235
CL:0000071$$3860,blood vessel endothelial cell,CT,heart,CL:0000071
CL:0000359$$3861,vascular associated smooth muscle cell,CT,heart,CL:0000359
CL:0017004$$3862,telocyte,CT,heart,CL:0017004
CL:0000542$$3863,lymphocyte,CT,heart,CL:0000542
CL:0001056$$3864,"dendritic cell, human",CT,heart,CL:0001056
UBERON:0000946,cardiac valve,AS,heart,UBERON:0000946
UBERON:0002134,Tricuspid valve,AS,heart,UBERON:0002134
CL:4030032,valve interstitial cell,CT,heart,CL:4030032
CL:0002350$$3865,endocardial cell,CT,heart,CL:0002350
UBERON:0002146,Pulmonary Valve,AS,heart,UBERON:0002146
CL:4030032$$3866,valve interstitial cell,CT,heart,CL:4030032
CL:0002350$$3867,endocardial cell,CT,heart,CL:0002350
UBERON:0002135,Mitral valve,AS,heart,UBERON:0002135
CL:4030032$$3868,valve interstitial cell,CT,heart,CL:4030032
CL:0002350$$3869,endocardial cell,CT,heart,CL:0002350
UBERON:0002137,Aortic valve,AS,heart,UBERON:0002137
CL:4030032$$3870,valve interstitial cell,CT,heart,CL:4030032
CL:0000071$$3871,blood vessel endothelial cell,CT,heart,CL:0000071
UBERON:0002348,epicardium,AS,heart,UBERON:0002348
CL:0000077,mesothelial cell,CT,heart,CL:0000077
CL:1000309,epicardial adipocyte,CT,heart,CL:1000309
CL:0002573$$3872,Schwann cell,CT,heart,CL:0002573
CL:0000359$$3873,vascular associated smooth muscle cell,CT,heart,CL:0000359
CL:0000057$$3874,fibroblast,CT,heart,CL:0000057
CL:0000071$$3875,blood vessel endothelial cell,CT,heart,CL:0000071
CL:0000235$$3876,macrophage,CT,heart,CL:0000235
UBERON:0003383$$3877,cardiac muscle tissue of interventricular septum,AS,heart,UBERON:0003383
CL:0000097$$3878,mast cell,CT,heart,CL:0000097
CL:0002138$$3879,endothelial cell of lymphatic vessel,CT,heart,CL:0002138
CL:0000236$$3880,B cell,CT,heart,CL:0000236
CL:0000914$$3881,immature NK T cell,CT,heart,CL:0000914
UBERON:0002113,kidney,AS,kidney,UBERON:0002113
UBERON:0002015,kidney capsule,AS,kidney,UBERON:0002015
CL:0000499,stromal cell,CT,kidney,CL:0000499
ASCTB-TEMP:capsule-mesenchymal-stromal-cell,capsule mesenchymal stromal cell,CT,kidney,ASCTB-TEMP:capsule-mesenchymal-stromal-cell
UBERON:0001225,cortex of kidney,AS,kidney,UBERON:0001225
UBERON:0002189,outer cortex of kidney,AS,kidney,UBERON:0002189
UBERON:0004188,glomerular epithelium,AS,kidney,UBERON:0004188
UBERON:0005751,glomerular visceral epithelium,AS,kidney,UBERON:0005751
CL:0000653,podocyte,CT,kidney,CL:0000653
UBERON:0005271,juxtamedullary cortex,AS,kidney,UBERON:0005271
UBERON:0004188$$3882,glomerular epithelium,AS,kidney,UBERON:0004188
UBERON:0005751$$3883,glomerular visceral epithelium,AS,kidney,UBERON:0005751
CL:0000653$$3884,podocyte,CT,kidney,CL:0000653
UBERON:0009883,medullary ray,AS,kidney,UBERON:0009883
UBERON:0004203,cortical collecting duct,AS,kidney,UBERON:0004203
CL:1000714,kidney cortex collecting duct principal cell,CT,kidney,CL:1000714
UBERON:0000362,renal medulla,AS,kidney,UBERON:0000362
UBERON:0004202,kidney outer medulla outer stripe,AS,kidney,UBERON:0004202
UBERON:0001291,thick ascending limb of loop of Henle,AS,kidney,UBERON:0001291
CL:1001108,kidney loop of Henle medullary thick ascending limb epithelial cell,CT,kidney,CL:1001108
UBERON:0004201,kidney outer medulla inner stripe,AS,kidney,UBERON:0004201
UBERON:0001289,descending limb of loop of Henle,AS,kidney,UBERON:0001289
UBERON:8600036,kidney loop of Henle long descending thin limb outer medulla,AS,kidney,UBERON:8600036
CL:4030013,kidney loop of Henle long descending thin limb outer medulla epithelial cell,CT,kidney,CL:4030013
UBERON:0001294,inner medulla of kidney,AS,kidney,UBERON:0001294
UBERON:0009202$$3885,descending vasa recta,AS,kidney,UBERON:0009202
CL:1001285,vasa recta descending limb cell,CT,kidney,CL:1001285
UBERON:0001228,renal papilla,AS,kidney,UBERON:0001228
UBERON:0009095,tip of renal papilla,AS,kidney,UBERON:0009095
CL:1000718,kidney inner medulla collecting duct principal cell,CT,kidney,CL:1000718
UBERON:0001284,renal column,AS,kidney,UBERON:0001284
UBERON:0004188$$3886,glomerular epithelium,AS,kidney,UBERON:0004188
UBERON:0005751$$3887,glomerular visceral epithelium,AS,kidney,UBERON:0005751
CL:0000653$$3888,podocyte,CT,kidney,CL:0000653
UBERON:0004200,kidney pyramid,AS,kidney,UBERON:0004200
UBERON:0009202$$3889,descending vasa recta,AS,kidney,UBERON:0009202
CL:1001285$$3890,vasa recta descending limb cell,CT,kidney,CL:1001285
UBERON:0001285,nephron,AS,kidney,UBERON:0001285
UBERON:0001229,Renal Corpuscle,AS,kidney,UBERON:0001229
UBERON:0004188$$3891,glomerular epithelium,AS,kidney,UBERON:0004188
UBERON:0005750,glomerular parietal epithelium,AS,kidney,UBERON:0005750
CL:1000452,parietal epithelial cell,CT,kidney,CL:1000452
UBERON:0005751$$3892,glomerular visceral epithelium,AS,kidney,UBERON:0005751
CL:0000653$$3893,podocyte,CT,kidney,CL:0000653
UBERON:0000074,renal glomerulus,AS,kidney,UBERON:0000074
UBERON:0004190,renal glomerulus vasculature,AS,kidney,UBERON:0004190
UBERON:0004294,glomerular capillary endothelium,AS,kidney,UBERON:0004294
CL:1001005,glomerular capillary endothelial cell,CT,kidney,CL:1001005
UBERON:0005215,kidney interstitium,AS,kidney,UBERON:0005215
UBERON:0002319,mesangium,AS,kidney,UBERON:0002319
UBERON:0002320,glomerular mesangium,AS,kidney,UBERON:0002320
CL:1000742,glomerular mesangial cell,CT,kidney,CL:1000742
UBERON:0001231,nephron tubule,AS,kidney,UBERON:0001231
UBERON:0004134,proximal tubule,AS,kidney,UBERON:0004134
CL:0002306,epithelial cell of proximal tubule,CT,kidney,CL:0002306
UBERON:0004196,proximal convoluted tubule segment 1,AS,kidney,UBERON:0004196
CL:4030009,epithelial cell of proximal tubule segment 1,CT,kidney,CL:4030009
UBERON:0004197,proximal convoluted tubule segment 2,AS,kidney,UBERON:0004197
CL:4030010,epithelial cell of proximal tubule segment 2,CT,kidney,CL:4030010
UBERON:0001290,proximal straight tubule,AS,kidney,UBERON:0001290
CL:4030011,epithelial cell of proximal tubule segment 3,CT,kidney,CL:4030011
UBERON:0001289$$3894,descending limb of loop of Henle,AS,kidney,UBERON:0001289
UBERON:0005096,descending thin limb,AS,kidney,UBERON:0005096
CL:1001111,kidney loop of Henle thin descending limb epithelial cell,CT,kidney,CL:1001111
UBERON:0005099,short descending thin limb,AS,kidney,UBERON:0005099
CL:4030012,kidney loop of Henle short descending thin limb epithelial cell,CT,kidney,CL:4030012
UBERON:8600036$$3895,kidney loop of Henle long descending thin limb outer medulla,AS,kidney,UBERON:8600036
CL:4030013$$3896,kidney loop of Henle long descending thin limb outer medulla epithelial cell,CT,kidney,CL:4030013
UBERON:8600037,kidney loop of Henle long descending thin limb inner medulla,AS,kidney,UBERON:8600037
CL:4030014,kidney loop of Henle long descending thin limb inner medulla epithelial cell,CT,kidney,CL:4030014
UBERON:0004193,loop of Henle ascending limb thin segment,AS,kidney,UBERON:0004193
CL:1001107,kidney loop of Henle thin ascending limb epithelial cell,CT,kidney,CL:1001107
UBERON:0001291$$3897,thick ascending limb of loop of Henle,AS,kidney,UBERON:0001291
CL:1001106,kidney loop of Henle thick ascending limb epithelial cell,CT,kidney,CL:1001106
CL:1001109,kidney loop of Henle cortical thick ascending limb epithelial cell,CT,kidney,CL:1001109
CL:1001108$$3898,kidney loop of Henle medullary thick ascending limb epithelial cell,CT,kidney,CL:1001108
UBERON:0002335,macula densa,AS,kidney,UBERON:0002335
CL:1000850,macula densa epithelial cell,CT,kidney,CL:1000850
UBERON:0001292,distal convoluted tubule,AS,kidney,UBERON:0001292
CL:1000849,kidney distal convoluted tubule epithelial cell,CT,kidney,CL:1000849
CL:4030016,epithelial cell of early distal convoluted tubule,CT,kidney,CL:4030016
CL:4030017,epithelial cell of late distal convoluted tubule,CT,kidney,CL:4030017
UBERON:0005097,renal connecting tubule,AS,kidney,UBERON:0005097
CL:1000768,kidney connecting tubule epithelial cell,CT,kidney,CL:1000768
CL:4030018,kidney connecting tubule principal cell,CT,kidney,CL:4030018
CL:4030019,kidney connecting tubule intercalated cell,CT,kidney,CL:4030019
CL:4030020,kidney connecting tubule alpha-intercalated cell,CT,kidney,CL:4030020
CL:4030021,kidney connecting tubule beta-intercalated cell,CT,kidney,CL:4030021
UBERON:0004100,renal collecting system,AS,kidney,UBERON:0004100
UBERON:0001232,collecting duct of renal tubule,AS,kidney,UBERON:0001232
CL:1000454,kidney collecting duct epithelial cell,CT,kidney,CL:1000454
CL:1001431,kidney collecting duct principal cell,CT,kidney,CL:1001431
UBERON:0004203$$3899,cortical collecting duct,AS,kidney,UBERON:0004203
CL:1000714$$3900,kidney cortex collecting duct principal cell,CT,kidney,CL:1000714
UBERON:0004204,outer medullary collecting duct,AS,kidney,UBERON:0004204
CL:1000716,kidney outer medulla collecting duct principal cell,CT,kidney,CL:1000716
UBERON:0004205,inner medullary collecting duct,AS,kidney,UBERON:0004205
CL:1000718$$3901,kidney inner medulla collecting duct principal cell,CT,kidney,CL:1000718
ASCTB-TEMP:transitional-principal-intercalated-cell,Transitional principal-intercalated cell,CT,kidney,ASCTB-TEMP:transitional-principal-intercalated-cell
CL:1001432,kidney collecting duct intercalated cell,CT,kidney,CL:1001432
CL:4030015,kidney collecting duct alpha-intercalated cell,CT,kidney,CL:4030015
CL:1000715,kidney cortex collecting duct intercalated cell,CT,kidney,CL:1000715
CL:1000717,kidney outer medulla collecting duct intercalated cell,CT,kidney,CL:1000717
CL:0002201,renal beta-intercalated cell,CT,kidney,CL:0002201
UBERON:0006544,kidney vasculature,AS,kidney,UBERON:0006544
UBERON:0003517,kidney blood vessel,AS,kidney,UBERON:0003517
UBERON:0001986,endothelium,AS,kidney,UBERON:0001986
CL:0000115$$3902,endothelial cell,CT,kidney,CL:0000115
UBERON:0034884,juxtaglomerular arteriole,AS,kidney,UBERON:0034884
UBERON:0004639$$3903,renal afferent arteriole,AS,kidney,UBERON:0004639
CL:1001096,kidney afferent arteriole endothelial cell,CT,kidney,CL:1001096
UBERON:0004640$$3904,renal efferent arteriole,AS,kidney,UBERON:0004640
CL:1001099,kidney efferent arteriole endothelial cell,CT,kidney,CL:1001099
UBERON:0003527,kidney capillary,AS,kidney,UBERON:0003527
UBERON:0005272$$3905,peritubular capillary,AS,kidney,UBERON:0005272
UBERON:0012441,endothelium of peritubular capillary,AS,kidney,UBERON:0012441
CL:1001033,peritubular capillary endothelial cell,CT,kidney,CL:1001033
UBERON:0004726$$3906,vasa recta,AS,kidney,UBERON:0004726
UBERON:0009202$$3907,descending vasa recta,AS,kidney,UBERON:0009202
UBERON:0001986$$3908,endothelium,AS,kidney,UBERON:0001986
CL:1001285$$3909,vasa recta descending limb cell,CT,kidney,CL:1001285
UBERON:0009091$$3910,ascending vasa recta,AS,kidney,UBERON:0009091
UBERON:0001986$$3911,endothelium,AS,kidney,UBERON:0001986
CL:1001131,vasa recta ascending limb cell,CT,kidney,CL:1001131
ASCTB-TEMP:kidney-lymphatic-vessel,Kidney Lymphatic Vessel,AS,kidney,ASCTB-TEMP:kidney-lymphatic-vessel
UBERON:0002042,lymphatic vessel endothelium,AS,kidney,UBERON:0002042
CL:0002138$$3912,endothelial cell of lymphatic vessel,CT,kidney,CL:0002138
CL:1001318,renal interstitial pericyte,CT,kidney,CL:1001318
CL:0019018,blood vessel smooth muscle cell,CT,kidney,CL:0019018
UBERON:0002303,juxtaglomerular apparatus,AS,kidney,UBERON:0002303
CL:0000648,kidney granular cell,CT,kidney,CL:0000648
UBERON:0005215$$3913,kidney interstitium,AS,kidney,UBERON:0005215
CL:1000692,kidney interstitial fibroblast,CT,kidney,CL:1000692
CL:4030022,renal medullary fibroblast,CT,kidney,CL:4030022
CL:1000691,kidney interstitial myofibroblast,CT,kidney,CL:1000691
CL:0000738,Leukocyte,CT,kidney,CL:0000738
CL:1000695,kidney interstitial alternatively activated macrophage,CT,kidney,CL:1000695
CL:0000875,non-classical monocyte,CT,kidney,CL:0000875
CL:0000623$$3914,natural killer cell,CT,kidney,CL:0000623
CL:0000814$$3915,mature NK T cell,CT,kidney,CL:0000814
CL:0001056$$3916,"dendritic cell, human",CT,kidney,CL:0001056
CL:0000990$$3917,conventional dendritic cell,CT,kidney,CL:0000990
CL:0001058$$3918,"plasmacytoid dendritic cell, human",CT,kidney,CL:0001058
CL:0000576$$3919,monocyte,CT,kidney,CL:0000576
CL:0000113,mononuclear phagocyte,CT,kidney,CL:0000113
ASCTB-TEMP:monocyte-derived-cell,Monocyte Derived Cell,CT,kidney,ASCTB-TEMP:monocyte-derived-cell
CL:0000084$$3920,T cell,CT,kidney,CL:0000084
CL:0000910,cytotoxic T cell,CT,kidney,CL:0000910
CL:0000815$$3921,regulatory T cell,CT,kidney,CL:0000815
CL:0000236$$3922,B cell,CT,kidney,CL:0000236
CL:0000786$$3923,plasma cell,CT,kidney,CL:0000786
CL:0000775$$3924,neutrophil,CT,kidney,CL:0000775
CL:0000097$$3925,mast cell,CT,kidney,CL:0000097
UBERON:0001228$$3926,renal papilla,AS,kidney,UBERON:0001228
UBERON:0009095$$3927,tip of renal papilla,AS,kidney,UBERON:0009095
ASCTB-TEMP:papillary-tip-epithelium,Papillary Tip Epithelium,AS,kidney,ASCTB-TEMP:papillary-tip-epithelium
CL:1000597,papillary tips cell,CT,kidney,CL:1000597
UBERON:0001465,knee,AS,knee,UBERON:0001465
UBERON:0001485,Knee Joint,AS,knee,UBERON:0001485
UBERON:0009980,condyle of femur,AS,knee,UBERON:0009980
UBERON:0009984,medial condyle of femur,AS,knee,UBERON:0009984
UBERON:0010996,articular cartilage of joint,AS,knee,UBERON:0010996
CL:1001607,articular chondrocyte,CT,knee,CL:1001607
ASCTB-TEMP:regulatory-chondrocyte-1,Regulatory Chondrocyte 1,CT,knee,ASCTB-TEMP:regulatory-chondrocyte-1
ASCTB-TEMP:regulatory-chondrocyte-2,Regulatory Chondrocyte 2,CT,knee,ASCTB-TEMP:regulatory-chondrocyte-2
ASCTB-TEMP:effector-chondrocyte,Effector Chondrocyte,CT,knee,ASCTB-TEMP:effector-chondrocyte
ASCTB-TEMP:prefibrocartilage-chondrocyte,Prefibrocartilage Chondrocyte,CT,knee,ASCTB-TEMP:prefibrocartilage-chondrocyte
ASCTB-TEMP:fibrocartilage-chondrocyte-1,Fibrocartilage Chondrocyte 1,CT,knee,ASCTB-TEMP:fibrocartilage-chondrocyte-1
ASCTB-TEMP:fibrocartilage-chondrocyte-2,Fibrocartilage Chondrocyte 2,CT,knee,ASCTB-TEMP:fibrocartilage-chondrocyte-2
ASCTB-TEMP:homeostatic-chodrocyte,Homeostatic Chodrocyte,CT,knee,ASCTB-TEMP:homeostatic-chodrocyte
ASCTB-TEMP:reparative-chondrocyte,Reparative Chondrocyte,CT,knee,ASCTB-TEMP:reparative-chondrocyte
ASCTB-TEMP:prehypertrophic-chondrocyte,Prehypertrophic Chondrocyte,CT,knee,ASCTB-TEMP:prehypertrophic-chondrocyte
CL:0000743,hypertrophic chondrocyte,CT,knee,CL:0000743
UBERON:0009985,lateral condyle of femur,AS,knee,UBERON:0009985
UBERON:0010996$$3928,articular cartilage of joint,AS,knee,UBERON:0010996
CL:1001607$$3929,articular chondrocyte,CT,knee,CL:1001607
ASCTB-TEMP:regulatory-chondrocyte-1$$3930,Regulatory Chondrocyte 1,CT,knee,ASCTB-TEMP:regulatory-chondrocyte-1
ASCTB-TEMP:regulatory-chondrocyte-2$$3931,Regulatory Chondrocyte 2,CT,knee,ASCTB-TEMP:regulatory-chondrocyte-2
ASCTB-TEMP:effector-chondrocyte$$3932,Effector Chondrocyte,CT,knee,ASCTB-TEMP:effector-chondrocyte
ASCTB-TEMP:prefibrocartilage-chondrocyte$$3933,Prefibrocartilage Chondrocyte,CT,knee,ASCTB-TEMP:prefibrocartilage-chondrocyte
ASCTB-TEMP:fibrocartilage-chondrocyte-1$$3934,Fibrocartilage Chondrocyte 1,CT,knee,ASCTB-TEMP:fibrocartilage-chondrocyte-1
ASCTB-TEMP:fibrocartilage-chondrocyte-2$$3935,Fibrocartilage Chondrocyte 2,CT,knee,ASCTB-TEMP:fibrocartilage-chondrocyte-2
ASCTB-TEMP:homeostatic-chodrocyte$$3936,Homeostatic Chodrocyte,CT,knee,ASCTB-TEMP:homeostatic-chodrocyte
ASCTB-TEMP:reparative-chondrocyte$$3937,Reparative Chondrocyte,CT,knee,ASCTB-TEMP:reparative-chondrocyte
ASCTB-TEMP:prehypertrophic-chondrocyte$$3938,Prehypertrophic Chondrocyte,CT,knee,ASCTB-TEMP:prehypertrophic-chondrocyte
CL:0000743$$3939,hypertrophic chondrocyte,CT,knee,CL:0000743
UBERON:0000059,large intestine,AS,large_intestine,UBERON:0000059
UBERON:0000569,ileocecal valve,AS,large_intestine,UBERON:0000569
UBERON:0000317,colonic mucosa,AS,large_intestine,UBERON:0000317
UBERON:0000397,colonic epithelium,AS,large_intestine,UBERON:0000397
CL:0002071,enterocyte of epithelium of large intestine,CT,large_intestine,CL:0002071
CL:1000321,large intestine crypt goblet cell,CT,large_intestine,CL:1000321
UBERON:0001984,crypt of Lieberkuhn of large intestine,AS,large_intestine,UBERON:0001984
UBERON:0011184,epithelium of crypt of Lieberkuhn,AS,large_intestine,UBERON:0011184
CL:0009016,intestinal crypt stem cell of large intestine,CT,large_intestine,CL:0009016
CL:0009009,paneth cell of epithelium of large intestine,CT,large_intestine,CL:0009009
CL:0000165,neuroendocrine cell,CT,large_intestine,CL:0000165
CL:0002071$$3940,enterocyte of epithelium of large intestine,CT,large_intestine,CL:0002071
CL:1000321$$3941,large intestine crypt goblet cell,CT,large_intestine,CL:1000321
CL:0009011,transit amplifying cell of colon,CT,large_intestine,CL:0009011
CL:0019032,intestinal tuft cell,CT,large_intestine,CL:0019032
CL:0000915,"CD8-alpha-alpha-positive, alpha-beta intraepithelial T cell",CT,large_intestine,CL:0000915
CL:0000802,"CD8-alpha alpha positive, gamma-delta intraepithelial T cell",CT,large_intestine,CL:0000802
CL:0000796,"CD8-alpha-beta-positive, alpha-beta intraepithelial T cell",CT,large_intestine,CL:0000796
CL:0000793,"CD4-positive, alpha-beta intraepithelial T cell",CT,large_intestine,CL:0000793
CL:0000935,"CD4-negative, CD8-negative, alpha-beta intraepithelial T cell",CT,large_intestine,CL:0000935
UBERON:0007177,lamina propria of mucosa of colon,AS,large_intestine,UBERON:0007177
ASCTB-TEMP:subepithelial-membrane,subepithelial membrane,CT,large_intestine,ASCTB-TEMP:subepithelial-membrane
ASCTB-TEMP:pericryptal-fibroblastic-sheath,pericryptal fibroblastic sheath,CT,large_intestine,ASCTB-TEMP:pericryptal-fibroblastic-sheath
CL:0002144$$3942,capillary endothelial cell,CT,large_intestine,CL:0002144
CL:0002138$$3943,endothelial cell of lymphatic vessel,CT,large_intestine,CL:0002138
CL:0000669$$3944,pericyte,CT,large_intestine,CL:0000669
CL:0000186,myofibroblast cell,CT,large_intestine,CL:0000186
CL:0000057$$3945,fibroblast,CT,large_intestine,CL:0000057
CL:0002573$$3946,Schwann cell,CT,large_intestine,CL:0002573
ASCTB-TEMP:ganglion,ganglion,CT,large_intestine,ASCTB-TEMP:ganglion
CL:0000165$$3947,neuroendocrine cell,CT,large_intestine,CL:0000165
UBERON:0001962,gut-associated lymphoid tissue,AS,large_intestine,UBERON:0001962
CL:0000682,M cell of gut,CT,large_intestine,CL:0000682
CL:0009018,lymphocyte of large intestine lamina propria,CT,large_intestine,CL:0009018
CL:0000235$$3948,macrophage,CT,large_intestine,CL:0000235
CL:0002138$$3949,endothelial cell of lymphatic vessel,CT,large_intestine,CL:0002138
CL:0002652,endothelial cell of high endothelial venule,CT,large_intestine,CL:0002652
CL:0000786$$3950,plasma cell,CT,large_intestine,CL:0000786
CL:0000041,mature eosinophil,CT,large_intestine,CL:0000041
CL:0000097$$3951,mast cell,CT,large_intestine,CL:0000097
CL:0000096,mature neutrophil,CT,large_intestine,CL:0000096
CL:0000451$$3952,dendritic cell,CT,large_intestine,CL:0000451
UBERON:0007178,muscularis mucosae of colon,AS,large_intestine,UBERON:0007178
CL:0000057$$3953,fibroblast,CT,large_intestine,CL:0000057
CL:0002573$$3954,Schwann cell,CT,large_intestine,CL:0002573
CL:0002144$$3955,capillary endothelial cell,CT,large_intestine,CL:0002144
CL:0002138$$3956,endothelial cell of lymphatic vessel,CT,large_intestine,CL:0002138
CL:0000669$$3957,pericyte,CT,large_intestine,CL:0000669
UBERON:0003331,submucosa of colon,AS,large_intestine,UBERON:0003331
CL:0000136$$3958,fat cell,CT,large_intestine,CL:0000136
CL:0000057$$3959,fibroblast,CT,large_intestine,CL:0000057
CL:0002573$$3960,Schwann cell,CT,large_intestine,CL:0002573
CL:1000412$$3961,endothelial cell of arteriole,CT,large_intestine,CL:1000412
CL:1000414$$3962,endothelial cell of venule,CT,large_intestine,CL:1000414
CL:0002138$$3963,endothelial cell of lymphatic vessel,CT,large_intestine,CL:0002138
CL:0002144$$3964,capillary endothelial cell,CT,large_intestine,CL:0002144
CL:0000669$$3965,pericyte,CT,large_intestine,CL:0000669
UBERON:0001962$$3966,gut-associated lymphoid tissue,AS,large_intestine,UBERON:0001962
CL:0009018$$3967,lymphocyte of large intestine lamina propria,CT,large_intestine,CL:0009018
CL:0000235$$3968,macrophage,CT,large_intestine,CL:0000235
CL:0000451$$3969,dendritic cell,CT,large_intestine,CL:0000451
CL:0002138$$3970,endothelial cell of lymphatic vessel,CT,large_intestine,CL:0002138
CL:0002652$$3971,endothelial cell of high endothelial venule,CT,large_intestine,CL:0002652
CL:0000669$$3972,pericyte,CT,large_intestine,CL:0000669
CL:0000682$$3973,M cell of gut,CT,large_intestine,CL:0000682
UBERON:0005304,submucous nerve plexus,AS,large_intestine,UBERON:0005304
CL:0002573$$3974,Schwann cell,CT,large_intestine,CL:0002573
ASCTB-TEMP:ganglion$$3975,ganglion,CT,large_intestine,ASCTB-TEMP:ganglion
CL:0002088,interstitial cell of Cajal,CT,large_intestine,CL:0002088
UBERON:0012489,muscle layer of colon,AS,large_intestine,UBERON:0012489
UBERON:0012398,large intestine smooth muscle circular layer,AS,large_intestine,UBERON:0012398
CL:1000279,smooth muscle cell of large intestine,CT,large_intestine,CL:1000279
CL:0000057$$3976,fibroblast,CT,large_intestine,CL:0000057
CL:0002573$$3977,Schwann cell,CT,large_intestine,CL:0002573
CL:1000412$$3978,endothelial cell of arteriole,CT,large_intestine,CL:1000412
CL:1000414$$3979,endothelial cell of venule,CT,large_intestine,CL:1000414
CL:0002138$$3980,endothelial cell of lymphatic vessel,CT,large_intestine,CL:0002138
CL:0000669$$3981,pericyte,CT,large_intestine,CL:0000669
UBERON:0002439,myenteric nerve plexus,AS,large_intestine,UBERON:0002439
CL:0002088$$3982,interstitial cell of Cajal,CT,large_intestine,CL:0002088
ASCTB-TEMP:ganglion$$3983,ganglion,CT,large_intestine,ASCTB-TEMP:ganglion
CL:0002573$$3984,Schwann cell,CT,large_intestine,CL:0002573
CL:0000057$$3985,fibroblast,CT,large_intestine,CL:0000057
CL:1000412$$3986,endothelial cell of arteriole,CT,large_intestine,CL:1000412
CL:1000414$$3987,endothelial cell of venule,CT,large_intestine,CL:1000414
CL:0002138$$3988,endothelial cell of lymphatic vessel,CT,large_intestine,CL:0002138
CL:0000669$$3989,pericyte,CT,large_intestine,CL:0000669
UBERON:0012399,large intestine smooth muscle longitudinal layer,AS,large_intestine,UBERON:0012399
CL:1000279$$3990,smooth muscle cell of large intestine,CT,large_intestine,CL:1000279
CL:0000057$$3991,fibroblast,CT,large_intestine,CL:0000057
CL:0002573$$3992,Schwann cell,CT,large_intestine,CL:0002573
CL:1000412$$3993,endothelial cell of arteriole,CT,large_intestine,CL:1000412
CL:1000414$$3994,endothelial cell of venule,CT,large_intestine,CL:1000414
CL:0002138$$3995,endothelial cell of lymphatic vessel,CT,large_intestine,CL:0002138
CL:0000669$$3996,pericyte,CT,large_intestine,CL:0000669
UBERON:0012375,subserosa,AS,large_intestine,UBERON:0012375
CL:0000057$$3997,fibroblast,CT,large_intestine,CL:0000057
CL:0002573$$3998,Schwann cell,CT,large_intestine,CL:0002573
CL:1000412$$3999,endothelial cell of arteriole,CT,large_intestine,CL:1000412
CL:1000414$$4000,endothelial cell of venule,CT,large_intestine,CL:1000414
CL:0002138$$4001,endothelial cell of lymphatic vessel,CT,large_intestine,CL:0002138
CL:0000136$$4002,fat cell,CT,large_intestine,CL:0000136
CL:0000669$$4003,pericyte,CT,large_intestine,CL:0000669
UBERON:0003335,serosa of colon,AS,large_intestine,UBERON:0003335
CL:1000457,mesothelial cell of visceral peritoneum,CT,large_intestine,CL:1000457
UBERON:0001153,caecum,AS,large_intestine,UBERON:0001153
UBERON:0000314,cecum mucosa,AS,large_intestine,UBERON:0000314
UBERON:0000397$$4004,colonic epithelium,AS,large_intestine,UBERON:0000397
CL:0002071$$4005,enterocyte of epithelium of large intestine,CT,large_intestine,CL:0002071
CL:1000321$$4006,large intestine crypt goblet cell,CT,large_intestine,CL:1000321
UBERON:0001984$$4007,crypt of Lieberkuhn of large intestine,AS,large_intestine,UBERON:0001984
UBERON:0011184$$4008,epithelium of crypt of Lieberkuhn,AS,large_intestine,UBERON:0011184
CL:0009016$$4009,intestinal crypt stem cell of large intestine,CT,large_intestine,CL:0009016
CL:0009009$$4010,paneth cell of colon,CT,large_intestine,CL:0009009
CL:0000165$$4011,neuroendocrine,CT,large_intestine,CL:0000165
CL:0002071$$4012,enterocyte of epithelium of large intestine,CT,large_intestine,CL:0002071
CL:1000321$$4013,large intestine crypt goblet cell,CT,large_intestine,CL:1000321
CL:0009011$$4014,transit amplifying cell of colon,CT,large_intestine,CL:0009011
CL:0019032$$4015,intestinal tuft cell,CT,large_intestine,CL:0019032
CL:0000915$$4016,"CD8-alpha-alpha-positive, alpha-beta intraepithelial T cell",CT,large_intestine,CL:0000915
CL:0000802$$4017,"CD8-alpha alpha positive, gamma-delta intraepithelial T cell",CT,large_intestine,CL:0000802
CL:0000796$$4018,"CD8-alpha-beta-positive, alpha-beta intraepithelial T cell",CT,large_intestine,CL:0000796
CL:0000793$$4019,"CD4-positive, alpha-beta intraepithelial T cell",CT,large_intestine,CL:0000793
CL:0000935$$4020,"CD4-negative, CD8-negative, alpha-beta intraepithelial T cell",CT,large_intestine,CL:0000935
UBERON:0011189,lamina propria of large intestine,AS,large_intestine,UBERON:0011189
ASCTB-TEMP:subepithelial-membrane$$4021,subepithelial membrane,CT,large_intestine,ASCTB-TEMP:subepithelial-membrane
ASCTB-TEMP:pericryptal-fibroblastic-sheath$$4022,pericryptal fibroblastic sheath,CT,large_intestine,ASCTB-TEMP:pericryptal-fibroblastic-sheath
CL:0002144$$4023,capillary endothelial cell,CT,large_intestine,CL:0002144
CL:0002138$$4024,endothelial cell of lymphatic vessel,CT,large_intestine,CL:0002138
CL:0000669$$4025,pericyte,CT,large_intestine,CL:0000669
CL:0000186$$4026,myofibroblast cell,CT,large_intestine,CL:0000186
CL:0000057$$4027,fibroblast,CT,large_intestine,CL:0000057
CL:0002573$$4028,Schwann cell,CT,large_intestine,CL:0002573
ASCTB-TEMP:ganglion$$4029,ganglion,CT,large_intestine,ASCTB-TEMP:ganglion
CL:0000165$$4030,neuroendocrine cell,CT,large_intestine,CL:0000165
UBERON:0001962$$4031,gut-associated lymphoid tissue,AS,large_intestine,UBERON:0001962
CL:0000682$$4032,M cell of gut,CT,large_intestine,CL:0000682
CL:0009018$$4033,lymphocyte of large intestine lamina propria,CT,large_intestine,CL:0009018
CL:0000235$$4034,macrophage,CT,large_intestine,CL:0000235
CL:0002138$$4035,endothelial cell of lymphatic vessel,CT,large_intestine,CL:0002138
CL:0002652$$4036,endothelial cell of high endothelial venule,CT,large_intestine,CL:0002652
CL:0000786$$4037,plasma cell,CT,large_intestine,CL:0000786
CL:0000041$$4038,mature eosinophil,CT,large_intestine,CL:0000041
CL:0000097$$4039,mast cell,CT,large_intestine,CL:0000097
CL:0000096$$4040,mature neutrophil,CT,large_intestine,CL:0000096
CL:0000451$$4041,dendritic cell,CT,large_intestine,CL:0000451
UBERON:0007178$$4042,muscularis mucosae of colon,AS,large_intestine,UBERON:0007178
CL:0000057$$4043,fibroblast,CT,large_intestine,CL:0000057
CL:0002573$$4044,Schwann cell,CT,large_intestine,CL:0002573
CL:0002144$$4045,capillary endothelial cell,CT,large_intestine,CL:0002144
CL:0002138$$4046,endothelial cell of lymphatic vessel,CT,large_intestine,CL:0002138
CL:0000669$$4047,pericyte,CT,large_intestine,CL:0000669
UBERON:0004927,submucosa of cecum,AS,large_intestine,UBERON:0004927
CL:0000136$$4048,fat cell,CT,large_intestine,CL:0000136
CL:0000057$$4049,fibroblast,CT,large_intestine,CL:0000057
CL:0002573$$4050,Schwann cell,CT,large_intestine,CL:0002573
CL:1000412$$4051,endothelial cell of arteriole,CT,large_intestine,CL:1000412
CL:1000414$$4052,endothelial cell of venule,CT,large_intestine,CL:1000414
CL:0002138$$4053,endothelial cell of lymphatic vessel,CT,large_intestine,CL:0002138
CL:0000669$$4054,pericyte,CT,large_intestine,CL:0000669
UBERON:0001962$$4055,gut-associated lymphoid tissue,AS,large_intestine,UBERON:0001962
CL:0009018$$4056,lymphocyte of large intestine lamina propria,CT,large_intestine,CL:0009018
CL:0000235$$4057,macrophage,CT,large_intestine,CL:0000235
CL:0000451$$4058,dendritic cell,CT,large_intestine,CL:0000451
CL:0002138$$4059,endothelial cell of lymphatic vessel,CT,large_intestine,CL:0002138
CL:0002652$$4060,endothelial cell of high endothelial venule,CT,large_intestine,CL:0002652
CL:0000669$$4061,pericyte,CT,large_intestine,CL:0000669
CL:0000682$$4062,M cell of gut,CT,large_intestine,CL:0000682
UBERON:0005304$$4063,submucous nerve plexus,AS,large_intestine,UBERON:0005304
CL:0002573$$4064,Schwann cell,CT,large_intestine,CL:0002573
ASCTB-TEMP:ganglion$$4065,ganglion,CT,large_intestine,ASCTB-TEMP:ganglion
UBERON:0003331$$4066,submucosa,AS,large_intestine,UBERON:0003331
CL:0002088$$4067,interstitial cell of Cajal,CT,large_intestine,CL:0002088
UBERON:0012489$$4068,muscle layer of colon,AS,large_intestine,UBERON:0012489
UBERON:0012398$$4069,circular muscle layer,AS,large_intestine,UBERON:0012398
CL:1000279$$4070,smooth muscle cell of large intestine,CT,large_intestine,CL:1000279
CL:0000057$$4071,fibroblast,CT,large_intestine,CL:0000057
CL:0002573$$4072,Schwann cell,CT,large_intestine,CL:0002573
CL:1000412$$4073,endothelial cell of arteriole,CT,large_intestine,CL:1000412
CL:1000414$$4074,endothelial cell of venule,CT,large_intestine,CL:1000414
CL:0002138$$4075,endothelial cell of lymphatic vessel,CT,large_intestine,CL:0002138
CL:0000669$$4076,pericyte,CT,large_intestine,CL:0000669
UBERON:0002439$$4077,myenteric nerve plexus,AS,large_intestine,UBERON:0002439
CL:0002088$$4078,interstitial cell of Cajal,CT,large_intestine,CL:0002088
ASCTB-TEMP:ganglion$$4079,ganglion,CT,large_intestine,ASCTB-TEMP:ganglion
CL:0002573$$4080,Schwann cell,CT,large_intestine,CL:0002573
CL:0000057$$4081,fibroblast,CT,large_intestine,CL:0000057
CL:1000412$$4082,endothelial cell of arteriole,CT,large_intestine,CL:1000412
CL:1000414$$4083,endothelial cell of venule,CT,large_intestine,CL:1000414
CL:0002138$$4084,endothelial cell of lymphatic vessel,CT,large_intestine,CL:0002138
CL:0000669$$4085,pericyte,CT,large_intestine,CL:0000669
UBERON:0012399$$4086,large intestine smooth muscle longitudinal layer,AS,large_intestine,UBERON:0012399
CL:1000279$$4087,smooth muscle cell of large intestine,CT,large_intestine,CL:1000279
CL:0000057$$4088,fibroblast,CT,large_intestine,CL:0000057
CL:0002573$$4089,Schwann cell,CT,large_intestine,CL:0002573
CL:1000412$$4090,endothelial cell of arteriole,CT,large_intestine,CL:1000412
CL:1000414$$4091,endothelial cell of venule,CT,large_intestine,CL:1000414
CL:0002138$$4092,endothelial cell of lymphatic vessel,CT,large_intestine,CL:0002138
CL:0000669$$4093,pericyte,CT,large_intestine,CL:0000669
UBERON:0012375$$4094,subserosa,AS,large_intestine,UBERON:0012375
UBERON:0012375$$4095,subserosa,AS,large_intestine,UBERON:0012375
CL:0000057$$4096,fibroblast,CT,large_intestine,CL:0000057
CL:0002573$$4097,Schwann cell,CT,large_intestine,CL:0002573
CL:1000412$$4098,endothelial cell of arteriole,CT,large_intestine,CL:1000412
CL:1000414$$4099,endothelial cell of venule,CT,large_intestine,CL:1000414
CL:0002138$$4100,endothelial cell of lymphatic vessel,CT,large_intestine,CL:0002138
CL:0000136$$4101,fat cell,CT,large_intestine,CL:0000136
CL:0000669$$4102,pericyte,CT,large_intestine,CL:0000669
UBERON:0003335$$4103,serosa of colon,AS,large_intestine,UBERON:0003335
UBERON:0003335$$4104,serosa,AS,large_intestine,UBERON:0003335
CL:1000457$$4105,mesothelial cell of visceral peritoneum,CT,large_intestine,CL:1000457
UBERON:0001154,vermiform appendix,AS,large_intestine,UBERON:0001154
UBERON:0004989,mucosa of appendix,AS,large_intestine,UBERON:0004989
UBERON:0000397$$4106,colonic epithelium,AS,large_intestine,UBERON:0000397
CL:0002071$$4107,enterocyte of epithelium of large intestine,CT,large_intestine,CL:0002071
CL:1000321$$4108,large intestine crypt goblet cell,CT,large_intestine,CL:1000321
UBERON:0001984$$4109,crypt of Lieberkuhn of large intestine,AS,large_intestine,UBERON:0001984
UBERON:0011184$$4110,epithelium of crypt of Lieberkuhn,AS,large_intestine,UBERON:0011184
CL:0009016$$4111,intestinal crypt stem cell of large intestine,CT,large_intestine,CL:0009016
CL:0009009$$4112,Paneth,CT,large_intestine,CL:0009009
CL:0000165$$4113,neuroendocrine,CT,large_intestine,CL:0000165
CL:0002071$$4114,enterocyte of epithelium of large intestine,CT,large_intestine,CL:0002071
CL:1000321$$4115,large intestine crypt goblet cell,CT,large_intestine,CL:1000321
CL:0009011$$4116,transit amplifying cell of colon,CT,large_intestine,CL:0009011
CL:0019032$$4117,tuft cell,CT,large_intestine,CL:0019032
CL:0000915$$4118,"CD8-alpha-alpha-positive, alpha-beta intraepithelial T cell",CT,large_intestine,CL:0000915
CL:0000802$$4119,"CD8-alpha alpha positive, gamma-delta intraepithelial T cell",CT,large_intestine,CL:0000802
CL:0000796$$4120,"CD8-alpha-beta-positive, alpha-beta intraepithelial T cell",CT,large_intestine,CL:0000796
CL:0000793$$4121,"CD4-positive, alpha-beta intraepithelial T cell",CT,large_intestine,CL:0000793
CL:0000935$$4122,"CD4-negative, CD8-negative, alpha-beta intraepithelial T cell",CT,large_intestine,CL:0000935
UBERON:0013485,crypt of Lieberkuhn of colon,AS,large_intestine,UBERON:0013485
CL:0000041$$4123,mature eosinophil,CT,large_intestine,CL:0000041
UBERON:0007177$$4124,lamina propria,AS,large_intestine,UBERON:0007177
ASCTB-TEMP:subepithelial-membrane$$4125,subepithelial membrane,CT,large_intestine,ASCTB-TEMP:subepithelial-membrane
ASCTB-TEMP:pericryptal-fibroblastic-sheath$$4126,pericryptal fibroblastic sheath,CT,large_intestine,ASCTB-TEMP:pericryptal-fibroblastic-sheath
CL:0002144$$4127,capillary endothelial cell,CT,large_intestine,CL:0002144
CL:0002138$$4128,endothelial cell of lymphatic vessel,CT,large_intestine,CL:0002138
CL:0000669$$4129,pericyte,CT,large_intestine,CL:0000669
CL:0000186$$4130,myofibroblast cell,CT,large_intestine,CL:0000186
CL:0000057$$4131,fibroblast,CT,large_intestine,CL:0000057
CL:0002573$$4132,Schwann cell,CT,large_intestine,CL:0002573
ASCTB-TEMP:ganglion$$4133,ganglion,CT,large_intestine,ASCTB-TEMP:ganglion
CL:0000165$$4134,neuroendocrine cell,CT,large_intestine,CL:0000165
UBERON:0001962$$4135,gut-associated lymphoid tissue,AS,large_intestine,UBERON:0001962
CL:0000682$$4136,M cell of gut,CT,large_intestine,CL:0000682
CL:0009018$$4137,lymphocyte of large intestine lamina propria,CT,large_intestine,CL:0009018
CL:0000235$$4138,macrophage,CT,large_intestine,CL:0000235
CL:0002138$$4139,endothelial cell of lymphatic vessel,CT,large_intestine,CL:0002138
CL:0002652$$4140,endothelial cell of high endothelial venule,CT,large_intestine,CL:0002652
CL:0000786$$4141,plasma cell,CT,large_intestine,CL:0000786
CL:0000041$$4142,mature eosinophil,CT,large_intestine,CL:0000041
CL:0000097$$4143,mast cell,CT,large_intestine,CL:0000097
CL:0000096$$4144,mature neutrophil,CT,large_intestine,CL:0000096
CL:0000451$$4145,dendritic cell,CT,large_intestine,CL:0000451
UBERON:0007178$$4146,muscularis mucosae of colon,AS,large_intestine,UBERON:0007178
UBERON:0007178$$4147,muscularis mucosae of colon,AS,large_intestine,UBERON:0007178
CL:0000057$$4148,fibroblast,CT,large_intestine,CL:0000057
CL:0002573$$4149,Schwann cell,CT,large_intestine,CL:0002573
CL:0002144$$4150,capillary endothelial cell,CT,large_intestine,CL:0002144
CL:0002138$$4151,endothelial cell of lymphatic vessel,CT,large_intestine,CL:0002138
CL:0000669$$4152,pericyte,CT,large_intestine,CL:0000669
UBERON:0004928,submucosa of appendix,AS,large_intestine,UBERON:0004928
UBERON:0003331$$4153,submucosa of colon,AS,large_intestine,UBERON:0003331
CL:0000136$$4154,fat cell,CT,large_intestine,CL:0000136
CL:0000057$$4155,fibroblast,CT,large_intestine,CL:0000057
CL:0002573$$4156,Schwann cell,CT,large_intestine,CL:0002573
CL:1000412$$4157,endothelial cell of arteriole,CT,large_intestine,CL:1000412
CL:1000414$$4158,endothelial cell of venule,CT,large_intestine,CL:1000414
CL:0002138$$4159,endothelial cell of lymphatic vessel,CT,large_intestine,CL:0002138
CL:0000669$$4160,pericyte,CT,large_intestine,CL:0000669
UBERON:0001962$$4161,gut-associated lymphoid tissue,AS,large_intestine,UBERON:0001962
CL:0009018$$4162,lymphocyte of large intestine lamina propria,CT,large_intestine,CL:0009018
CL:0000235$$4163,macrophage,CT,large_intestine,CL:0000235
CL:0000451$$4164,dendritic cell,CT,large_intestine,CL:0000451
CL:0002138$$4165,endothelial cell of lymphatic vessel,CT,large_intestine,CL:0002138
CL:0002652$$4166,endothelial cell of high endothelial venule,CT,large_intestine,CL:0002652
CL:0000669$$4167,pericyte,CT,large_intestine,CL:0000669
CL:0000682$$4168,M cell of gut,CT,large_intestine,CL:0000682
UBERON:0005304$$4169,submucous nerve plexus,AS,large_intestine,UBERON:0005304
CL:0002573$$4170,Schwann cell,CT,large_intestine,CL:0002573
ASCTB-TEMP:ganglion$$4171,ganglion,CT,large_intestine,ASCTB-TEMP:ganglion
UBERON:0003331$$4172,submucosa of colon,AS,large_intestine,UBERON:0003331
UBERON:0003331$$4173,submucosa,AS,large_intestine,UBERON:0003331
CL:0002088$$4174,interstitial cell of Cajal,CT,large_intestine,CL:0002088
UBERON:0012489$$4175,muscle layer of colon,AS,large_intestine,UBERON:0012489
UBERON:0012398$$4176,large intestine smooth muscle circular layer,AS,large_intestine,UBERON:0012398
CL:1000279$$4177,smooth muscle cell of large intestine,CT,large_intestine,CL:1000279
CL:0000057$$4178,fibroblast,CT,large_intestine,CL:0000057
CL:0002573$$4179,Schwann cell,CT,large_intestine,CL:0002573
CL:1000412$$4180,endothelial cell of arteriole,CT,large_intestine,CL:1000412
CL:1000414$$4181,endothelial cell of venule,CT,large_intestine,CL:1000414
CL:0002138$$4182,endothelial cell of lymphatic vessel,CT,large_intestine,CL:0002138
CL:0000669$$4183,pericyte,CT,large_intestine,CL:0000669
UBERON:0002439$$4184,myenteric nerve plexus,AS,large_intestine,UBERON:0002439
CL:0002088$$4185,interstitial cell of Cajal,CT,large_intestine,CL:0002088
ASCTB-TEMP:ganglion$$4186,ganglion,CT,large_intestine,ASCTB-TEMP:ganglion
CL:0002573$$4187,Schwann cell,CT,large_intestine,CL:0002573
CL:0000057$$4188,fibroblast,CT,large_intestine,CL:0000057
CL:1000412$$4189,endothelial cell of arteriole,CT,large_intestine,CL:1000412
CL:1000414$$4190,endothelial cell of venule,CT,large_intestine,CL:1000414
CL:0002138$$4191,endothelial cell of lymphatic vessel,CT,large_intestine,CL:0002138
CL:0000669$$4192,pericyte,CT,large_intestine,CL:0000669
UBERON:0012399$$4193,large intestine smooth muscle longitudinal layer,AS,large_intestine,UBERON:0012399
CL:1000279$$4194,smooth muscle cell of large intestine,CT,large_intestine,CL:1000279
CL:0000057$$4195,fibroblast,CT,large_intestine,CL:0000057
CL:0002573$$4196,Schwann cell,CT,large_intestine,CL:0002573
CL:1000412$$4197,endothelial cell of arteriole,CT,large_intestine,CL:1000412
CL:1000414$$4198,endothelial cell of venule,CT,large_intestine,CL:1000414
CL:0002138$$4199,endothelial cell of lymphatic vessel,CT,large_intestine,CL:0002138
CL:0000669$$4200,pericyte,CT,large_intestine,CL:0000669
UBERON:0012375$$4201,subserosa,AS,large_intestine,UBERON:0012375
UBERON:0012375$$4202,subserosa,AS,large_intestine,UBERON:0012375
CL:0000057$$4203,fibroblast,CT,large_intestine,CL:0000057
CL:0002573$$4204,Schwann cell,CT,large_intestine,CL:0002573
CL:1000412$$4205,endothelial cell of arteriole,CT,large_intestine,CL:1000412
CL:1000414$$4206,endothelial cell of venule,CT,large_intestine,CL:1000414
CL:0002138$$4207,endothelial cell of lymphatic vessel,CT,large_intestine,CL:0002138
CL:0000136$$4208,fat cell,CT,large_intestine,CL:0000136
CL:0000669$$4209,pericyte,CT,large_intestine,CL:0000669
UBERON:0012498,serosa of appendix,AS,large_intestine,UBERON:0012498
UBERON:0003335$$4210,serosa,AS,large_intestine,UBERON:0003335
CL:1000457$$4211,mesothelial cell of visceral peritoneum,CT,large_intestine,CL:1000457
UBERON:0001156,ascending colon,AS,large_intestine,UBERON:0001156
UBERON:0004990,mucosa of ascending colon,AS,large_intestine,UBERON:0004990
UBERON:0000397$$4212,colonic epithelium,AS,large_intestine,UBERON:0000397
CL:0002071$$4213,enterocyte of epithelium of large intestine,CT,large_intestine,CL:0002071
CL:1000321$$4214,large intestine crypt goblet cell,CT,large_intestine,CL:1000321
UBERON:0001984$$4215,crypt of Lieberkuhn of large intestine,AS,large_intestine,UBERON:0001984
UBERON:0011184$$4216,epithelium of crypt of Lieberkuhn,AS,large_intestine,UBERON:0011184
CL:0009016$$4217,intestinal crypt stem cell of large intestine,CT,large_intestine,CL:0009016
CL:0009009$$4218,Paneth,CT,large_intestine,CL:0009009
CL:0000165$$4219,neuroendocrine,CT,large_intestine,CL:0000165
CL:0002071$$4220,enterocyte of epithelium of large intestine,CT,large_intestine,CL:0002071
CL:1000321$$4221,large intestine crypt goblet cell,CT,large_intestine,CL:1000321
CL:0009011$$4222,transit amplifying cell of colon,CT,large_intestine,CL:0009011
CL:0019032$$4223,tuft cell,CT,large_intestine,CL:0019032
UBERON:0000317$$4224,colonic mucosa,AS,large_intestine,UBERON:0000317
UBERON:0000397$$4225,colonic epithelium,AS,large_intestine,UBERON:0000397
CL:0000915$$4226,"CD8-alpha-alpha-positive, alpha-beta intraepithelial T cell",CT,large_intestine,CL:0000915
CL:0000802$$4227,"CD8-alpha alpha positive, gamma-delta intraepithelial T cell",CT,large_intestine,CL:0000802
CL:0000796$$4228,"CD8-alpha-beta-positive, alpha-beta intraepithelial T cell",CT,large_intestine,CL:0000796
CL:0000793$$4229,"CD4-positive, alpha-beta intraepithelial T cell",CT,large_intestine,CL:0000793
CL:0000935$$4230,"CD4-negative, CD8-negative, alpha-beta intraepithelial T cell",CT,large_intestine,CL:0000935
UBERON:0007177$$4231,lamina propria,AS,large_intestine,UBERON:0007177
ASCTB-TEMP:subepithelial-membrane$$4232,subepithelial membrane,CT,large_intestine,ASCTB-TEMP:subepithelial-membrane
ASCTB-TEMP:pericryptal-fibroblastic-sheath$$4233,pericryptal fibroblastic sheath,CT,large_intestine,ASCTB-TEMP:pericryptal-fibroblastic-sheath
CL:0002144$$4234,capillary endothelial cell,CT,large_intestine,CL:0002144
CL:0002138$$4235,endothelial cell of lymphatic vessel,CT,large_intestine,CL:0002138
CL:0000669$$4236,pericyte,CT,large_intestine,CL:0000669
CL:0000186$$4237,myofibroblast cell,CT,large_intestine,CL:0000186
CL:0000057$$4238,fibroblast,CT,large_intestine,CL:0000057
CL:0002573$$4239,Schwann cell,CT,large_intestine,CL:0002573
ASCTB-TEMP:ganglion$$4240,ganglion,CT,large_intestine,ASCTB-TEMP:ganglion
CL:0000165$$4241,neuroendocrine cell,CT,large_intestine,CL:0000165
UBERON:0001962$$4242,gut-associated lymphoid tissue,AS,large_intestine,UBERON:0001962
CL:0000682$$4243,M cell of gut,CT,large_intestine,CL:0000682
CL:0009018$$4244,lymphocyte of large intestine lamina propria,CT,large_intestine,CL:0009018
CL:0000235$$4245,macrophage,CT,large_intestine,CL:0000235
CL:0002138$$4246,endothelial cell of lymphatic vessel,CT,large_intestine,CL:0002138
CL:0002652$$4247,endothelial cell of high endothelial venule,CT,large_intestine,CL:0002652
CL:0000786$$4248,plasma cell,CT,large_intestine,CL:0000786
CL:0000041$$4249,mature eosinophil,CT,large_intestine,CL:0000041
CL:0000097$$4250,mast cell,CT,large_intestine,CL:0000097
CL:0000096$$4251,mature neutrophil,CT,large_intestine,CL:0000096
CL:0000451$$4252,dendritic cell,CT,large_intestine,CL:0000451
UBERON:0007178$$4253,muscularis mucosae of colon,AS,large_intestine,UBERON:0007178
UBERON:0007178$$4254,muscularis mucosae of colon,AS,large_intestine,UBERON:0007178
CL:0000057$$4255,fibroblast,CT,large_intestine,CL:0000057
CL:0002573$$4256,Schwann cell,CT,large_intestine,CL:0002573
CL:0002144$$4257,capillary endothelial cell,CT,large_intestine,CL:0002144
CL:0002138$$4258,endothelial cell of lymphatic vessel,CT,large_intestine,CL:0002138
CL:0000669$$4259,pericyte,CT,large_intestine,CL:0000669
UBERON:0003331$$4260,submucosa of colon,AS,large_intestine,UBERON:0003331
UBERON:0003331$$4261,submucosa of colon,AS,large_intestine,UBERON:0003331
CL:0000136$$4262,fat cell,CT,large_intestine,CL:0000136
CL:0000057$$4263,fibroblast,CT,large_intestine,CL:0000057
CL:0002573$$4264,Schwann cell,CT,large_intestine,CL:0002573
CL:1000412$$4265,endothelial cell of arteriole,CT,large_intestine,CL:1000412
CL:1000414$$4266,endothelial cell of venule,CT,large_intestine,CL:1000414
CL:0002138$$4267,endothelial cell of lymphatic vessel,CT,large_intestine,CL:0002138
CL:0000669$$4268,pericyte,CT,large_intestine,CL:0000669
UBERON:0001962$$4269,gut-associated lymphoid tissue,AS,large_intestine,UBERON:0001962
CL:0009018$$4270,lymphocyte of large intestine lamina propria,CT,large_intestine,CL:0009018
CL:0000235$$4271,macrophage,CT,large_intestine,CL:0000235
CL:0000451$$4272,dendritic cell,CT,large_intestine,CL:0000451
CL:0002138$$4273,endothelial cell of lymphatic vessel,CT,large_intestine,CL:0002138
CL:0002652$$4274,endothelial cell of high endothelial venule,CT,large_intestine,CL:0002652
CL:0000669$$4275,pericyte,CT,large_intestine,CL:0000669
CL:0000682$$4276,M cell of gut,CT,large_intestine,CL:0000682
UBERON:0005304$$4277,submucous nerve plexus,AS,large_intestine,UBERON:0005304
CL:0002573$$4278,Schwann cell,CT,large_intestine,CL:0002573
ASCTB-TEMP:ganglion$$4279,ganglion,CT,large_intestine,ASCTB-TEMP:ganglion
CL:0002088$$4280,interstitial cell of Cajal,CT,large_intestine,CL:0002088
UBERON:0012489$$4281,muscle layer of colon,AS,large_intestine,UBERON:0012489
UBERON:0012398$$4282,circular muscle layer,AS,large_intestine,UBERON:0012398
CL:1000279$$4283,smooth muscle cell of large intestine,CT,large_intestine,CL:1000279
CL:0000057$$4284,fibroblast,CT,large_intestine,CL:0000057
CL:0002573$$4285,Schwann cell,CT,large_intestine,CL:0002573
CL:1000412$$4286,endothelial cell of arteriole,CT,large_intestine,CL:1000412
CL:1000414$$4287,endothelial cell of venule,CT,large_intestine,CL:1000414
CL:0002138$$4288,endothelial cell of lymphatic vessel,CT,large_intestine,CL:0002138
CL:0000669$$4289,pericyte,CT,large_intestine,CL:0000669
UBERON:0002439$$4290,myenteric nerve plexus,AS,large_intestine,UBERON:0002439
CL:0002088$$4291,interstitial cell of Cajal,CT,large_intestine,CL:0002088
ASCTB-TEMP:ganglion$$4292,ganglion,CT,large_intestine,ASCTB-TEMP:ganglion
CL:0002573$$4293,Schwann cell,CT,large_intestine,CL:0002573
CL:0000057$$4294,fibroblast,CT,large_intestine,CL:0000057
CL:1000412$$4295,endothelial cell of arteriole,CT,large_intestine,CL:1000412
CL:1000414$$4296,endothelial cell of venule,CT,large_intestine,CL:1000414
CL:0002138$$4297,endothelial cell of lymphatic vessel,CT,large_intestine,CL:0002138
CL:0000669$$4298,pericyte,CT,large_intestine,CL:0000669
UBERON:0012399$$4299,large intestine smooth muscle longitudinal layer,AS,large_intestine,UBERON:0012399
CL:1000279$$4300,smooth muscle cell of large intestine,CT,large_intestine,CL:1000279
CL:0000057$$4301,fibroblast,CT,large_intestine,CL:0000057
CL:0002573$$4302,Schwann cell,CT,large_intestine,CL:0002573
CL:1000412$$4303,endothelial cell of arteriole,CT,large_intestine,CL:1000412
CL:1000414$$4304,endothelial cell of venule,CT,large_intestine,CL:1000414
CL:0002138$$4305,endothelial cell of lymphatic vessel,CT,large_intestine,CL:0002138
CL:0000669$$4306,pericyte,CT,large_intestine,CL:0000669
UBERON:0012375$$4307,subserosa,AS,large_intestine,UBERON:0012375
UBERON:0012375$$4308,subserosa,AS,large_intestine,UBERON:0012375
CL:0000057$$4309,fibroblast,CT,large_intestine,CL:0000057
CL:0002573$$4310,Schwann cell,CT,large_intestine,CL:0002573
CL:1000412$$4311,endothelial cell of arteriole,CT,large_intestine,CL:1000412
CL:1000414$$4312,endothelial cell of venule,CT,large_intestine,CL:1000414
CL:0002138$$4313,endothelial cell of lymphatic vessel,CT,large_intestine,CL:0002138
CL:0000136$$4314,fat cell,CT,large_intestine,CL:0000136
CL:0000669$$4315,pericyte,CT,large_intestine,CL:0000669
UBERON:0012419,taenia coli,AS,large_intestine,UBERON:0012419
ASCTB-TEMP:mesocolic-coli,mesocolic coli,AS,large_intestine,ASCTB-TEMP:mesocolic-coli
CL:0000192,smooth muscle cell,CT,large_intestine,CL:0000192
ASCTB-TEMP:free-coli,free coli,AS,large_intestine,ASCTB-TEMP:free-coli
CL:0000192$$4316,smooth muscle cell,CT,large_intestine,CL:0000192
ASCTB-TEMP:omental-coli,omental coli,AS,large_intestine,ASCTB-TEMP:omental-coli
CL:0000192$$4317,smooth muscle cell,CT,large_intestine,CL:0000192
UBERON:0003335$$4318,serosa,AS,large_intestine,UBERON:0003335
UBERON:0003335$$4319,serosa,AS,large_intestine,UBERON:0003335
CL:1000457$$4320,mesothelial cell of visceral peritoneum,CT,large_intestine,CL:1000457
UBERON:0022277,hepatic flexure of colon,AS,large_intestine,UBERON:0022277
UBERON:0000317$$4321,colonic mucosa,AS,large_intestine,UBERON:0000317
UBERON:0000397$$4322,colonic epithelium,AS,large_intestine,UBERON:0000397
CL:0002071$$4323,enterocyte of epithelium of large intestine,CT,large_intestine,CL:0002071
CL:1000321$$4324,large intestine crypt goblet cell,CT,large_intestine,CL:1000321
UBERON:0001984$$4325,crypt of Lieberkuhn of large intestine,AS,large_intestine,UBERON:0001984
UBERON:0011184$$4326,epithelium of crypt of Lieberkuhn,AS,large_intestine,UBERON:0011184
CL:0009016$$4327,intestinal crypt stem cell of large intestine,CT,large_intestine,CL:0009016
CL:0009009$$4328,Paneth,CT,large_intestine,CL:0009009
CL:0000165$$4329,neuroendocrine,CT,large_intestine,CL:0000165
CL:0002071$$4330,enterocyte of epithelium of large intestine,CT,large_intestine,CL:0002071
CL:1000321$$4331,large intestine crypt goblet cell,CT,large_intestine,CL:1000321
CL:0009011$$4332,transit amplifying cell of colon,CT,large_intestine,CL:0009011
CL:0019032$$4333,tuft cell,CT,large_intestine,CL:0019032
CL:0000915$$4334,"CD8-alpha-alpha-positive, alpha-beta intraepithelial T cell",CT,large_intestine,CL:0000915
CL:0000802$$4335,"CD8-alpha alpha positive, gamma-delta intraepithelial T cell",CT,large_intestine,CL:0000802
CL:0000796$$4336,"CD8-alpha-beta-positive, alpha-beta intraepithelial T cell",CT,large_intestine,CL:0000796
CL:0000793$$4337,"CD4-positive, alpha-beta intraepithelial T cell",CT,large_intestine,CL:0000793
CL:0000935$$4338,"CD4-negative, CD8-negative, alpha-beta intraepithelial T cell",CT,large_intestine,CL:0000935
UBERON:0007177$$4339,lamina propria,AS,large_intestine,UBERON:0007177
ASCTB-TEMP:subepithelial-membrane$$4340,subepithelial membrane,CT,large_intestine,ASCTB-TEMP:subepithelial-membrane
ASCTB-TEMP:pericryptal-fibroblastic-sheath$$4341,pericryptal fibroblastic sheath,CT,large_intestine,ASCTB-TEMP:pericryptal-fibroblastic-sheath
CL:0002144$$4342,capillary endothelial cell,CT,large_intestine,CL:0002144
CL:0002138$$4343,endothelial cell of lymphatic vessel,CT,large_intestine,CL:0002138
CL:0000669$$4344,pericyte,CT,large_intestine,CL:0000669
CL:0000186$$4345,myofibroblast cell,CT,large_intestine,CL:0000186
CL:0000057$$4346,fibroblast,CT,large_intestine,CL:0000057
CL:0002573$$4347,Schwann cell,CT,large_intestine,CL:0002573
ASCTB-TEMP:ganglion$$4348,ganglion,CT,large_intestine,ASCTB-TEMP:ganglion
CL:0000165$$4349,neuroendocrine cell,CT,large_intestine,CL:0000165
UBERON:0001962$$4350,gut-associated lymphoid tissue,AS,large_intestine,UBERON:0001962
CL:0000682$$4351,M cell of gut,CT,large_intestine,CL:0000682
CL:0009018$$4352,B cell,CT,large_intestine,CL:0009018
CL:0000235$$4353,macrophage,CT,large_intestine,CL:0000235
CL:0002138$$4354,endothelial cell of lymphatic vessel,CT,large_intestine,CL:0002138
CL:0002652$$4355,endothelial cell of high endothelial venule,CT,large_intestine,CL:0002652
CL:0000786$$4356,plasma cell,CT,large_intestine,CL:0000786
CL:0000041$$4357,mature eosinophil,CT,large_intestine,CL:0000041
CL:0000097$$4358,mast cell,CT,large_intestine,CL:0000097
CL:0000096$$4359,mature neutrophil,CT,large_intestine,CL:0000096
CL:0000451$$4360,dendritic cell,CT,large_intestine,CL:0000451
UBERON:0007178$$4361,muscularis mucosae of colon,AS,large_intestine,UBERON:0007178
UBERON:0007178$$4362,muscularis mucosae of colon,AS,large_intestine,UBERON:0007178
CL:0000057$$4363,fibroblast,CT,large_intestine,CL:0000057
CL:0002573$$4364,Schwann cell,CT,large_intestine,CL:0002573
CL:0002144$$4365,capillary endothelial cell,CT,large_intestine,CL:0002144
CL:0002138$$4366,endothelial cell of lymphatic vessel,CT,large_intestine,CL:0002138
CL:0000669$$4367,pericyte,CT,large_intestine,CL:0000669
UBERON:0003331$$4368,submucosa of colon,AS,large_intestine,UBERON:0003331
UBERON:0003331$$4369,submucosa of colon,AS,large_intestine,UBERON:0003331
CL:0000136$$4370,fat cell,CT,large_intestine,CL:0000136
CL:0000057$$4371,fibroblast,CT,large_intestine,CL:0000057
CL:0002573$$4372,Schwann cell,CT,large_intestine,CL:0002573
CL:1000412$$4373,endothelial cell of arteriole,CT,large_intestine,CL:1000412
CL:1000414$$4374,endothelial cell of venule,CT,large_intestine,CL:1000414
CL:0002138$$4375,endothelial cell of lymphatic vessel,CT,large_intestine,CL:0002138
CL:0000669$$4376,pericyte,CT,large_intestine,CL:0000669
UBERON:0001962$$4377,gut-associated lymphoid tissue,AS,large_intestine,UBERON:0001962
CL:0009018$$4378,lymphocyte of large intestine lamina propria,CT,large_intestine,CL:0009018
CL:0000235$$4379,macrophage,CT,large_intestine,CL:0000235
CL:0000451$$4380,dendritic cell,CT,large_intestine,CL:0000451
CL:0002138$$4381,endothelial cell of lymphatic vessel,CT,large_intestine,CL:0002138
CL:0002652$$4382,endothelial cell of high endothelial venule,CT,large_intestine,CL:0002652
CL:0000669$$4383,pericyte,CT,large_intestine,CL:0000669
CL:0000682$$4384,M cell of gut,CT,large_intestine,CL:0000682
UBERON:0005304$$4385,submucous nerve plexus,AS,large_intestine,UBERON:0005304
CL:0002573$$4386,Schwann cell,CT,large_intestine,CL:0002573
ASCTB-TEMP:ganglion$$4387,ganglion,CT,large_intestine,ASCTB-TEMP:ganglion
CL:0002088$$4388,interstitial cell of Cajal,CT,large_intestine,CL:0002088
UBERON:0012489$$4389,muscle layer of colon,AS,large_intestine,UBERON:0012489
UBERON:0012398$$4390,circular muscle layer,AS,large_intestine,UBERON:0012398
CL:1000279$$4391,smooth muscle cell of large intestine,CT,large_intestine,CL:1000279
CL:0000057$$4392,fibroblast,CT,large_intestine,CL:0000057
CL:0002573$$4393,Schwann cell,CT,large_intestine,CL:0002573
CL:1000412$$4394,endothelial cell of arteriole,CT,large_intestine,CL:1000412
CL:1000414$$4395,endothelial cell of venule,CT,large_intestine,CL:1000414
CL:0002138$$4396,endothelial cell of lymphatic vessel,CT,large_intestine,CL:0002138
CL:0000669$$4397,pericyte,CT,large_intestine,CL:0000669
UBERON:0002439$$4398,myenteric nerve plexus,AS,large_intestine,UBERON:0002439
CL:0002088$$4399,interstitial cell of Cajal,CT,large_intestine,CL:0002088
ASCTB-TEMP:ganglion$$4400,ganglion,CT,large_intestine,ASCTB-TEMP:ganglion
CL:0002573$$4401,Schwann cell,CT,large_intestine,CL:0002573
CL:0000057$$4402,fibroblast,CT,large_intestine,CL:0000057
CL:1000412$$4403,endothelial cell of arteriole,CT,large_intestine,CL:1000412
CL:1000414$$4404,endothelial cell of venule,CT,large_intestine,CL:1000414
CL:0002138$$4405,endothelial cell of lymphatic vessel,CT,large_intestine,CL:0002138
CL:0000669$$4406,pericyte,CT,large_intestine,CL:0000669
UBERON:0012399$$4407,large intestine smooth muscle longitudinal layer,AS,large_intestine,UBERON:0012399
CL:1000279$$4408,smooth muscle cell of large intestine,CT,large_intestine,CL:1000279
CL:0000057$$4409,fibroblast,CT,large_intestine,CL:0000057
CL:0002573$$4410,Schwann cell,CT,large_intestine,CL:0002573
CL:1000412$$4411,endothelial cell of arteriole,CT,large_intestine,CL:1000412
CL:1000414$$4412,endothelial cell of venule,CT,large_intestine,CL:1000414
CL:0002138$$4413,endothelial cell of lymphatic vessel,CT,large_intestine,CL:0002138
CL:0000669$$4414,pericyte,CT,large_intestine,CL:0000669
UBERON:0012375$$4415,subserosa,AS,large_intestine,UBERON:0012375
UBERON:0012375$$4416,subserosa,AS,large_intestine,UBERON:0012375
CL:0000057$$4417,fibroblast,CT,large_intestine,CL:0000057
CL:0002573$$4418,Schwann cell,CT,large_intestine,CL:0002573
CL:1000412$$4419,endothelial cell of arteriole,CT,large_intestine,CL:1000412
CL:1000414$$4420,endothelial cell of venule,CT,large_intestine,CL:1000414
CL:0002138$$4421,endothelial cell of lymphatic vessel,CT,large_intestine,CL:0002138
CL:0000136$$4422,fat cell,CT,large_intestine,CL:0000136
CL:0000669$$4423,pericyte,CT,large_intestine,CL:0000669
UBERON:0012419$$4424,taenia coli,AS,large_intestine,UBERON:0012419
ASCTB-TEMP:mesocolic-coli$$4425,mesocolic coli,AS,large_intestine,ASCTB-TEMP:mesocolic-coli
CL:0000192$$4426,smooth muscle cell,CT,large_intestine,CL:0000192
ASCTB-TEMP:free-coli$$4427,free coli,AS,large_intestine,ASCTB-TEMP:free-coli
CL:0000192$$4428,smooth muscle cell,CT,large_intestine,CL:0000192
ASCTB-TEMP:omental-coli$$4429,omental coli,AS,large_intestine,ASCTB-TEMP:omental-coli
CL:0000192$$4430,smooth muscle cell,CT,large_intestine,CL:0000192
UBERON:0003335$$4431,serosa,AS,large_intestine,UBERON:0003335
UBERON:0003335$$4432,serosa,AS,large_intestine,UBERON:0003335
CL:1000457$$4433,mesothelial cell of visceral peritoneum,CT,large_intestine,CL:1000457
UBERON:0001157,transverse colon,AS,large_intestine,UBERON:0001157
UBERON:0004991,mucosa of transverse colon,AS,large_intestine,UBERON:0004991
UBERON:0000397$$4434,colonic epithelium,AS,large_intestine,UBERON:0000397
CL:0002071$$4435,enterocyte of epithelium of large intestine,CT,large_intestine,CL:0002071
CL:1000321$$4436,large intestine crypt goblet cell,CT,large_intestine,CL:1000321
UBERON:0001984$$4437,crypt of Lieberkuhn of large intestine,AS,large_intestine,UBERON:0001984
UBERON:0011184$$4438,epithelium of crypt of Lieberkuhn,AS,large_intestine,UBERON:0011184
CL:0009016$$4439,intestinal crypt stem cell of large intestine,CT,large_intestine,CL:0009016
CL:0009009$$4440,Paneth,CT,large_intestine,CL:0009009
CL:0000165$$4441,neuroendocrine,CT,large_intestine,CL:0000165
CL:0002071$$4442,enterocyte of epithelium of large intestine,CT,large_intestine,CL:0002071
CL:1000321$$4443,large intestine crypt goblet cell,CT,large_intestine,CL:1000321
CL:0009011$$4444,transit amplifying cell of colon,CT,large_intestine,CL:0009011
CL:0019032$$4445,tuft cell,CT,large_intestine,CL:0019032
CL:0000915$$4446,"CD8-alpha-alpha-positive, alpha-beta intraepithelial T cell",CT,large_intestine,CL:0000915
CL:0000802$$4447,"CD8-alpha alpha positive, gamma-delta intraepithelial T cell",CT,large_intestine,CL:0000802
CL:0000796$$4448,"CD8-alpha-beta-positive, alpha-beta intraepithelial T cell",CT,large_intestine,CL:0000796
CL:0000793$$4449,"CD4-positive, alpha-beta intraepithelial T cell",CT,large_intestine,CL:0000793
CL:0000935$$4450,"CD4-negative, CD8-negative, alpha-beta intraepithelial T cell",CT,large_intestine,CL:0000935
UBERON:0007177$$4451,lamina propria,AS,large_intestine,UBERON:0007177
ASCTB-TEMP:subepithelial-membrane$$4452,subepithelial membrane,CT,large_intestine,ASCTB-TEMP:subepithelial-membrane
ASCTB-TEMP:pericryptal-fibroblastic-sheath$$4453,pericryptal fibroblastic sheath,CT,large_intestine,ASCTB-TEMP:pericryptal-fibroblastic-sheath
CL:0002144$$4454,capillary endothelial cell,CT,large_intestine,CL:0002144
CL:0002138$$4455,endothelial cell of lymphatic vessel,CT,large_intestine,CL:0002138
CL:0000669$$4456,pericyte,CT,large_intestine,CL:0000669
CL:0000186$$4457,myofibroblast cell,CT,large_intestine,CL:0000186
CL:0000057$$4458,fibroblast,CT,large_intestine,CL:0000057
CL:0002573$$4459,Schwann cell,CT,large_intestine,CL:0002573
ASCTB-TEMP:ganglion$$4460,ganglion,CT,large_intestine,ASCTB-TEMP:ganglion
CL:0000165$$4461,neuroendocrine cell,CT,large_intestine,CL:0000165
UBERON:0001962$$4462,gut-associated lymphoid tissue,AS,large_intestine,UBERON:0001962
CL:0000682$$4463,M cell of gut,CT,large_intestine,CL:0000682
CL:0009018$$4464,lymphocyte of large intestine lamina propria,CT,large_intestine,CL:0009018
CL:0000235$$4465,macrophage,CT,large_intestine,CL:0000235
CL:0002138$$4466,endothelial cell of lymphatic vessel,CT,large_intestine,CL:0002138
CL:0002652$$4467,endothelial cell of high endothelial venule,CT,large_intestine,CL:0002652
CL:0000786$$4468,plasma cell,CT,large_intestine,CL:0000786
CL:0000041$$4469,mature eosinophil,CT,large_intestine,CL:0000041
CL:0000097$$4470,mast cell,CT,large_intestine,CL:0000097
CL:0000096$$4471,mature neutrophil,CT,large_intestine,CL:0000096
CL:0000451$$4472,dendritic cell,CT,large_intestine,CL:0000451
UBERON:0007178$$4473,muscularis mucosae of colon,AS,large_intestine,UBERON:0007178
UBERON:0007178$$4474,muscularis mucosae of colon,AS,large_intestine,UBERON:0007178
CL:0000057$$4475,fibroblast,CT,large_intestine,CL:0000057
CL:0002573$$4476,Schwann cell,CT,large_intestine,CL:0002573
CL:0002144$$4477,capillary endothelial cell,CT,large_intestine,CL:0002144
CL:0002138$$4478,endothelial cell of lymphatic vessel,CT,large_intestine,CL:0002138
CL:0000669$$4479,pericyte,CT,large_intestine,CL:0000669
UBERON:0003331$$4480,submucosa of colon,AS,large_intestine,UBERON:0003331
UBERON:0003331$$4481,submucosa of colon,AS,large_intestine,UBERON:0003331
CL:0000136$$4482,fat cell,CT,large_intestine,CL:0000136
CL:0000057$$4483,fibroblast,CT,large_intestine,CL:0000057
CL:0002573$$4484,Schwann cell,CT,large_intestine,CL:0002573
CL:1000412$$4485,endothelial cell of arteriole,CT,large_intestine,CL:1000412
CL:1000414$$4486,endothelial cell of venule,CT,large_intestine,CL:1000414
CL:0002138$$4487,endothelial cell of lymphatic vessel,CT,large_intestine,CL:0002138
CL:0000669$$4488,pericyte,CT,large_intestine,CL:0000669
UBERON:0001962$$4489,gut-associated lymphoid tissue,AS,large_intestine,UBERON:0001962
CL:0009018$$4490,lymphocyte of large intestine lamina propria,CT,large_intestine,CL:0009018
CL:0000235$$4491,macrophage,CT,large_intestine,CL:0000235
CL:0000451$$4492,dendritic cell,CT,large_intestine,CL:0000451
CL:0002138$$4493,endothelial cell of lymphatic vessel,CT,large_intestine,CL:0002138
CL:0002652$$4494,endothelial cell of high endothelial venule,CT,large_intestine,CL:0002652
CL:0000669$$4495,pericyte,CT,large_intestine,CL:0000669
CL:0000682$$4496,M cell of gut,CT,large_intestine,CL:0000682
UBERON:0005304$$4497,submucous nerve plexus,AS,large_intestine,UBERON:0005304
CL:0002573$$4498,Schwann cell,CT,large_intestine,CL:0002573
ASCTB-TEMP:ganglion$$4499,ganglion,CT,large_intestine,ASCTB-TEMP:ganglion
CL:0002088$$4500,interstitial cell of Cajal,CT,large_intestine,CL:0002088
UBERON:0012489$$4501,muscle layer of colon,AS,large_intestine,UBERON:0012489
UBERON:0012398$$4502,circular muscle layer,AS,large_intestine,UBERON:0012398
CL:1000279$$4503,smooth muscle cell of large intestine,CT,large_intestine,CL:1000279
CL:0000057$$4504,fibroblast,CT,large_intestine,CL:0000057
CL:0002573$$4505,Schwann cell,CT,large_intestine,CL:0002573
CL:1000412$$4506,endothelial cell of arteriole,CT,large_intestine,CL:1000412
CL:1000414$$4507,endothelial cell of venule,CT,large_intestine,CL:1000414
CL:0002138$$4508,endothelial cell of lymphatic vessel,CT,large_intestine,CL:0002138
CL:0000669$$4509,pericyte,CT,large_intestine,CL:0000669
UBERON:0002439$$4510,myenteric nerve plexus,AS,large_intestine,UBERON:0002439
CL:0002088$$4511,interstitial cell of Cajal,CT,large_intestine,CL:0002088
ASCTB-TEMP:ganglion$$4512,ganglion,CT,large_intestine,ASCTB-TEMP:ganglion
CL:0002573$$4513,Schwann cell,CT,large_intestine,CL:0002573
CL:0000057$$4514,fibroblast,CT,large_intestine,CL:0000057
CL:1000412$$4515,endothelial cell of arteriole,CT,large_intestine,CL:1000412
CL:1000414$$4516,endothelial cell of venule,CT,large_intestine,CL:1000414
CL:0002138$$4517,endothelial cell of lymphatic vessel,CT,large_intestine,CL:0002138
CL:0000669$$4518,pericyte,CT,large_intestine,CL:0000669
UBERON:0012399$$4519,large intestine smooth muscle longitudinal layer,AS,large_intestine,UBERON:0012399
CL:1000279$$4520,smooth muscle cell of large intestine,CT,large_intestine,CL:1000279
CL:0000057$$4521,fibroblast,CT,large_intestine,CL:0000057
CL:0002573$$4522,Schwann cell,CT,large_intestine,CL:0002573
CL:1000412$$4523,endothelial cell of arteriole,CT,large_intestine,CL:1000412
CL:1000414$$4524,endothelial cell of venule,CT,large_intestine,CL:1000414
CL:0002138$$4525,endothelial cell of lymphatic vessel,CT,large_intestine,CL:0002138
CL:0000669$$4526,pericyte,CT,large_intestine,CL:0000669
UBERON:0012375$$4527,subserosa,AS,large_intestine,UBERON:0012375
UBERON:0012375$$4528,subserosa,AS,large_intestine,UBERON:0012375
CL:0000057$$4529,fibroblast,CT,large_intestine,CL:0000057
CL:0002573$$4530,Schwann cell,CT,large_intestine,CL:0002573
CL:1000412$$4531,endothelial cell of arteriole,CT,large_intestine,CL:1000412
CL:1000414$$4532,endothelial cell of venule,CT,large_intestine,CL:1000414
CL:0002138$$4533,endothelial cell of lymphatic vessel,CT,large_intestine,CL:0002138
CL:0000136$$4534,fat cell,CT,large_intestine,CL:0000136
CL:0000669$$4535,pericyte,CT,large_intestine,CL:0000669
UBERON:0012419$$4536,taenia coli,AS,large_intestine,UBERON:0012419
ASCTB-TEMP:mesocolic-coli$$4537,mesocolic coli,AS,large_intestine,ASCTB-TEMP:mesocolic-coli
CL:0000192$$4538,smooth muscle cell,CT,large_intestine,CL:0000192
ASCTB-TEMP:free-coli$$4539,free coli,AS,large_intestine,ASCTB-TEMP:free-coli
CL:0000192$$4540,smooth muscle cell,CT,large_intestine,CL:0000192
ASCTB-TEMP:omental-coli$$4541,omental coli,AS,large_intestine,ASCTB-TEMP:omental-coli
CL:0000192$$4542,smooth muscle cell,CT,large_intestine,CL:0000192
UBERON:0003335$$4543,serosa,AS,large_intestine,UBERON:0003335
UBERON:0003335$$4544,serosa,AS,large_intestine,UBERON:0003335
CL:1000457$$4545,mesothelial cell of visceral peritoneum,CT,large_intestine,CL:1000457
UBERON:0022276,splenic flexure of colon,AS,large_intestine,UBERON:0022276
UBERON:0000317$$4546,colonic mucosa,AS,large_intestine,UBERON:0000317
UBERON:0000397$$4547,colonic epithelium,AS,large_intestine,UBERON:0000397
CL:0002071$$4548,enterocyte of epithelium of large intestine,CT,large_intestine,CL:0002071
CL:1000321$$4549,large intestine crypt goblet cell,CT,large_intestine,CL:1000321
UBERON:0001984$$4550,crypt of Lieberkuhn of large intestine,AS,large_intestine,UBERON:0001984
UBERON:0011184$$4551,epithelium of crypt of Lieberkuhn,AS,large_intestine,UBERON:0011184
CL:0009016$$4552,intestinal crypt stem cell of large intestine,CT,large_intestine,CL:0009016
CL:0009009$$4553,Paneth,CT,large_intestine,CL:0009009
CL:0000165$$4554,neuroendocrine,CT,large_intestine,CL:0000165
CL:0002071$$4555,enterocyte of epithelium of large intestine,CT,large_intestine,CL:0002071
CL:1000321$$4556,large intestine crypt goblet cell,CT,large_intestine,CL:1000321
CL:0009011$$4557,transit amplifying cell of colon,CT,large_intestine,CL:0009011
CL:0019032$$4558,tuft cell,CT,large_intestine,CL:0019032
CL:0000915$$4559,"CD8-alpha-alpha-positive, alpha-beta intraepithelial T cell",CT,large_intestine,CL:0000915
CL:0000802$$4560,"CD8-alpha alpha positive, gamma-delta intraepithelial T cell",CT,large_intestine,CL:0000802
CL:0000796$$4561,"CD8-alpha-beta-positive, alpha-beta intraepithelial T cell",CT,large_intestine,CL:0000796
CL:0000793$$4562,"CD4-positive, alpha-beta intraepithelial T cell",CT,large_intestine,CL:0000793
CL:0000935$$4563,"CD4-negative, CD8-negative, alpha-beta intraepithelial T cell",CT,large_intestine,CL:0000935
UBERON:0007177$$4564,lamina propria,AS,large_intestine,UBERON:0007177
ASCTB-TEMP:subepithelial-membrane$$4565,subepithelial membrane,CT,large_intestine,ASCTB-TEMP:subepithelial-membrane
ASCTB-TEMP:pericryptal-fibroblastic-sheath$$4566,pericryptal fibroblastic sheath,CT,large_intestine,ASCTB-TEMP:pericryptal-fibroblastic-sheath
CL:0002144$$4567,capillary endothelial cell,CT,large_intestine,CL:0002144
CL:0002138$$4568,endothelial cell of lymphatic vessel,CT,large_intestine,CL:0002138
CL:0000669$$4569,pericyte,CT,large_intestine,CL:0000669
CL:0000186$$4570,myofibroblast cell,CT,large_intestine,CL:0000186
CL:0000057$$4571,fibroblast,CT,large_intestine,CL:0000057
CL:0002573$$4572,Schwann cell,CT,large_intestine,CL:0002573
ASCTB-TEMP:ganglion$$4573,ganglion,CT,large_intestine,ASCTB-TEMP:ganglion
CL:0000165$$4574,neuroendocrine cell,CT,large_intestine,CL:0000165
UBERON:0001962$$4575,gut-associated lymphoid tissue,AS,large_intestine,UBERON:0001962
CL:0000682$$4576,M cell of gut,CT,large_intestine,CL:0000682
CL:0009018$$4577,lymphocyte of large intestine lamina propria,CT,large_intestine,CL:0009018
CL:0000235$$4578,macrophage,CT,large_intestine,CL:0000235
CL:0002138$$4579,endothelial cell of lymphatic vessel,CT,large_intestine,CL:0002138
CL:0002652$$4580,endothelial cell of high endothelial venule,CT,large_intestine,CL:0002652
CL:0000786$$4581,plasma cell,CT,large_intestine,CL:0000786
CL:0000041$$4582,mature eosinophil,CT,large_intestine,CL:0000041
CL:0000097$$4583,mast cell,CT,large_intestine,CL:0000097
CL:0000096$$4584,mature neutrophil,CT,large_intestine,CL:0000096
CL:0000451$$4585,dendritic cell,CT,large_intestine,CL:0000451
UBERON:0007178$$4586,muscularis mucosae of colon,AS,large_intestine,UBERON:0007178
UBERON:0007178$$4587,muscularis mucosae of colon,AS,large_intestine,UBERON:0007178
CL:0000057$$4588,fibroblast,CT,large_intestine,CL:0000057
CL:0002573$$4589,Schwann cell,CT,large_intestine,CL:0002573
CL:0002144$$4590,capillary endothelial cell,CT,large_intestine,CL:0002144
CL:0002138$$4591,endothelial cell of lymphatic vessel,CT,large_intestine,CL:0002138
CL:0000669$$4592,pericyte,CT,large_intestine,CL:0000669
UBERON:0003331$$4593,submucosa of colon,AS,large_intestine,UBERON:0003331
UBERON:0003331$$4594,submucosa of colon,AS,large_intestine,UBERON:0003331
CL:0000136$$4595,fat cell,CT,large_intestine,CL:0000136
CL:0000057$$4596,fibroblast,CT,large_intestine,CL:0000057
CL:0002573$$4597,Schwann cell,CT,large_intestine,CL:0002573
CL:1000412$$4598,endothelial cell of arteriole,CT,large_intestine,CL:1000412
CL:1000414$$4599,endothelial cell of venule,CT,large_intestine,CL:1000414
CL:0002138$$4600,endothelial cell of lymphatic vessel,CT,large_intestine,CL:0002138
CL:0000669$$4601,pericyte,CT,large_intestine,CL:0000669
UBERON:0001962$$4602,gut-associated lymphoid tissue,AS,large_intestine,UBERON:0001962
CL:0009018$$4603,lymphocyte of large intestine lamina propria,CT,large_intestine,CL:0009018
CL:0000235$$4604,macrophage,CT,large_intestine,CL:0000235
CL:0000451$$4605,dendritic cell,CT,large_intestine,CL:0000451
CL:0002138$$4606,endothelial cell of lymphatic vessel,CT,large_intestine,CL:0002138
CL:0002652$$4607,endothelial cell of high endothelial venule,CT,large_intestine,CL:0002652
CL:0000669$$4608,pericyte,CT,large_intestine,CL:0000669
CL:0000682$$4609,M cell of gut,CT,large_intestine,CL:0000682
UBERON:0005304$$4610,submucous nerve plexus,AS,large_intestine,UBERON:0005304
CL:0002573$$4611,Schwann cell,CT,large_intestine,CL:0002573
ASCTB-TEMP:ganglion$$4612,ganglion,CT,large_intestine,ASCTB-TEMP:ganglion
CL:0002088$$4613,interstitial cell of Cajal,CT,large_intestine,CL:0002088
UBERON:0012489$$4614,muscle layer of colon,AS,large_intestine,UBERON:0012489
UBERON:0012398$$4615,large intestine smooth muscle circular layer,AS,large_intestine,UBERON:0012398
CL:1000279$$4616,smooth muscle cell of large intestine,CT,large_intestine,CL:1000279
CL:0000057$$4617,fibroblast,CT,large_intestine,CL:0000057
CL:0002573$$4618,Schwann cell,CT,large_intestine,CL:0002573
CL:1000412$$4619,endothelial cell of arteriole,CT,large_intestine,CL:1000412
CL:1000414$$4620,endothelial cell of venule,CT,large_intestine,CL:1000414
CL:0002138$$4621,endothelial cell of lymphatic vessel,CT,large_intestine,CL:0002138
CL:0000669$$4622,pericyte,CT,large_intestine,CL:0000669
UBERON:0002439$$4623,myenteric nerve plexus,AS,large_intestine,UBERON:0002439
CL:0002088$$4624,interstitial cell of Cajal,CT,large_intestine,CL:0002088
ASCTB-TEMP:ganglion$$4625,ganglion,CT,large_intestine,ASCTB-TEMP:ganglion
CL:0002573$$4626,Schwann cell,CT,large_intestine,CL:0002573
CL:0000057$$4627,fibroblast,CT,large_intestine,CL:0000057
CL:1000412$$4628,endothelial cell of arteriole,CT,large_intestine,CL:1000412
CL:1000414$$4629,endothelial cell of venule,CT,large_intestine,CL:1000414
CL:0002138$$4630,endothelial cell of lymphatic vessel,CT,large_intestine,CL:0002138
CL:0000669$$4631,pericyte,CT,large_intestine,CL:0000669
UBERON:0012399$$4632,large intestine smooth muscle longitudinal layer,AS,large_intestine,UBERON:0012399
CL:1000279$$4633,smooth muscle cell of large intestine,CT,large_intestine,CL:1000279
CL:0000057$$4634,fibroblast,CT,large_intestine,CL:0000057
CL:0002573$$4635,Schwann cell,CT,large_intestine,CL:0002573
CL:1000412$$4636,endothelial cell of arteriole,CT,large_intestine,CL:1000412
CL:1000414$$4637,endothelial cell of venule,CT,large_intestine,CL:1000414
CL:0002138$$4638,endothelial cell of lymphatic vessel,CT,large_intestine,CL:0002138
CL:0000669$$4639,pericyte,CT,large_intestine,CL:0000669
UBERON:0012375$$4640,subserosa,AS,large_intestine,UBERON:0012375
UBERON:0012375$$4641,subserosa,AS,large_intestine,UBERON:0012375
CL:0000057$$4642,fibroblast,CT,large_intestine,CL:0000057
CL:0002573$$4643,Schwann cell,CT,large_intestine,CL:0002573
CL:1000412$$4644,endothelial cell of arteriole,CT,large_intestine,CL:1000412
CL:1000414$$4645,endothelial cell of venule,CT,large_intestine,CL:1000414
CL:0002138$$4646,endothelial cell of lymphatic vessel,CT,large_intestine,CL:0002138
CL:0000136$$4647,fat cell,CT,large_intestine,CL:0000136
CL:0000669$$4648,pericyte,CT,large_intestine,CL:0000669
UBERON:0012419$$4649,taenia coli,AS,large_intestine,UBERON:0012419
ASCTB-TEMP:mesocolic-coli$$4650,mesocolic coli,AS,large_intestine,ASCTB-TEMP:mesocolic-coli
CL:0000192$$4651,smooth muscle cell,CT,large_intestine,CL:0000192
ASCTB-TEMP:free-coli$$4652,free coli,AS,large_intestine,ASCTB-TEMP:free-coli
CL:0000192$$4653,smooth muscle cell,CT,large_intestine,CL:0000192
ASCTB-TEMP:omental-coli$$4654,omental coli,AS,large_intestine,ASCTB-TEMP:omental-coli
CL:0000192$$4655,smooth muscle cell,CT,large_intestine,CL:0000192
UBERON:0003335$$4656,serosa,AS,large_intestine,UBERON:0003335
UBERON:0003335$$4657,serosa,AS,large_intestine,UBERON:0003335
CL:1000457$$4658,mesothelial cell of visceral peritoneum,CT,large_intestine,CL:1000457
UBERON:0001158,descending colon,AS,large_intestine,UBERON:0001158
UBERON:0004992,mucosa of descending colon,AS,large_intestine,UBERON:0004992
UBERON:0000397$$4659,colonic epithelium,AS,large_intestine,UBERON:0000397
CL:0002071$$4660,enterocyte of epithelium of large intestine,CT,large_intestine,CL:0002071
CL:1000321$$4661,large intestine crypt goblet cell,CT,large_intestine,CL:1000321
UBERON:0001984$$4662,crypt of Lieberkuhn of large intestine,AS,large_intestine,UBERON:0001984
UBERON:0011184$$4663,epithelium of crypt of Lieberkuhn,AS,large_intestine,UBERON:0011184
CL:0009016$$4664,intestinal crypt stem cell of large intestine,CT,large_intestine,CL:0009016
CL:0009009$$4665,Paneth,CT,large_intestine,CL:0009009
CL:0000165$$4666,neuroendocrine,CT,large_intestine,CL:0000165
CL:0002071$$4667,enterocyte of epithelium of large intestine,CT,large_intestine,CL:0002071
CL:1000321$$4668,large intestine crypt goblet cell,CT,large_intestine,CL:1000321
CL:0009011$$4669,transit amplifying cell of colon,CT,large_intestine,CL:0009011
CL:0019032$$4670,tuft cell,CT,large_intestine,CL:0019032
CL:0000915$$4671,"CD8-alpha-alpha-positive, alpha-beta intraepithelial T cell",CT,large_intestine,CL:0000915
CL:0000802$$4672,"CD8-alpha alpha positive, gamma-delta intraepithelial T cell",CT,large_intestine,CL:0000802
CL:0000796$$4673,"CD8-alpha-beta-positive, alpha-beta intraepithelial T cell",CT,large_intestine,CL:0000796
CL:0000793$$4674,"CD4-positive, alpha-beta intraepithelial T cell",CT,large_intestine,CL:0000793
CL:0000935$$4675,"CD4-negative, CD8-negative, alpha-beta intraepithelial T cell",CT,large_intestine,CL:0000935
UBERON:0007177$$4676,lamina propria,AS,large_intestine,UBERON:0007177
ASCTB-TEMP:subepithelial-membrane$$4677,subepithelial membrane,CT,large_intestine,ASCTB-TEMP:subepithelial-membrane
ASCTB-TEMP:pericryptal-fibroblastic-sheath$$4678,pericryptal fibroblastic sheath,CT,large_intestine,ASCTB-TEMP:pericryptal-fibroblastic-sheath
CL:0002144$$4679,capillary endothelial cell,CT,large_intestine,CL:0002144
CL:0002138$$4680,endothelial cell of lymphatic vessel,CT,large_intestine,CL:0002138
CL:0000669$$4681,pericyte,CT,large_intestine,CL:0000669
CL:0000186$$4682,myofibroblast cell,CT,large_intestine,CL:0000186
CL:0000057$$4683,fibroblast,CT,large_intestine,CL:0000057
CL:0002573$$4684,Schwann cell,CT,large_intestine,CL:0002573
ASCTB-TEMP:ganglion$$4685,ganglion,CT,large_intestine,ASCTB-TEMP:ganglion
CL:0000165$$4686,neuroendocrine cell,CT,large_intestine,CL:0000165
UBERON:0001962$$4687,gut-associated lymphoid tissue,AS,large_intestine,UBERON:0001962
CL:0000682$$4688,M cell of gut,CT,large_intestine,CL:0000682
CL:0009018$$4689,lymphocyte of large intestine lamina propria,CT,large_intestine,CL:0009018
CL:0000235$$4690,macrophage,CT,large_intestine,CL:0000235
CL:0002138$$4691,endothelial cell of lymphatic vessel,CT,large_intestine,CL:0002138
CL:0002652$$4692,endothelial cell of high endothelial venule,CT,large_intestine,CL:0002652
CL:0000786$$4693,plasma cell,CT,large_intestine,CL:0000786
CL:0000041$$4694,mature eosinophil,CT,large_intestine,CL:0000041
CL:0000097$$4695,mast cell,CT,large_intestine,CL:0000097
CL:0000096$$4696,mature neutrophil,CT,large_intestine,CL:0000096
CL:0000451$$4697,dendritic cell,CT,large_intestine,CL:0000451
UBERON:0007178$$4698,muscularis mucosae of colon,AS,large_intestine,UBERON:0007178
UBERON:0007178$$4699,muscularis mucosae of colon,AS,large_intestine,UBERON:0007178
CL:0000057$$4700,fibroblast,CT,large_intestine,CL:0000057
CL:0002573$$4701,Schwann cell,CT,large_intestine,CL:0002573
CL:0002144$$4702,capillary endothelial cell,CT,large_intestine,CL:0002144
CL:0002138$$4703,endothelial cell of lymphatic vessel,CT,large_intestine,CL:0002138
CL:0000669$$4704,pericyte,CT,large_intestine,CL:0000669
UBERON:0003331$$4705,submucosa of colon,AS,large_intestine,UBERON:0003331
UBERON:0003331$$4706,submucosa of colon,AS,large_intestine,UBERON:0003331
CL:0000136$$4707,fat cell,CT,large_intestine,CL:0000136
CL:0000057$$4708,fibroblast,CT,large_intestine,CL:0000057
CL:0002573$$4709,Schwann cell,CT,large_intestine,CL:0002573
CL:1000412$$4710,endothelial cell of arteriole,CT,large_intestine,CL:1000412
CL:1000414$$4711,endothelial cell of venule,CT,large_intestine,CL:1000414
CL:0002138$$4712,endothelial cell of lymphatic vessel,CT,large_intestine,CL:0002138
CL:0000669$$4713,pericyte,CT,large_intestine,CL:0000669
UBERON:0001962$$4714,gut-associated lymphoid tissue,AS,large_intestine,UBERON:0001962
CL:0009018$$4715,lymphocyte of large intestine lamina propria,CT,large_intestine,CL:0009018
CL:0000235$$4716,macrophage,CT,large_intestine,CL:0000235
CL:0000451$$4717,dendritic cell,CT,large_intestine,CL:0000451
CL:0002138$$4718,endothelial cell of lymphatic vessel,CT,large_intestine,CL:0002138
CL:0002652$$4719,endothelial cell of high endothelial venule,CT,large_intestine,CL:0002652
CL:0000669$$4720,pericyte,CT,large_intestine,CL:0000669
CL:0000682$$4721,M cell of gut,CT,large_intestine,CL:0000682
UBERON:0005304$$4722,submucous nerve plexus,AS,large_intestine,UBERON:0005304
CL:0002573$$4723,Schwann cell,CT,large_intestine,CL:0002573
ASCTB-TEMP:ganglion$$4724,ganglion,CT,large_intestine,ASCTB-TEMP:ganglion
CL:0002088$$4725,interstitial cell of Cajal,CT,large_intestine,CL:0002088
UBERON:0012489$$4726,muscle layer of colon,AS,large_intestine,UBERON:0012489
UBERON:0012398$$4727,circular muscle layer,AS,large_intestine,UBERON:0012398
CL:1000279$$4728,smooth muscle cell of large intestine,CT,large_intestine,CL:1000279
CL:0000057$$4729,fibroblast,CT,large_intestine,CL:0000057
CL:0002573$$4730,Schwann cell,CT,large_intestine,CL:0002573
CL:1000412$$4731,endothelial cell of arteriole,CT,large_intestine,CL:1000412
CL:1000414$$4732,endothelial cell of venule,CT,large_intestine,CL:1000414
CL:0002138$$4733,endothelial cell of lymphatic vessel,CT,large_intestine,CL:0002138
CL:0000669$$4734,pericyte,CT,large_intestine,CL:0000669
UBERON:0002439$$4735,myenteric nerve plexus,AS,large_intestine,UBERON:0002439
CL:0002088$$4736,interstitial cell of Cajal,CT,large_intestine,CL:0002088
ASCTB-TEMP:ganglion$$4737,ganglion,CT,large_intestine,ASCTB-TEMP:ganglion
CL:0002573$$4738,Schwann cell,CT,large_intestine,CL:0002573
CL:0000057$$4739,fibroblast,CT,large_intestine,CL:0000057
CL:1000412$$4740,endothelial cell of arteriole,CT,large_intestine,CL:1000412
CL:1000414$$4741,endothelial cell of venule,CT,large_intestine,CL:1000414
CL:0002138$$4742,endothelial cell of lymphatic vessel,CT,large_intestine,CL:0002138
CL:0000669$$4743,pericyte,CT,large_intestine,CL:0000669
UBERON:0012399$$4744,large intestine smooth muscle longitudinal layer,AS,large_intestine,UBERON:0012399
CL:1000279$$4745,smooth muscle cell of large intestine,CT,large_intestine,CL:1000279
CL:0000057$$4746,fibroblast,CT,large_intestine,CL:0000057
CL:0002573$$4747,Schwann cell,CT,large_intestine,CL:0002573
CL:1000412$$4748,endothelial cell of arteriole,CT,large_intestine,CL:1000412
CL:1000414$$4749,endothelial cell of venule,CT,large_intestine,CL:1000414
CL:0002138$$4750,endothelial cell of lymphatic vessel,CT,large_intestine,CL:0002138
CL:0000669$$4751,pericyte,CT,large_intestine,CL:0000669
UBERON:0012375$$4752,subserosa,AS,large_intestine,UBERON:0012375
UBERON:0012375$$4753,subserosa,AS,large_intestine,UBERON:0012375
CL:0000057$$4754,fibroblast,CT,large_intestine,CL:0000057
CL:0002573$$4755,Schwann cell,CT,large_intestine,CL:0002573
CL:1000412$$4756,endothelial cell of arteriole,CT,large_intestine,CL:1000412
CL:1000414$$4757,endothelial cell of venule,CT,large_intestine,CL:1000414
CL:0002138$$4758,endothelial cell of lymphatic vessel,CT,large_intestine,CL:0002138
CL:0000136$$4759,fat cell,CT,large_intestine,CL:0000136
CL:0000669$$4760,pericyte,CT,large_intestine,CL:0000669
UBERON:0012419$$4761,taenia coli,AS,large_intestine,UBERON:0012419
ASCTB-TEMP:mesocolic-coli$$4762,mesocolic coli,AS,large_intestine,ASCTB-TEMP:mesocolic-coli
CL:0000192$$4763,smooth muscle cell,CT,large_intestine,CL:0000192
ASCTB-TEMP:free-coli$$4764,free coli,AS,large_intestine,ASCTB-TEMP:free-coli
CL:0000192$$4765,smooth muscle cell,CT,large_intestine,CL:0000192
ASCTB-TEMP:omental-coli$$4766,omental coli,AS,large_intestine,ASCTB-TEMP:omental-coli
CL:0000192$$4767,smooth muscle cell,CT,large_intestine,CL:0000192
UBERON:0003335$$4768,serosa,AS,large_intestine,UBERON:0003335
UBERON:0003335$$4769,serosa,AS,large_intestine,UBERON:0003335
CL:1000457$$4770,mesothelial cell of visceral peritoneum,CT,large_intestine,CL:1000457
UBERON:0001159,sigmoid colon,AS,large_intestine,UBERON:0001159
UBERON:0004993,mucosa of sigmoid colon,AS,large_intestine,UBERON:0004993
UBERON:0000397$$4771,colonic epithelium,AS,large_intestine,UBERON:0000397
CL:0002071$$4772,enterocyte of epithelium of large intestine,CT,large_intestine,CL:0002071
CL:1000321$$4773,large intestine crypt goblet cell,CT,large_intestine,CL:1000321
UBERON:0001984$$4774,crypt of Lieberkuhn of large intestine,AS,large_intestine,UBERON:0001984
UBERON:0011184$$4775,epithelium of crypt of Lieberkuhn,AS,large_intestine,UBERON:0011184
CL:0009016$$4776,intestinal crypt stem cell of large intestine,CT,large_intestine,CL:0009016
CL:0009009$$4777,Paneth,CT,large_intestine,CL:0009009
CL:0000165$$4778,neuroendocrine,CT,large_intestine,CL:0000165
CL:0002071$$4779,enterocyte of epithelium of large intestine,CT,large_intestine,CL:0002071
CL:1000321$$4780,large intestine crypt goblet cell,CT,large_intestine,CL:1000321
CL:0009011$$4781,transit amplifying cell of colon,CT,large_intestine,CL:0009011
CL:0019032$$4782,tuft cell,CT,large_intestine,CL:0019032
CL:0000915$$4783,"CD8-alpha-alpha-positive, alpha-beta intraepithelial T cell",CT,large_intestine,CL:0000915
CL:0000802$$4784,"CD8-alpha alpha positive, gamma-delta intraepithelial T cell",CT,large_intestine,CL:0000802
CL:0000796$$4785,"CD8-alpha-beta-positive, alpha-beta intraepithelial T cell",CT,large_intestine,CL:0000796
CL:0000793$$4786,"CD4-positive, alpha-beta intraepithelial T cell",CT,large_intestine,CL:0000793
CL:0000935$$4787,"CD4-negative, CD8-negative, alpha-beta intraepithelial T cell",CT,large_intestine,CL:0000935
UBERON:0007177$$4788,lamina propria,AS,large_intestine,UBERON:0007177
ASCTB-TEMP:subepithelial-membrane$$4789,subepithelial membrane,CT,large_intestine,ASCTB-TEMP:subepithelial-membrane
ASCTB-TEMP:pericryptal-fibroblastic-sheath$$4790,pericryptal fibroblastic sheath,CT,large_intestine,ASCTB-TEMP:pericryptal-fibroblastic-sheath
CL:0002144$$4791,capillary endothelial cell,CT,large_intestine,CL:0002144
CL:0002138$$4792,endothelial cell of lymphatic vessel,CT,large_intestine,CL:0002138
CL:0000669$$4793,pericyte,CT,large_intestine,CL:0000669
CL:0000186$$4794,myofibroblast cell,CT,large_intestine,CL:0000186
CL:0000057$$4795,fibroblast,CT,large_intestine,CL:0000057
CL:0002573$$4796,Schwann cell,CT,large_intestine,CL:0002573
ASCTB-TEMP:ganglion$$4797,ganglion,CT,large_intestine,ASCTB-TEMP:ganglion
CL:0000165$$4798,neuroendocrine cell,CT,large_intestine,CL:0000165
UBERON:0001962$$4799,gut-associated lymphoid tissue,AS,large_intestine,UBERON:0001962
CL:0000682$$4800,M cell of gut,CT,large_intestine,CL:0000682
CL:0009018$$4801,lymphocyte of large intestine lamina propria,CT,large_intestine,CL:0009018
CL:0000235$$4802,macrophage,CT,large_intestine,CL:0000235
CL:0002138$$4803,endothelial cell of lymphatic vessel,CT,large_intestine,CL:0002138
CL:0002652$$4804,endothelial cell of high endothelial venule,CT,large_intestine,CL:0002652
CL:0000786$$4805,plasma cell,CT,large_intestine,CL:0000786
CL:0000041$$4806,mature eosinophil,CT,large_intestine,CL:0000041
CL:0000097$$4807,mast cell,CT,large_intestine,CL:0000097
CL:0000096$$4808,mature neutrophil,CT,large_intestine,CL:0000096
CL:0000451$$4809,dendritic cell,CT,large_intestine,CL:0000451
UBERON:0007178$$4810,muscularis mucosae of colon,AS,large_intestine,UBERON:0007178
CL:0000057$$4811,fibroblast,CT,large_intestine,CL:0000057
CL:0002573$$4812,Schwann cell,CT,large_intestine,CL:0002573
CL:0002144$$4813,capillary endothelial cell,CT,large_intestine,CL:0002144
CL:0002138$$4814,endothelial cell of lymphatic vessel,CT,large_intestine,CL:0002138
CL:0000669$$4815,pericyte,CT,large_intestine,CL:0000669
UBERON:0003331$$4816,submucosa of colon,AS,large_intestine,UBERON:0003331
CL:0000136$$4817,fat cell,CT,large_intestine,CL:0000136
CL:0000057$$4818,fibroblast,CT,large_intestine,CL:0000057
CL:0002573$$4819,Schwann cell,CT,large_intestine,CL:0002573
CL:1000412$$4820,endothelial cell of arteriole,CT,large_intestine,CL:1000412
CL:1000414$$4821,endothelial cell of venule,CT,large_intestine,CL:1000414
CL:0002138$$4822,endothelial cell of lymphatic vessel,CT,large_intestine,CL:0002138
CL:0000669$$4823,pericyte,CT,large_intestine,CL:0000669
CL:0000669$$4824,pericyte,CT,large_intestine,CL:0000669
UBERON:0005304$$4825,submucous nerve plexus,AS,large_intestine,UBERON:0005304
CL:0002573$$4826,Schwann cell,CT,large_intestine,CL:0002573
ASCTB-TEMP:ganglion$$4827,ganglion,CT,large_intestine,ASCTB-TEMP:ganglion
CL:0002088$$4828,interstitial cell of Cajal,CT,large_intestine,CL:0002088
UBERON:0012489$$4829,muscle layer of colon,AS,large_intestine,UBERON:0012489
UBERON:0012398$$4830,circular muscle layer,AS,large_intestine,UBERON:0012398
CL:1000279$$4831,smooth muscle cell of large intestine,CT,large_intestine,CL:1000279
CL:0000057$$4832,fibroblast,CT,large_intestine,CL:0000057
CL:0002573$$4833,Schwann cell,CT,large_intestine,CL:0002573
CL:1000412$$4834,endothelial cell of arteriole,CT,large_intestine,CL:1000412
CL:1000414$$4835,endothelial cell of venule,CT,large_intestine,CL:1000414
CL:0002138$$4836,endothelial cell of lymphatic vessel,CT,large_intestine,CL:0002138
CL:0000669$$4837,pericyte,CT,large_intestine,CL:0000669
UBERON:0002439$$4838,myenteric nerve plexus,AS,large_intestine,UBERON:0002439
CL:0002088$$4839,interstitial cell of Cajal,CT,large_intestine,CL:0002088
ASCTB-TEMP:ganglion$$4840,ganglion,CT,large_intestine,ASCTB-TEMP:ganglion
CL:0002573$$4841,Schwann cell,CT,large_intestine,CL:0002573
CL:0000057$$4842,fibroblast,CT,large_intestine,CL:0000057
CL:1000412$$4843,endothelial cell of arteriole,CT,large_intestine,CL:1000412
CL:1000414$$4844,endothelial cell of venule,CT,large_intestine,CL:1000414
CL:0002138$$4845,endothelial cell of lymphatic vessel,CT,large_intestine,CL:0002138
CL:0000669$$4846,pericyte,CT,large_intestine,CL:0000669
UBERON:0012399$$4847,large intestine smooth muscle longitudinal layer,AS,large_intestine,UBERON:0012399
CL:1000279$$4848,smooth muscle cell of large intestine,CT,large_intestine,CL:1000279
CL:0000057$$4849,fibroblast,CT,large_intestine,CL:0000057
CL:0002573$$4850,Schwann cell,CT,large_intestine,CL:0002573
CL:1000412$$4851,endothelial cell of arteriole,CT,large_intestine,CL:1000412
CL:1000414$$4852,endothelial cell of venule,CT,large_intestine,CL:1000414
CL:0002138$$4853,endothelial cell of lymphatic vessel,CT,large_intestine,CL:0002138
CL:0000669$$4854,pericyte,CT,large_intestine,CL:0000669
UBERON:0012375$$4855,subserosa,AS,large_intestine,UBERON:0012375
UBERON:0012375$$4856,subserosa,AS,large_intestine,UBERON:0012375
CL:0000057$$4857,fibroblast,CT,large_intestine,CL:0000057
CL:0002573$$4858,Schwann cell,CT,large_intestine,CL:0002573
CL:1000412$$4859,endothelial cell of arteriole,CT,large_intestine,CL:1000412
CL:1000414$$4860,endothelial cell of venule,CT,large_intestine,CL:1000414
CL:0002138$$4861,endothelial cell of lymphatic vessel,CT,large_intestine,CL:0002138
CL:0000136$$4862,fat cell,CT,large_intestine,CL:0000136
CL:0000669$$4863,pericyte,CT,large_intestine,CL:0000669
UBERON:0012419$$4864,taenia coli,AS,large_intestine,UBERON:0012419
ASCTB-TEMP:mesocolic-coli$$4865,mesocolic coli,AS,large_intestine,ASCTB-TEMP:mesocolic-coli
CL:0000192$$4866,smooth muscle cell,CT,large_intestine,CL:0000192
ASCTB-TEMP:free-coli$$4867,free coli,AS,large_intestine,ASCTB-TEMP:free-coli
CL:0000192$$4868,smooth muscle cell,CT,large_intestine,CL:0000192
ASCTB-TEMP:omental-coli$$4869,omental coli,AS,large_intestine,ASCTB-TEMP:omental-coli
CL:0000192$$4870,smooth muscle cell,CT,large_intestine,CL:0000192
UBERON:0003335$$4871,serosa,AS,large_intestine,UBERON:0003335
UBERON:0003335$$4872,serosa,AS,large_intestine,UBERON:0003335
CL:1000457$$4873,mesothelial cell of visceral peritoneum,CT,large_intestine,CL:1000457
UBERON:0001052,rectum,AS,large_intestine,UBERON:0001052
UBERON:0003346,mucosa of rectum,AS,large_intestine,UBERON:0003346
UBERON:0000397$$4874,colonic epithelium,AS,large_intestine,UBERON:0000397
CL:0002071$$4875,enterocyte of epithelium of large intestine,CT,large_intestine,CL:0002071
CL:1000321$$4876,large intestine crypt goblet cell,CT,large_intestine,CL:1000321
UBERON:0001984$$4877,crypt of Lieberkuhn of large intestine,AS,large_intestine,UBERON:0001984
UBERON:0011184$$4878,epithelium of crypt of Lieberkuhn,AS,large_intestine,UBERON:0011184
CL:0009016$$4879,intestinal crypt stem cell of large intestine,CT,large_intestine,CL:0009016
CL:0009009$$4880,Paneth,CT,large_intestine,CL:0009009
CL:0000165$$4881,neuroendocrine,CT,large_intestine,CL:0000165
CL:0002071$$4882,enterocyte of epithelium of large intestine,CT,large_intestine,CL:0002071
CL:1000321$$4883,large intestine crypt goblet cell,CT,large_intestine,CL:1000321
CL:0009011$$4884,transit amplifying cell of colon,CT,large_intestine,CL:0009011
CL:0019032$$4885,tuft cell,CT,large_intestine,CL:0019032
CL:0000915$$4886,"CD8-alpha-alpha-positive, alpha-beta intraepithelial T cell",CT,large_intestine,CL:0000915
CL:0000802$$4887,"CD8-alpha alpha positive, gamma-delta intraepithelial T cell",CT,large_intestine,CL:0000802
CL:0000796$$4888,"CD8-alpha-beta-positive, alpha-beta intraepithelial T cell",CT,large_intestine,CL:0000796
CL:0000793$$4889,"CD4-positive, alpha-beta intraepithelial T cell",CT,large_intestine,CL:0000793
UBERON:0007177$$4890,lamina propria,AS,large_intestine,UBERON:0007177
CL:0000935$$4891,"CD4-negative, CD8-negative, alpha-beta intraepithelial T cell",CT,large_intestine,CL:0000935
ASCTB-TEMP:subepithelial-membrane$$4892,subepithelial membrane,CT,large_intestine,ASCTB-TEMP:subepithelial-membrane
ASCTB-TEMP:pericryptal-fibroblastic-sheath$$4893,pericryptal fibroblastic sheath,CT,large_intestine,ASCTB-TEMP:pericryptal-fibroblastic-sheath
CL:0002144$$4894,capillary endothelial cell,CT,large_intestine,CL:0002144
CL:0002138$$4895,endothelial cell of lymphatic vessel,CT,large_intestine,CL:0002138
CL:0000669$$4896,pericyte,CT,large_intestine,CL:0000669
CL:0000186$$4897,myofibroblast cell,CT,large_intestine,CL:0000186
CL:0000057$$4898,fibroblast,CT,large_intestine,CL:0000057
CL:0002573$$4899,Schwann cell,CT,large_intestine,CL:0002573
ASCTB-TEMP:ganglion$$4900,ganglion,CT,large_intestine,ASCTB-TEMP:ganglion
CL:0000165$$4901,neuroendocrine cell,CT,large_intestine,CL:0000165
UBERON:0001962$$4902,gut-associated lymphoid tissue,AS,large_intestine,UBERON:0001962
CL:0000682$$4903,M cell of gut,CT,large_intestine,CL:0000682
CL:0009018$$4904,lymphocyte of large intestine lamina propria,CT,large_intestine,CL:0009018
CL:0000235$$4905,macrophage,CT,large_intestine,CL:0000235
CL:0002138$$4906,endothelial cell of lymphatic vessel,CT,large_intestine,CL:0002138
CL:0002652$$4907,endothelial cell of high endothelial venule,CT,large_intestine,CL:0002652
CL:0000786$$4908,plasma cell,CT,large_intestine,CL:0000786
CL:0000041$$4909,mature eosinophil,CT,large_intestine,CL:0000041
CL:0000097$$4910,mast cell,CT,large_intestine,CL:0000097
CL:0000096$$4911,mature neutrophil,CT,large_intestine,CL:0000096
CL:0000451$$4912,dendritic cell,CT,large_intestine,CL:0000451
UBERON:0007178$$4913,muscularis mucosae of colon,AS,large_intestine,UBERON:0007178
UBERON:0007178$$4914,muscularis mucosae of colon,AS,large_intestine,UBERON:0007178
CL:0000057$$4915,fibroblast,CT,large_intestine,CL:0000057
CL:0002573$$4916,Schwann cell,CT,large_intestine,CL:0002573
CL:0002144$$4917,capillary endothelial cell,CT,large_intestine,CL:0002144
CL:0002138$$4918,endothelial cell of lymphatic vessel,CT,large_intestine,CL:0002138
CL:0000669$$4919,pericyte,CT,large_intestine,CL:0000669
UBERON:0003331$$4920,submucosa of colon,AS,large_intestine,UBERON:0003331
UBERON:0003331$$4921,submucosa of colon,AS,large_intestine,UBERON:0003331
CL:0000136$$4922,fat cell,CT,large_intestine,CL:0000136
CL:0000057$$4923,fibroblast,CT,large_intestine,CL:0000057
CL:0002573$$4924,Schwann cell,CT,large_intestine,CL:0002573
CL:1000412$$4925,endothelial cell of arteriole,CT,large_intestine,CL:1000412
CL:1000414$$4926,endothelial cell of venule,CT,large_intestine,CL:1000414
CL:0002138$$4927,endothelial cell of lymphatic vessel,CT,large_intestine,CL:0002138
CL:0000669$$4928,pericyte,CT,large_intestine,CL:0000669
UBERON:0001962$$4929,gut-associated lymphoid tissue,AS,large_intestine,UBERON:0001962
CL:0009018$$4930,lymphocyte of large intestine lamina propria,CT,large_intestine,CL:0009018
CL:0000235$$4931,macrophage,CT,large_intestine,CL:0000235
CL:0000451$$4932,dendritic cell,CT,large_intestine,CL:0000451
CL:0002138$$4933,endothelial cell of lymphatic vessel,CT,large_intestine,CL:0002138
CL:0002652$$4934,endothelial cell of high endothelial venule,CT,large_intestine,CL:0002652
CL:0000669$$4935,pericyte,CT,large_intestine,CL:0000669
CL:0000682$$4936,M cell of gut,CT,large_intestine,CL:0000682
UBERON:0005304$$4937,submucous nerve plexus,AS,large_intestine,UBERON:0005304
CL:0002573$$4938,Schwann cell,CT,large_intestine,CL:0002573
ASCTB-TEMP:ganglion$$4939,ganglion,CT,large_intestine,ASCTB-TEMP:ganglion
CL:0002088$$4940,interstitial cell of Cajal,CT,large_intestine,CL:0002088
UBERON:0012489$$4941,muscle layer of colon,AS,large_intestine,UBERON:0012489
UBERON:0012398$$4942,circular muscle layer,AS,large_intestine,UBERON:0012398
CL:1000279$$4943,smooth muscle cell of large intestine,CT,large_intestine,CL:1000279
CL:0000057$$4944,fibroblast,CT,large_intestine,CL:0000057
CL:0002573$$4945,Schwann cell,CT,large_intestine,CL:0002573
CL:1000412$$4946,endothelial cell of arteriole,CT,large_intestine,CL:1000412
CL:1000414$$4947,endothelial cell of venule,CT,large_intestine,CL:1000414
CL:0002138$$4948,endothelial cell of lymphatic vessel,CT,large_intestine,CL:0002138
CL:0000669$$4949,pericyte,CT,large_intestine,CL:0000669
UBERON:0002439$$4950,myenteric nerve plexus,AS,large_intestine,UBERON:0002439
CL:0002088$$4951,interstitial cell of Cajal,CT,large_intestine,CL:0002088
ASCTB-TEMP:ganglion$$4952,ganglion,CT,large_intestine,ASCTB-TEMP:ganglion
CL:0002573$$4953,Schwann cell,CT,large_intestine,CL:0002573
CL:0000057$$4954,fibroblast,CT,large_intestine,CL:0000057
CL:1000412$$4955,endothelial cell of arteriole,CT,large_intestine,CL:1000412
CL:1000414$$4956,endothelial cell of venule,CT,large_intestine,CL:1000414
CL:0002138$$4957,endothelial cell of lymphatic vessel,CT,large_intestine,CL:0002138
CL:0000669$$4958,pericyte,CT,large_intestine,CL:0000669
UBERON:0012399$$4959,large intestine smooth muscle longitudinal layer,AS,large_intestine,UBERON:0012399
CL:1000279$$4960,smooth muscle cell of large intestine,CT,large_intestine,CL:1000279
CL:0000057$$4961,fibroblast,CT,large_intestine,CL:0000057
CL:0002573$$4962,Schwann cell,CT,large_intestine,CL:0002573
CL:1000412$$4963,endothelial cell of arteriole,CT,large_intestine,CL:1000412
CL:1000414$$4964,endothelial cell of venule,CT,large_intestine,CL:1000414
CL:0002138$$4965,endothelial cell of lymphatic vessel,CT,large_intestine,CL:0002138
CL:0000669$$4966,pericyte,CT,large_intestine,CL:0000669
UBERON:0012375$$4967,subserosa,AS,large_intestine,UBERON:0012375
UBERON:0012375$$4968,subserosa,AS,large_intestine,UBERON:0012375
CL:0000057$$4969,fibroblast,CT,large_intestine,CL:0000057
CL:0002573$$4970,Schwann cell,CT,large_intestine,CL:0002573
CL:1000412$$4971,endothelial cell of arteriole,CT,large_intestine,CL:1000412
CL:1000414$$4972,endothelial cell of venule,CT,large_intestine,CL:1000414
CL:0002138$$4973,endothelial cell of lymphatic vessel,CT,large_intestine,CL:0002138
CL:0000136$$4974,fat cell,CT,large_intestine,CL:0000136
CL:0000669$$4975,pericyte,CT,large_intestine,CL:0000669
UBERON:0003335$$4976,serosa,AS,large_intestine,UBERON:0003335
UBERON:0003335$$4977,serosa,AS,large_intestine,UBERON:0003335
CL:1000457$$4978,mesothelial cell of visceral peritoneum,CT,large_intestine,CL:1000457
UBERON:0000159,anal canal,AS,large_intestine,UBERON:0000159
UBERON:0003342,mucosa of anal canal,AS,large_intestine,UBERON:0003342
UBERON:0000397$$4979,colonic epithelium,AS,large_intestine,UBERON:0000397
CL:0002071$$4980,enterocyte of epithelium of large intestine,CT,large_intestine,CL:0002071
CL:1000321$$4981,large intestine crypt goblet cell,CT,large_intestine,CL:1000321
UBERON:0011184$$4982,epithelium of crypt of Lieberkuhn,AS,large_intestine,UBERON:0011184
CL:0009016$$4983,intestinal crypt stem cell of large intestine,CT,large_intestine,CL:0009016
CL:0009009$$4984,Paneth,CT,large_intestine,CL:0009009
CL:0000165$$4985,neuroendocrine,CT,large_intestine,CL:0000165
CL:0002071$$4986,enterocyte of epithelium of large intestine,CT,large_intestine,CL:0002071
CL:1000321$$4987,large intestine crypt goblet cell,CT,large_intestine,CL:1000321
CL:0009011$$4988,transit amplifying cell of colon,CT,large_intestine,CL:0009011
CL:0019032$$4989,tuft cell,CT,large_intestine,CL:0019032
CL:0000915$$4990,"CD8-alpha-alpha-positive, alpha-beta intraepithelial T cell",CT,large_intestine,CL:0000915
CL:0000802$$4991,"CD8-alpha alpha positive, gamma-delta intraepithelial T cell",CT,large_intestine,CL:0000802
CL:0000796$$4992,"CD8-alpha-beta-positive, alpha-beta intraepithelial T cell",CT,large_intestine,CL:0000796
CL:0000793$$4993,"CD4-positive, alpha-beta intraepithelial T cell",CT,large_intestine,CL:0000793
CL:0000935$$4994,"CD4-negative, CD8-negative, alpha-beta intraepithelial T cell",CT,large_intestine,CL:0000935
UBERON:0013485$$4995,crypt of Lieberkuhn of colon,AS,large_intestine,UBERON:0013485
CL:0000041$$4996,mature eosinophil,CT,large_intestine,CL:0000041
UBERON:0007177$$4997,lamina propria,AS,large_intestine,UBERON:0007177
ASCTB-TEMP:subepithelial-membrane$$4998,subepithelial membrane,CT,large_intestine,ASCTB-TEMP:subepithelial-membrane
ASCTB-TEMP:pericryptal-fibroblastic-sheath$$4999,pericryptal fibroblastic sheath,CT,large_intestine,ASCTB-TEMP:pericryptal-fibroblastic-sheath
CL:0002144$$5000,capillary endothelial cell,CT,large_intestine,CL:0002144
CL:0002138$$5001,endothelial cell of lymphatic vessel,CT,large_intestine,CL:0002138
CL:0000669$$5002,pericyte,CT,large_intestine,CL:0000669
CL:0000186$$5003,myofibroblast cell,CT,large_intestine,CL:0000186
CL:0000057$$5004,fibroblast,CT,large_intestine,CL:0000057
CL:0002573$$5005,Schwann cell,CT,large_intestine,CL:0002573
ASCTB-TEMP:ganglion$$5006,ganglion,CT,large_intestine,ASCTB-TEMP:ganglion
CL:0000165$$5007,neuroendocrine cell,CT,large_intestine,CL:0000165
UBERON:0001962$$5008,gut-associated lymphoid tissue,AS,large_intestine,UBERON:0001962
CL:0000682$$5009,M cell of gut,CT,large_intestine,CL:0000682
CL:0009018$$5010,lymphocyte of large intestine lamina propria,CT,large_intestine,CL:0009018
CL:0000235$$5011,macrophage,CT,large_intestine,CL:0000235
CL:0002138$$5012,endothelial cell of lymphatic vessel,CT,large_intestine,CL:0002138
CL:0002652$$5013,endothelial cell of high endothelial venule,CT,large_intestine,CL:0002652
CL:0000786$$5014,plasma cell,CT,large_intestine,CL:0000786
CL:0000041$$5015,mature eosinophil,CT,large_intestine,CL:0000041
CL:0000097$$5016,mast cell,CT,large_intestine,CL:0000097
CL:0000096$$5017,mature neutrophil,CT,large_intestine,CL:0000096
CL:0000451$$5018,dendritic cell,CT,large_intestine,CL:0000451
UBERON:0007178$$5019,muscularis mucosae of colon,AS,large_intestine,UBERON:0007178
UBERON:0007178$$5020,muscularis mucosae of colon,AS,large_intestine,UBERON:0007178
CL:0000057$$5021,fibroblast,CT,large_intestine,CL:0000057
CL:0002573$$5022,Schwann cell,CT,large_intestine,CL:0002573
CL:0002144$$5023,capillary endothelial cell,CT,large_intestine,CL:0002144
CL:0002138$$5024,endothelial cell of lymphatic vessel,CT,large_intestine,CL:0002138
CL:0000669$$5025,pericyte,CT,large_intestine,CL:0000669
UBERON:0003329,submucosa of anal canal,AS,large_intestine,UBERON:0003329
CL:0000136$$5026,fat cell,CT,large_intestine,CL:0000136
CL:0000057$$5027,fibroblast,CT,large_intestine,CL:0000057
CL:0002573$$5028,Schwann cell,CT,large_intestine,CL:0002573
CL:1000412$$5029,endothelial cell of arteriole,CT,large_intestine,CL:1000412
CL:1000414$$5030,endothelial cell of venule,CT,large_intestine,CL:1000414
CL:0002138$$5031,endothelial cell of lymphatic vessel,CT,large_intestine,CL:0002138
CL:0000669$$5032,pericyte,CT,large_intestine,CL:0000669
UBERON:0001962$$5033,gut-associated lymphoid tissue,AS,large_intestine,UBERON:0001962
CL:0009018$$5034,lymphocyte of large intestine lamina propria,CT,large_intestine,CL:0009018
CL:0000235$$5035,macrophage,CT,large_intestine,CL:0000235
CL:0000451$$5036,dendritic cell,CT,large_intestine,CL:0000451
CL:0002138$$5037,endothelial cell of lymphatic vessel,CT,large_intestine,CL:0002138
CL:0002652$$5038,endothelial cell of high endothelial venule,CT,large_intestine,CL:0002652
CL:0000669$$5039,pericyte,CT,large_intestine,CL:0000669
CL:0000682$$5040,M cell of gut,CT,large_intestine,CL:0000682
UBERON:0005304$$5041,submucous nerve plexus,AS,large_intestine,UBERON:0005304
CL:0002573$$5042,Schwann cell,CT,large_intestine,CL:0002573
ASCTB-TEMP:ganglion$$5043,ganglion,CT,large_intestine,ASCTB-TEMP:ganglion
UBERON:0003331$$5044,submucosa of colon,AS,large_intestine,UBERON:0003331
CL:0002088$$5045,interstitial cell of Cajal,CT,large_intestine,CL:0002088
UBERON:0012489$$5046,muscle layer of colon,AS,large_intestine,UBERON:0012489
UBERON:0012398$$5047,circular muscle layer,AS,large_intestine,UBERON:0012398
CL:1000279$$5048,smooth muscle cell of large intestine,CT,large_intestine,CL:1000279
CL:0000057$$5049,fibroblast,CT,large_intestine,CL:0000057
CL:0002573$$5050,Schwann cell,CT,large_intestine,CL:0002573
CL:1000412$$5051,endothelial cell of arteriole,CT,large_intestine,CL:1000412
CL:1000414$$5052,endothelial cell of venule,CT,large_intestine,CL:1000414
CL:0002138$$5053,endothelial cell of lymphatic vessel,CT,large_intestine,CL:0002138
CL:0000669$$5054,pericyte,CT,large_intestine,CL:0000669
UBERON:0002439$$5055,myenteric nerve plexus,AS,large_intestine,UBERON:0002439
CL:0002088$$5056,interstitial cell of Cajal,CT,large_intestine,CL:0002088
ASCTB-TEMP:ganglion$$5057,ganglion,CT,large_intestine,ASCTB-TEMP:ganglion
CL:0002573$$5058,Schwann cell,CT,large_intestine,CL:0002573
CL:0000057$$5059,fibroblast,CT,large_intestine,CL:0000057
CL:1000412$$5060,endothelial cell of arteriole,CT,large_intestine,CL:1000412
CL:1000414$$5061,endothelial cell of venule,CT,large_intestine,CL:1000414
CL:0002138$$5062,endothelial cell of lymphatic vessel,CT,large_intestine,CL:0002138
CL:0000669$$5063,pericyte,CT,large_intestine,CL:0000669
UBERON:0012399$$5064,large intestine smooth muscle longitudinal layer,AS,large_intestine,UBERON:0012399
CL:1000279$$5065,smooth muscle cell of large intestine,CT,large_intestine,CL:1000279
CL:0000057$$5066,fibroblast,CT,large_intestine,CL:0000057
CL:0002573$$5067,Schwann cell,CT,large_intestine,CL:0002573
CL:1000412$$5068,endothelial cell of arteriole,CT,large_intestine,CL:1000412
CL:1000414$$5069,endothelial cell of venule,CT,large_intestine,CL:1000414
CL:0002138$$5070,endothelial cell of lymphatic vessel,CT,large_intestine,CL:0002138
CL:0000669$$5071,pericyte,CT,large_intestine,CL:0000669
UBERON:0012375$$5072,subserosa,AS,large_intestine,UBERON:0012375
UBERON:0012375$$5073,subserosa,AS,large_intestine,UBERON:0012375
CL:0000057$$5074,fibroblast,CT,large_intestine,CL:0000057
CL:0002573$$5075,Schwann cell,CT,large_intestine,CL:0002573
CL:1000412$$5076,endothelial cell of arteriole,CT,large_intestine,CL:1000412
CL:1000414$$5077,endothelial cell of venule,CT,large_intestine,CL:1000414
CL:0002138$$5078,endothelial cell of lymphatic vessel,CT,large_intestine,CL:0002138
CL:0000136$$5079,fat cell,CT,large_intestine,CL:0000136
CL:0000669$$5080,pericyte,CT,large_intestine,CL:0000669
UBERON:8410005,transitional glandular epithelium of anorectum,AS,large_intestine,UBERON:8410005
UBERON:0000397$$5081,colonic epithelium,AS,large_intestine,UBERON:0000397
UBERON:0000397$$5082,colonic epithelium,AS,large_intestine,UBERON:0000397
CL:0000915$$5083,"CD8-alpha-alpha-positive, alpha-beta intraepithelial T cell",CT,large_intestine,CL:0000915
CL:0000802$$5084,"CD8-alpha alpha positive, gamma-delta intraepithelial T cell",CT,large_intestine,CL:0000802
CL:0000796$$5085,"CD8-alpha-beta-positive, alpha-beta intraepithelial T cell",CT,large_intestine,CL:0000796
CL:0000793$$5086,"CD4-positive, alpha-beta intraepithelial T cell",CT,large_intestine,CL:0000793
CL:0000935$$5087,"CD4-negative, CD8-negative, alpha-beta intraepithelial T cell",CT,large_intestine,CL:0000935
UBERON:0013485$$5088,crypt of Lieberkuhn of colon,AS,large_intestine,UBERON:0013485
CL:0000041$$5089,mature eosinophil,CT,large_intestine,CL:0000041
UBERON:0007177$$5090,lamina propria,AS,large_intestine,UBERON:0007177
UBERON:0007177$$5091,lamina propria,AS,large_intestine,UBERON:0007177
ASCTB-TEMP:subepithelial-membrane$$5092,subepithelial membrane,CT,large_intestine,ASCTB-TEMP:subepithelial-membrane
CL:0002144$$5093,capillary endothelial cell,CT,large_intestine,CL:0002144
CL:0002138$$5094,endothelial cell of lymphatic vessel,CT,large_intestine,CL:0002138
CL:0000669$$5095,pericyte,CT,large_intestine,CL:0000669
CL:0000186$$5096,myofibroblast cell,CT,large_intestine,CL:0000186
CL:0000057$$5097,fibroblast,CT,large_intestine,CL:0000057
CL:0002573$$5098,Schwann cell,CT,large_intestine,CL:0002573
ASCTB-TEMP:ganglion$$5099,ganglion,CT,large_intestine,ASCTB-TEMP:ganglion
UBERON:0004760,gland of anal canal,AS,large_intestine,UBERON:0004760
CL:0000146,simple columnar epithelial cell,CT,large_intestine,CL:0000146
CL:0000244,transitional,CT,large_intestine,CL:0000244
CL:0000240,stratified squamous epithelial cell,CT,large_intestine,CL:0000240
CL:0000136$$5100,fat cell,CT,large_intestine,CL:0000136
CL:0000057$$5101,fibroblast,CT,large_intestine,CL:0000057
CL:0002573$$5102,Schwann cell,CT,large_intestine,CL:0002573
CL:1000412$$5103,endothelial cell of arteriole,CT,large_intestine,CL:1000412
CL:1000414$$5104,endothelial cell of venule,CT,large_intestine,CL:1000414
CL:0002138$$5105,endothelial cell of lymphatic vessel,CT,large_intestine,CL:0002138
CL:0000669$$5106,pericyte,CT,large_intestine,CL:0000669
UBERON:0005742,adventitia,AS,large_intestine,UBERON:0005742
CL:0000057$$5107,fibroblast,CT,large_intestine,CL:0000057
CL:0002573$$5108,Schwann cell,CT,large_intestine,CL:0002573
CL:1000412$$5109,endothelial cell of arteriole,CT,large_intestine,CL:1000412
CL:1000414$$5110,endothelial cell of venule,CT,large_intestine,CL:1000414
CL:0002138$$5111,endothelial cell of lymphatic vessel,CT,large_intestine,CL:0002138
CL:0000136$$5112,fat cell,CT,large_intestine,CL:0000136
CL:0000669$$5113,pericyte,CT,large_intestine,CL:0000669
UBERON:0015716,anal canal epithelium,AS,large_intestine,UBERON:0015716
CL:0000240$$5114,stratified squamous epithelial cell,CT,large_intestine,CL:0000240
CL:0000453$$5115,Langerhans cell,CT,large_intestine,CL:0000453
CL:0000148,melanocyte,CT,large_intestine,CL:0000148
CL:0000242,Merkel cell,CT,large_intestine,CL:0000242
UBERON:0003331$$5116,submucosa of colon,AS,large_intestine,UBERON:0003331
UBERON:0003331$$5117,submucosa of colon,AS,large_intestine,UBERON:0003331
CL:0000136$$5118,fat cell,CT,large_intestine,CL:0000136
CL:0000057$$5119,fibroblast,CT,large_intestine,CL:0000057
CL:0002573$$5120,Schwann cell,CT,large_intestine,CL:0002573
CL:1000412$$5121,endothelial cell of arteriole,CT,large_intestine,CL:1000412
CL:1000414$$5122,endothelial cell of venule,CT,large_intestine,CL:1000414
CL:0002138$$5123,endothelial cell of lymphatic vessel,CT,large_intestine,CL:0002138
CL:0000669$$5124,pericyte,CT,large_intestine,CL:0000669
UBERON:0005304$$5125,submucous nerve plexus,AS,large_intestine,UBERON:0005304
CL:0002573$$5126,Schwann cell,CT,large_intestine,CL:0002573
ASCTB-TEMP:ganglion$$5127,ganglion,CT,large_intestine,ASCTB-TEMP:ganglion
CL:0002088$$5128,interstitial cell of Cajal,CT,large_intestine,CL:0002088
UBERON:0001245,anus,AS,large_intestine,UBERON:0001245
UBERON:0001003,skin epidermis,AS,large_intestine,UBERON:0001003
CL:0000312,keratinocyte,CT,large_intestine,CL:0000312
CL:0000453$$5129,Langerhans cell,CT,large_intestine,CL:0000453
CL:0000242$$5130,Merkel cell,CT,large_intestine,CL:0000242
CL:0000148$$5131,melanocyte,CT,large_intestine,CL:0000148
UBERON:0002067,dermis,AS,large_intestine,UBERON:0002067
UBERON:0002073,hair follicle,AS,large_intestine,UBERON:0002073
CL:0000312$$5132,keratinocyte,CT,large_intestine,CL:0000312
UBERON:0001821,sebaceous gland,AS,large_intestine,UBERON:0001821
CL:0000317,sebum secreting cell,CT,large_intestine,CL:0000317
UBERON:0000423,eccrine sweat gland,AS,large_intestine,UBERON:0000423
CL:0000434,eccrine cell,CT,large_intestine,CL:0000434
CL:1000417,myoepithelial cell of sweat gland,CT,large_intestine,CL:1000417
UBERON:0008974,apocrine gland,AS,large_intestine,UBERON:0008974
CL:0000033,apocrine cell,CT,large_intestine,CL:0000033
CL:1000417$$5133,myoepithelial cell of sweat gland,CT,large_intestine,CL:1000417
UBERON:0002384,connective tissue,AS,large_intestine,UBERON:0002384
CL:0000057$$5134,fibroblast,CT,large_intestine,CL:0000057
UBERON:0001961,mucosa-associated lymphoid tissue,AS,large_intestine,UBERON:0001961
CL:0000097$$5135,mast cell,CT,large_intestine,CL:0000097
CL:0000451$$5136,dendritic cell,CT,large_intestine,CL:0000451
CL:0000235$$5137,macrophage,CT,large_intestine,CL:0000235
CL:0000545,T-helper 1 cell,CT,large_intestine,CL:0000545
CL:0000910$$5138,cytotoxic T cell,CT,large_intestine,CL:0000910
CL:0000815$$5139,regulatory T cell,CT,large_intestine,CL:0000815
CL:0000236$$5140,B cell,CT,large_intestine,CL:0000236
CL:0000041$$5141,mature eosinophil,CT,large_intestine,CL:0000041
UBERON:0006134,nerve fiber,AS,large_intestine,UBERON:0006134
CL:0002573$$5142,Schwann cell,CT,large_intestine,CL:0002573
CL:0002576,perineurial cell,CT,large_intestine,CL:0002576
CL:1000412$$5143,endothelial cell of arteriole,CT,large_intestine,CL:1000412
UBERON:0000055,vessel,AS,large_intestine,UBERON:0000055
CL:0000359$$5144,vascular associated smooth muscle cell,CT,large_intestine,CL:0000359
CL:0002292,type I cell of carotid body,CT,large_intestine,CL:0002292
CL:0000669$$5145,pericyte,CT,large_intestine,CL:0000669
CL:0002042,immature NK T cell stage IV,CT,large_intestine,CL:0002042
CL:0002543$$5146,vein endothelial cell,CT,large_intestine,CL:0002543
UBERON:0002190,subcutaneous adipose tissue,AS,large_intestine,UBERON:0002190
UBERON:0002384$$5147,connective tissue,AS,large_intestine,UBERON:0002384
CL:0000136$$5148,fat cell,CT,large_intestine,CL:0000136
CL:0000057$$5149,fibroblast,CT,large_intestine,CL:0000057
UBERON:0001961$$5150,mucosa-associated lymphoid tissue,AS,large_intestine,UBERON:0001961
CL:0000097$$5151,mast cell,CT,large_intestine,CL:0000097
CL:0000451$$5152,dendritic cell,CT,large_intestine,CL:0000451
CL:0000235$$5153,macrophage,CT,large_intestine,CL:0000235
CL:0000545$$5154,T-helper 1 cell,CT,large_intestine,CL:0000545
CL:0000910$$5155,cytotoxic T cell,CT,large_intestine,CL:0000910
CL:0000815$$5156,regulatory T cell,CT,large_intestine,CL:0000815
CL:0000236$$5157,B cell,CT,large_intestine,CL:0000236
CL:0000041$$5158,mature eosinophil,CT,large_intestine,CL:0000041
UBERON:0006134$$5159,nerve fiber,AS,large_intestine,UBERON:0006134
CL:0002573$$5160,Schwann cell,CT,large_intestine,CL:0002573
CL:0002576$$5161,perineurial cell,CT,large_intestine,CL:0002576
UBERON:0000055$$5162,vessel,AS,large_intestine,UBERON:0000055
CL:1000412$$5163,endothelial cell of arteriole,CT,large_intestine,CL:1000412
CL:0000359$$5164,vascular associated smooth muscle cell,CT,large_intestine,CL:0000359
CL:0002292$$5165,type I cell of carotid body,CT,large_intestine,CL:0002292
CL:0000669$$5166,pericyte,CT,large_intestine,CL:0000669
CL:0002042$$5167,immature NK T cell stage IV,CT,large_intestine,CL:0002042
UBERON:0001367,external anal sphincter,AS,large_intestine,UBERON:0001367
CL:0000188,cell of skeletal muscle,CT,large_intestine,CL:0000188
UBERON:0002107,liver,AS,liver,UBERON:0002107
UBERON:0004647,liver lobule,AS,liver,UBERON:0004647
UBERON:0001281$$5168,hepatic sinusoid,AS,liver,UBERON:0001281
CL:1000398,endothelial cell of hepatic sinusoid,CT,liver,CL:1000398
CL:0000091,Kupffer Cell,CT,liver,CL:0000091
UBERON:0006729,liver perisinusoidal space,AS,liver,UBERON:0006729
CL:0000632,hepatic stellate cell,CT,liver,CL:0000632
CL:0000738$$5169,leukocyte,CT,liver,CL:0000738
UBERON:0005452,hepatic cord,AS,liver,UBERON:0005452
CL:0000182,hepatocyte,CT,liver,CL:0000182
CL:0019026,periportal region hepatocyte,CT,liver,CL:0019026
CL:0019029,centrilobular region hepatocyte,CT,liver,CL:0019029
CL:0019028,midzonal region hepatocyte,CT,liver,CL:0019028
UBERON:0006841$$5170,central vein of liver,AS,liver,UBERON:0006841
CL:0002543$$5171,vein endothelial cell,CT,liver,CL:0002543
UBERON:0001279,portal triad,AS,liver,UBERON:0001279
UBERON:0004058,biliary ductule,AS,liver,UBERON:0004058
CL:0000241,stratified cuboidal epithelial cell,CT,liver,CL:0000241
CL:0000075,columnar/cuboidal epithelial cell,CT,liver,CL:0000075
UBERON:0001639$$5172,hepatic portal vein,AS,liver,UBERON:0001639
CL:0002543$$5173,vein endothelial cell,CT,liver,CL:0002543
UBERON:0001021,nerve,AS,liver,UBERON:0001021
CL:0000526,afferent neuron,CT,liver,CL:0000526
UBERON:0001193,hepatic artery,AS,liver,UBERON:0001193
CL:1000413$$5174,endothelial cell of artery,CT,liver,CL:1000413
CL:0019018$$5175,blood vessel smooth muscle cell,CT,liver,CL:0019018
UBERON:0005169,interstitial tissue,AS,liver,UBERON:0005169
CL:0009100,hepatic portal fibroblast,CT,liver,CL:0009100
UBERON:0001282,intralobular bile duct,AS,liver,UBERON:0001282
CL:0002196,Hepatic oval stem cell,CT,liver,CL:0002196
UBERON:0001473,lymphatic vessel,AS,liver,UBERON:0001473
CL:0002138$$5176,endothelial cell of lymphatic vessel,CT,liver,CL:0002138
UBERON:0016478,liver stroma,AS,liver,UBERON:0016478
UBERON:0002384$$5177,connective tissue,AS,liver,UBERON:0002384
ASCTB-TEMP:liver-immune-resident-component,Liver immune resident component,AS,liver,ASCTB-TEMP:liver-immune-resident-component
CL:0001056$$5178,"dendritic cell, human",CT,liver,CL:0001056
CL:0000990$$5179,conventional dendritic cell,CT,liver,CL:0000990
CL:0002399$$5180,CD1c-positive myeloid dendritic cell,CT,liver,CL:0002399
CL:0000784,plasmacytoid dendritic cell,CT,liver,CL:0000784
CL:0000909$$5181,"CD8-positive, alpha-beta memory T cell",CT,liver,CL:0000909
CL:0000624$$5182,"CD4-positive, alpha-beta T cell",CT,liver,CL:0000624
CL:0000798,gamma-delta T cell,CT,liver,CL:0000798
CL:0001203,"CD8-positive, alpha-beta memory T cell, CD45RO-positive",CT,liver,CL:0001203
CL:0000921,Type I NK T cell,CT,liver,CL:0000921
CL:0000623$$5183,natural killer cell,CT,liver,CL:0000623
ASCTB-TEMP:eomes-low-liver-nk-cell,Eomes low Liver NK cell,CT,liver,ASCTB-TEMP:eomes-low-liver-nk-cell
ASCTB-TEMP:tbet-low-liver-nk-cell,TBet low Liver NK cell,CT,liver,ASCTB-TEMP:tbet-low-liver-nk-cell
CL:2000054,hepatic Pit cell,CT,liver,CL:2000054
UBERON:0001004,respiratory system,AS,lung,UBERON:0001004
UBERON:0000065,respiratory tract,AS,lung,UBERON:0000065
UBERON:0001558,lower respiratory tract,AS,lung,UBERON:0001558
UBERON:0007196,tracheobronchial tree,AS,lung,UBERON:0007196
UBERON:0002009,pulmonary nerve plexus,AS,lung,UBERON:0002009
CL:0011103,sympathetic neuron,CT,lung,CL:0011103
UBERON:0002183,lobar bronchus,AS,lung,UBERON:0002183
UBERON:8410043,bronchus submucosal gland,AS,lung,UBERON:8410043
UBERON:8600010,bronchial submucosal gland ciliated duct,AS,lung,UBERON:8600010
CL:4033055,airway submucosal gland duct ciliated cell,CT,lung,CL:4033055
UBERON:8600013,submucosal gland collecting duct,AS,lung,UBERON:8600013
CL:4033024,airway submucosal gland duct basal cell,CT,lung,CL:4033024
CL:4033023,airway submucosal gland collecting duct epithelial cell,CT,lung,CL:4033023
UBERON:8600012,submucosal gland acinus,AS,lung,UBERON:8600012
CL:4033005,serous secreting cell of bronchus submucosal gland,CT,lung,CL:4033005
CL:4033022,mucus secreting cell of bronchus submucosal gland,CT,lung,CL:4033022
CL:4033003,myoepithelial cell of bronchus submucosal gland,CT,lung,CL:4033003
UBERON:0003591,lobar bronchus connective tissue,AS,lung,UBERON:0003591
UBERON:0004242,bronchus smooth muscle,AS,lung,UBERON:0004242
CL:0002598,bronchial smooth muscle cell,CT,lung,CL:0002598
UBERON:0001956,cartilage of bronchus,AS,lung,UBERON:0001956
CL:4033026,lung perichondrial fibroblast,CT,lung,CL:4033026
UBERON:0002339,epithelium of lobar bronchus,AS,lung,UBERON:0002339
CL:4033044,deuterosomal cell,CT,lung,CL:4033044
CL:0017000,pulmonary ionocyte,CT,lung,CL:0017000
CL:4033048,respiratory suprabasal cell,CT,lung,CL:4033048
CL:0002332,ciliated cell of the bronchus,CT,lung,CL:0002332
CL:4033009,goblet cell of epithelium of lobar bronchus,CT,lung,CL:4033009
CL:0002329,basal epithelial cell of tracheobronchial tree,CT,lung,CL:0002329
CL:4033007,brush cell of epithelium of lobar bronchus,CT,lung,CL:4033007
CL:4033010,neuroendocrine cell of epithelium of lobar bronchus,CT,lung,CL:4033010
UBERON:0004884,lobar bronchus mesenchyme,AS,lung,UBERON:0004884
UBERON:0002184,segmental bronchus,AS,lung,UBERON:0002184
UBERON:8410043$$5184,bronchial submucosal gland,AS,lung,UBERON:8410043
UBERON:8600010$$5185,ciliated ducts of bronchial submucosal gland,AS,lung,UBERON:8600010
CL:4033055$$5186,airway submucosal gland duct ciliated cell,CT,lung,CL:4033055
UBERON:8600013$$5187,submucosal gland collecting duct,AS,lung,UBERON:8600013
CL:4033024$$5188,airway submucosal gland duct basal cell,CT,lung,CL:4033024
CL:4033023$$5189,airway submucosal gland collecting duct epithelial cell,CT,lung,CL:4033023
UBERON:8600012$$5190,submucosal gland acinus,AS,lung,UBERON:8600012
CL:4033005$$5191,serous secreting cell of bronchus submucosal gland,CT,lung,CL:4033005
CL:4033022$$5192,mucus secreting cell of bronchus submucosal gland,CT,lung,CL:4033022
CL:4033003$$5193,myoepithelial cell of bronchus submucosal gland,CT,lung,CL:4033003
UBERON:0004242$$5194,bronchus smooth muscle,AS,lung,UBERON:0004242
CL:0002598$$5195,bronchial smooth muscle cell,CT,lung,CL:0002598
UBERON:0001956$$5196,cartilage of bronchus,AS,lung,UBERON:0001956
CL:0019002,tracheobronchial chondrocyte,CT,lung,CL:0019002
UBERON:0002341,epithelium of segmental bronchus,AS,lung,UBERON:0002341
CL:4033048$$5197,respiratory suprabasal cell,CT,lung,CL:4033048
CL:0000158,club cell,CT,lung,CL:0000158
CL:1000223,lung neuroendocrine cell,CT,lung,CL:1000223
CL:0002208,brush cell of bronchus,CT,lung,CL:0002208
CL:0019003,tracheobronchial goblet cell,CT,lung,CL:0019003
CL:4033044$$5198,deuterosomal cell,CT,lung,CL:4033044
CL:0017000$$5199,pulmonary ionocyte,CT,lung,CL:0017000
CL:0002329$$5200,basal epithelial cell of tracheobronchial tree,CT,lung,CL:0002329
CL:0002332$$5201,ciliated cell of the bronchus,CT,lung,CL:0002332
UBERON:0004884$$5202,lobar bronchus mesenchyme,AS,lung,UBERON:0004884
CL:0019019,tracheobronchial smooth muscle cell,CT,lung,CL:0019019
UBERON:8600017,bronchopulmonary segment,AS,lung,UBERON:8600017
UBERON:8600009,subsegmental bronchus,AS,lung,UBERON:8600009
UBERON:0004242$$5203,bronchus smooth muscle,AS,lung,UBERON:0004242
CL:0002598$$5204,bronchial smooth muscle cell,CT,lung,CL:0002598
UBERON:0001956$$5205,cartilage of bronchus,AS,lung,UBERON:0001956
CL:0019002$$5206,tracheobronchial chondrocyte,CT,lung,CL:0019002
UBERON:8410043$$5207,bronchus submucosal gland,AS,lung,UBERON:8410043
UBERON:8600010$$5208,ciliated ducts of bronchial submucosal gland,AS,lung,UBERON:8600010
CL:4033055$$5209,airway submucosal gland duct ciliated cell,CT,lung,CL:4033055
UBERON:8600013$$5210,submucosal gland collecting duct,AS,lung,UBERON:8600013
CL:4033024$$5211,airway submucosal gland duct basal cell,CT,lung,CL:4033024
CL:4033023$$5212,airway submucosal gland collecting duct epithelial cell,CT,lung,CL:4033023
UBERON:8600012$$5213,submucosal gland acinus,AS,lung,UBERON:8600012
CL:4033005$$5214,serous secreting cell of bronchus submucosal gland,CT,lung,CL:4033005
CL:4033022$$5215,mucus secreting cell of bronchus submucosal gland,CT,lung,CL:4033022
CL:4033003$$5216,myoepithelial cell of bronchus submucosal gland,CT,lung,CL:4033003
UBERON:0002341$$5217,epithelium of segmental bronchus,AS,lung,UBERON:0002341
CL:4033044$$5218,deuterosomal cell,CT,lung,CL:4033044
CL:0017000$$5219,pulmonary ionocyte,CT,lung,CL:0017000
CL:0002332$$5220,ciliated cell of the bronchus,CT,lung,CL:0002332
CL:4033048$$5221,respiratory suprabasal cell,CT,lung,CL:4033048
CL:0000158$$5222,club cell,CT,lung,CL:0000158
CL:0002208$$5223,brush cell of bronchus,CT,lung,CL:0002208
CL:0019003$$5224,tracheobronchial goblet cell,CT,lung,CL:0019003
CL:1000223$$5225,lung neuroendocrine cell,CT,lung,CL:1000223
CL:0002329$$5226,basal epithelial cell of tracheobronchial tree,CT,lung,CL:0002329
UBERON:0004884$$5227,lobar bronchus mesenchyme,AS,lung,UBERON:0004884
CL:0019019$$5228,tracheobronchial smooth muscle cell,CT,lung,CL:0019019
UBERON:0012067,primary bronchiole,AS,lung,UBERON:0012067
UBERON:8600000,lobular bronchiole,AS,lung,UBERON:8600000
UBERON:0002051,epithelium of bronchiole,AS,lung,UBERON:0002051
CL:1000271,lung ciliated cell,CT,lung,CL:1000271
CL:0000158$$5229,club cell,CT,lung,CL:0000158
CL:1000352,basal cell of epithelium of lobular bronchiole,CT,lung,CL:1000352
UBERON:0004515,smooth muscle tissue of bronchiole,AS,lung,UBERON:0004515
CL:4033017,bronchiolar smooth muscle cell,CT,lung,CL:4033017
UBERON:0002048,lung,AS,lung,UBERON:0002048
UBERON:0010369,secondary pulmonary lobule,AS,lung,UBERON:0010369
UBERON:0002187,terminal bronchiole,AS,lung,UBERON:0002187
UBERON:0004516,smooth muscle tissue of terminal bronchiole,AS,lung,UBERON:0004516
CL:4033017$$5230,bronchiolar smooth muscle cell,CT,lung,CL:4033017
UBERON:0001958,terminal bronchiole epithelium,AS,lung,UBERON:0001958
CL:1000271$$5231,lung ciliated cell,CT,lung,CL:1000271
CL:0000158$$5232,club cell,CT,lung,CL:0000158
CL:1000350,basal cell of epithelium of terminal bronchiole,CT,lung,CL:1000350
UBERON:0008874,pulmonary acinus,AS,lung,UBERON:0008874
UBERON:0002188,respiratory bronchiole,AS,lung,UBERON:0002188
UBERON:0004517,smooth muscle tissue of respiratory bronchiole,AS,lung,UBERON:0004517
CL:4033017$$5233,bronchiolar smooth muscle cell,CT,lung,CL:4033017
UBERON:0001955,epithelium of respiratory bronchiole,AS,lung,UBERON:0001955
CL:0000158$$5234,club cell,CT,lung,CL:0000158
CL:1000351,basal cell of epithelium of respiratory bronchiole,CT,lung,CL:1000351
CL:1000271$$5235,lung ciliated cell,CT,lung,CL:1000271
UBERON:0002299,alveolus of lung,AS,lung,UBERON:0002299
UBERON:0016405$$5236,pulmonary capillary,AS,lung,UBERON:0016405
CL:4028003,alveolar capillary type 2 endothelial cell,CT,lung,CL:4028003
CL:4028002,alveolar capillary type 1 endothelial cell,CT,lung,CL:4028002
CL:0002063,type II pneumocyte,CT,lung,CL:0002063
CL:0002062,type I pneumocyte,CT,lung,CL:0002062
CL:0009089,lung pericyte,CT,lung,CL:0009089
CL:4028006,alveolar type 2 fibroblast cell,CT,lung,CL:4028006
CL:4028004,alveolar type 1 fibroblast cell,CT,lung,CL:4028004
UBERON:0002173,pulmonary alveolar duct,AS,lung,UBERON:0002173
UBERON:0016405$$5237,pulmonary capillary,AS,lung,UBERON:0016405
CL:4028003$$5238,alveolar capillary type 2 endothelial cell,CT,lung,CL:4028003
CL:4028002$$5239,alveolar capillary type 1 endothelial cell,CT,lung,CL:4028002
CL:0002063$$5240,type II pneumocyte,CT,lung,CL:0002063
CL:0002062$$5241,type I pneumocyte,CT,lung,CL:0002062
CL:0009089$$5242,lung pericyte,CT,lung,CL:0009089
CL:4028006$$5243,alveolar type 2 fibroblast cell,CT,lung,CL:4028006
CL:4028004$$5244,alveolar type 1 fibroblast cell,CT,lung,CL:4028004
UBERON:0002299$$5245,alveolus of lung,AS,lung,UBERON:0002299
UBERON:0008870,pulmonary alveolar parenchyma,AS,lung,UBERON:0008870
UBERON:0016405$$5246,pulmonary capillary,AS,lung,UBERON:0016405
CL:4028003$$5247,alveolar capillary type 2 endothelial cell,CT,lung,CL:4028003
CL:4028002$$5248,alveolar capillary type 1 endothelial cell,CT,lung,CL:4028002
CL:0002063$$5249,type II pneumocyte,CT,lung,CL:0002063
CL:0002062$$5250,type I pneumocyte,CT,lung,CL:0002062
CL:0009089$$5251,lung pericyte,CT,lung,CL:0009089
CL:4028006$$5252,alveolar type 2 fibroblast cell,CT,lung,CL:4028006
CL:4028004$$5253,alveolar type 1 fibroblast cell,CT,lung,CL:4028004
UBERON:8600022,pulmonary interlobular septum,AS,lung,UBERON:8600022
UBERON:0014904$$5254,intersegmental pulmonary vein,AS,lung,UBERON:0014904
UBERON:0004849,respiratory system venous endothelium,AS,lung,UBERON:0004849
CL:0002619,adult endothelial progenitor cell,CT,lung,CL:0002619
CL:4033008,vein endothelial cell of respiratory system,CT,lung,CL:4033008
UBERON:0018227,pulmonary lymphatic vessel,AS,lung,UBERON:0018227
UBERON:0003529,respiratory system lymphatic vessel endothelium,AS,lung,UBERON:0003529
CL:0009086,endothelial cell of respiratory system lymphatic vessel,CT,lung,CL:0009086
UBERON:0002401,visceral pleura,AS,lung,UBERON:0002401
CL:1000493,mesothelial cell of visceral pleura,CT,lung,CL:1000493
UBERON:0004883,lung mesenchyme,AS,lung,UBERON:0004883
UBERON:0000114,lung connective tissue,AS,lung,UBERON:0000114
CL:4033018,lung megakaryocyte,CT,lung,CL:4033018
CL:4033016,secondary crest myofibroblast,CT,lung,CL:4033016
UBERON:0008886,pulmonary vascular system,AS,lung,UBERON:0008886
UBERON:0002012,pulmonary artery,AS,lung,UBERON:0002012
UBERON:0004848,respiratory system arterial endothelium,AS,lung,UBERON:0004848
CL:1001568,pulmonary artery endothelial cell,CT,lung,CL:1001568
UBERON:0012416,respiratory system arterial smooth muscle,AS,lung,UBERON:0012416
CL:0002591,smooth muscle cell of the pulmonary artery,CT,lung,CL:0002591
CL:0002557,fibroblast of pulmonary artery,CT,lung,CL:0002557
UBERON:0004849$$5255,respiratory system venous endothelium,AS,lung,UBERON:0004849
CL:4033008$$5256,vein endothelial cell of respiratory system,CT,lung,CL:4033008
UBERON:0012418,respiratory system venous smooth muscle,AS,lung,UBERON:0012418
CL:0019018$$5257,blood vessel smooth muscle cell,CT,lung,CL:0019018
UBERON:0004573,systemic artery,AS,lung,UBERON:0004573
UBERON:0002040$$5258,bronchial artery,AS,lung,UBERON:0002040
UBERON:0004848$$5259,respiratory system arterial endothelium,AS,lung,UBERON:0004848
CL:1000413$$5260,endothelial cell of artery,CT,lung,CL:1000413
UBERON:0012416$$5261,respiratory system arterial smooth muscle,AS,lung,UBERON:0012416
CL:0019018$$5262,blood vessel smooth muscle cell,CT,lung,CL:0019018
UBERON:0003920,venous blood vessel,AS,lung,UBERON:0003920
UBERON:0001592$$5263,bronchial vein,AS,lung,UBERON:0001592
UBERON:0004849$$5264,respiratory system venous endothelium,AS,lung,UBERON:0004849
CL:4033008$$5265,vein endothelial cell of respiratory system,CT,lung,CL:4033008
UBERON:0012418$$5266,respiratory system venous smooth muscle,AS,lung,UBERON:0012418
CL:0019018$$5267,blood vessel smooth muscle cell,CT,lung,CL:0019018
UBERON:0002405,immune system,AS,lung,UBERON:0002405
CL:4033041,CCL3-positive alveolar macrophage,CT,lung,CL:4033041
CL:0000583,alveolar macrophage,CT,lung,CL:0000583
CL:4033042,metallothionein-positive alveolar macrophage,CT,lung,CL:4033042
CL:4033043,lung interstitial macrophage,CT,lung,CL:4033043
CL:0000860,classical monocyte,CT,lung,CL:0000860
CL:0000875$$5268,non-classical monocyte,CT,lung,CL:0000875
CL:0000623$$5269,natural killer cell,CT,lung,CL:0000623
CL:0000938$$5270,"CD16-negative, CD56-bright natural killer cell, human",CT,lung,CL:0000938
CL:0000485,mucosal type mast cell,CT,lung,CL:0000485
CL:0000484,connective tissue type mast cell,CT,lung,CL:0000484
CL:0000775$$5271,neutrophil,CT,lung,CL:0000775
CL:0000767$$5272,basophil,CT,lung,CL:0000767
CL:0019015,lung parenchyma resident eosinophil,CT,lung,CL:0019015
CL:0000814$$5273,mature NK T cell,CT,lung,CL:0000814
CL:0000895$$5274,"naive thymus-derived CD4-positive, alpha-beta T cell",CT,lung,CL:0000895
CL:0000905,"effector memory CD4-positive, alpha-beta T cell",CT,lung,CL:0000905
CL:4033038,"lung resident memory CD4-positive, alpha-beta T cell",CT,lung,CL:4033038
CL:0000815$$5275,regulatory T cell,CT,lung,CL:0000815
CL:0000900$$5276,"naive thymus-derived CD8-positive, alpha-beta T cell",CT,lung,CL:0000900
CL:0000913$$5277,"effector memory CD8-positive, alpha-beta T cell",CT,lung,CL:0000913
CL:4033039,"lung resident memory CD8-positive, alpha-beta T cell",CT,lung,CL:4033039
CL:0000940,mucosal invariant T cell,CT,lung,CL:0000940
CL:0002394$$5278,CD141-positive myeloid dendritic cell,CT,lung,CL:0002394
CL:0002399$$5279,CD1c-positive myeloid dendritic cell,CT,lung,CL:0002399
CL:4033045,lung migratory dendritic cell,CT,lung,CL:4033045
CL:0000784$$5280,plasmacytoid dendritic cell,CT,lung,CL:0000784
CL:0000786$$5281,plasma cell,CT,lung,CL:0000786
CL:0000236$$5282,B cell,CT,lung,CL:0000236
UBERON:0000029,lymph node,AS,lymph_node,UBERON:0000029
UBERON:0002194,capsule of lymph node,AS,lymph_node,UBERON:0002194
CL:0000186$$5283,myofibroblast cell,CT,lymph_node,CL:0000186
UBERON:8410042,arteriole of lymph node,AS,lymph_node,UBERON:8410042
CL:0000071$$5284,blood vessel endothelial cell,CT,lymph_node,CL:0000071
UBERON:8410041,venule of lymph node,AS,lymph_node,UBERON:8410041
CL:0000071$$5285,blood vessel endothelial cell,CT,lymph_node,CL:0000071
UBERON:0002195,trabecula of lymph node,AS,lymph_node,UBERON:0002195
CL:0000186$$5286,myofibroblast cell,CT,lymph_node,CL:0000186
UBERON:8410042$$5287,arteriole of lymph node,AS,lymph_node,UBERON:8410042
CL:0000071$$5288,blood vessel endothelial cell,CT,lymph_node,CL:0000071
UBERON:8410041$$5289,venule of lymph node,AS,lymph_node,UBERON:8410041
CL:0000669$$5290,pericyte,CT,lymph_node,CL:0000669
UBERON:0005463,subcapsular sinus of lymph node,AS,lymph_node,UBERON:0005463
UBERON:0010396,afferent lymphatic vessel,AS,lymph_node,UBERON:0010396
UBERON:0001473$$5291,lymphatic vessel,AS,lymph_node,UBERON:0001473
CL:0002138$$5292,endothelial cell of lymphatic vessel,CT,lymph_node,CL:0002138
CL:0019017,Lymphatic vessel smooth muscle cell,CT,lymph_node,CL:0019017
CL:0000887,lymph node subcapsular sinus macrophage,CT,lymph_node,CL:0000887
CL:0009103,lymph node marginal reticular cell,CT,lymph_node,CL:0009103
UBERON:8410071,subcapsular sinus ceiling,AS,lymph_node,UBERON:8410071
CL:0009107,lymphatic endothelial cell of subcapsular sinus ceiling,CT,lymph_node,CL:0009107
UBERON:8410072,subcapsular sinus floor,AS,lymph_node,UBERON:8410072
CL:0009108,lymphatic endothelial cell of subcapsular sinus floor,CT,lymph_node,CL:0009108
UBERON:8410032,trabecular sinus of lymph node,AS,lymph_node,UBERON:8410032
CL:0009109,lymphatic endothelial cell of trabecula,CT,lymph_node,CL:0009109
UBERON:0002006,cortex of lymph node,AS,lymph_node,UBERON:0002006
UBERON:8410041$$5293,venule of lymph node,AS,lymph_node,UBERON:8410041
CL:0000071$$5294,blood vessel endothelial cell,CT,lymph_node,CL:0000071
UBERON:8410042$$5295,arteriole of lymph node,AS,lymph_node,UBERON:8410042
CL:0000071$$5296,blood vessel endothelial cell,CT,lymph_node,CL:0000071
UBERON:0010395,lymph node primary follicle,AS,lymph_node,UBERON:0010395
CL:0000442,follicular dendritic cell,CT,lymph_node,CL:0000442
CL:0000788$$5297,naive B cell,CT,lymph_node,CL:0000788
CL:0000787$$5298,memory B cell,CT,lymph_node,CL:0000787
CL:0000235$$5299,macrophage,CT,lymph_node,CL:0000235
UBERON:0010753,lymph node secondary follicle,AS,lymph_node,UBERON:0010753
UBERON:0009039,lymph node germinal center,AS,lymph_node,UBERON:0009039
UBERON:8410052,lymph node germinal center light zone,AS,lymph_node,UBERON:8410052
CL:0000442$$5300,follicular dendritic cell,CT,lymph_node,CL:0000442
CL:0009111,centrocyte,CT,lymph_node,CL:0009111
CL:0002038,T follicular helper cell,CT,lymph_node,CL:0002038
CL:0009113,T follicular regulatory cell,CT,lymph_node,CL:0009113
CL:0000888,lymph node tingible body macrophage,CT,lymph_node,CL:0000888
CL:0000980,plasmablast,CT,lymph_node,CL:0000980
UBERON:8410053,lymph node germinal center dark zone,AS,lymph_node,UBERON:8410053
CL:0009112,centroblast,CT,lymph_node,CL:0009112
CL:0009104,B cell zone reticular cell,CT,lymph_node,CL:0009104
UBERON:0010420,lymph node germinal center mantle zone,AS,lymph_node,UBERON:0010420
CL:0000788$$5301,naive B cell,CT,lymph_node,CL:0000788
CL:0000787$$5302,memory B cell,CT,lymph_node,CL:0000787
UBERON:8410067,lymph node interfollicular cortex,AS,lymph_node,UBERON:8410067
CL:0000895$$5303,"naive thymus-derived CD4-positive, alpha-beta T cell",CT,lymph_node,CL:0000895
CL:0000897$$5304,"CD4-positive, alpha-beta memory T cell",CT,lymph_node,CL:0000897
CL:0000545$$5305,T-helper 1 cell,CT,lymph_node,CL:0000545
CL:0000546,T-helper 2 cell,CT,lymph_node,CL:0000546
CL:0000899,T-helper 17 cell,CT,lymph_node,CL:0000899
CL:0000815$$5306,regulatory T cell,CT,lymph_node,CL:0000815
CL:0000910$$5307,cytotoxic T cell,CT,lymph_node,CL:0000910
CL:0000900$$5308,"naive thymus-derived CD8-positive, alpha-beta T cell",CT,lymph_node,CL:0000900
CL:0000909$$5309,"CD8-positive, alpha-beta memory T cell",CT,lymph_node,CL:0000909
CL:0000623$$5310,natural killer cell,CT,lymph_node,CL:0000623
CL:0009105,T cell zone reticular cell,CT,lymph_node,CL:0009105
CL:0000451$$5311,dendritic cell,CT,lymph_node,CL:0000451
CL:0009113$$5312,T follicular regulatory cell,CT,lymph_node,CL:0009113
CL:0002399$$5313,CD1c-positive myeloid dendritic cell,CT,lymph_node,CL:0002399
UBERON:8410066,lymph node paracortex,AS,lymph_node,UBERON:8410066
UBERON:8410074,lymph node paracortical sinus,AS,lymph_node,UBERON:8410074
CL:0002138$$5314,endothelial cell of lymphatic vessel,CT,lymph_node,CL:0002138
CL:0009105$$5315,T cell zone reticular cell,CT,lymph_node,CL:0009105
CL:0000235$$5316,macrophage,CT,lymph_node,CL:0000235
UBERON:8410042$$5317,arteriole of lymph node,AS,lymph_node,UBERON:8410042
CL:0000071$$5318,blood vessel endothelial cell,CT,lymph_node,CL:0000071
UBERON:0006842,lymphatic capillary,AS,lymph_node,UBERON:0006842
CL:0000071$$5319,blood vessel endothelial cell,CT,lymph_node,CL:0000071
UBERON:8410038,high endothelial venule of lymph node,AS,lymph_node,UBERON:8410038
CL:0000071$$5320,blood vessel endothelial cell,CT,lymph_node,CL:0000071
UBERON:8410075,lymph node paracortical cord,AS,lymph_node,UBERON:8410075
CL:0001058$$5321,"plasmacytoid dendritic cell, human",CT,lymph_node,CL:0001058
CL:0002394$$5322,CD141-positive myeloid dendritic cell,CT,lymph_node,CL:0002394
CL:0000451$$5323,dendritic cell,CT,lymph_node,CL:0000451
CL:0000895$$5324,"naive thymus-derived CD4-positive, alpha-beta T cell",CT,lymph_node,CL:0000895
CL:0000897$$5325,"CD4-positive, alpha-beta memory T cell",CT,lymph_node,CL:0000897
CL:0000545$$5326,T-helper 1 cell,CT,lymph_node,CL:0000545
CL:0000546$$5327,T-helper 2 cell,CT,lymph_node,CL:0000546
CL:0000899$$5328,T-helper 17 cell,CT,lymph_node,CL:0000899
CL:0000798$$5329,gamma-delta T cell,CT,lymph_node,CL:0000798
CL:0000815$$5330,regulatory T cell,CT,lymph_node,CL:0000815
CL:0000910$$5331,cytotoxic T cell,CT,lymph_node,CL:0000910
CL:0000900$$5332,"naive thymus-derived CD8-positive, alpha-beta T cell",CT,lymph_node,CL:0000900
CL:0000909$$5333,"CD8-positive, alpha-beta memory T cell",CT,lymph_node,CL:0000909
CL:0000623$$5334,natural killer cell,CT,lymph_node,CL:0000623
CL:0000097$$5335,mast cell,CT,lymph_node,CL:0000097
CL:0000786$$5336,plasma cell,CT,lymph_node,CL:0000786
CL:0009114,monocytoid B Cell,CT,lymph_node,CL:0009114
CL:0000236$$5337,B cell,CT,lymph_node,CL:0000236
UBERON:0002007,medulla of lymph node,AS,lymph_node,UBERON:0002007
UBERON:0009744,lymph node medullary sinus,AS,lymph_node,UBERON:0009744
CL:0000235$$5338,macrophage,CT,lymph_node,CL:0000235
UBERON:0009745,lymph node medullary cord,AS,lymph_node,UBERON:0009745
CL:0009106,medullary reticular cell,CT,lymph_node,CL:0009106
CL:0000084$$5339,T Cell,CT,lymph_node,CL:0000084
CL:0002138$$5340,endothelial cell of lymphatic vessel,CT,lymph_node,CL:0002138
CL:0000786$$5341,plasma cell,CT,lymph_node,CL:0000786
CL:0000236$$5342,B cell,CT,lymph_node,CL:0000236
CL:0000097$$5343,mast cell,CT,lymph_node,CL:0000097
CL:0000235$$5344,macrophage,CT,lymph_node,CL:0000235
CL:0000980$$5345,plasmablast,CT,lymph_node,CL:0000980
CL:0000451$$5346,dendritic cell,CT,lymph_node,CL:0000451
UBERON:8410034,lymph node artery,AS,lymph_node,UBERON:8410034
UBERON:8410035,medullary arteriole of lymph node,AS,lymph_node,UBERON:8410035
CL:0000071$$5347,blood vessel endothelial cell,CT,lymph_node,CL:0000071
UBERON:8410033,lymph node vein,AS,lymph_node,UBERON:8410033
UBERON:8410036,medullary venule of lymph node,AS,lymph_node,UBERON:8410036
CL:0000071$$5348,blood vessel endothelial cell,CT,lymph_node,CL:0000071
CL:0000669$$5349,pericyte cell,CT,lymph_node,CL:0000669
UBERON:0005463$$5350,subcapsular sinus of lymph node,AS,lymph_node,UBERON:0005463
CL:0009110,lymphatic endothelial cell of medulla ceiling,CT,lymph_node,CL:0009110
UBERON:0035495,hilum of lymph node,AS,lymph_node,UBERON:0035495
UBERON:0010397,efferent lymphatic vessel,AS,lymph_node,UBERON:0010397
CL:0002138$$5351,endothelial cell of lymphatic vessel,CT,lymph_node,CL:0002138
CL:0019017$$5352,lymphatic vessel smooth muscle cell,CT,lymph_node,CL:0019017
UBERON:0034729,sympathetic nerve,AS,lymph_node,UBERON:0034729
CL:0011103$$5353,sympathetic neuron,CT,lymph_node,CL:0011103
UBERON:8410034$$5354,lymph node artery,AS,lymph_node,UBERON:8410034
CL:0000071$$5355,blood vessel endothelial cell,CT,lymph_node,CL:0000071
UBERON:8410033$$5356,lymph node vein,AS,lymph_node,UBERON:8410033
CL:0000071$$5357,blood vessel endothelial cell,CT,lymph_node,CL:0000071
UBERON:0002182,main bronchus,AS,main_bronchus,UBERON:0002182
UBERON:0003590,main bronchus connective tissue,AS,main_bronchus,UBERON:0003590
UBERON:0004241,main bronchus smooth muscle,AS,main_bronchus,UBERON:0004241
CL:0002598$$5358,bronchial smooth muscle cell,CT,main_bronchus,CL:0002598
UBERON:8410043$$5359,bronchus submucosal gland,AS,main_bronchus,UBERON:8410043
UBERON:8600010$$5360,bronchial submucosal gland ciliated duct,AS,main_bronchus,UBERON:8600010
CL:4033055$$5361,airway submucosal gland duct ciliated cell,CT,main_bronchus,CL:4033055
UBERON:8600013$$5362,submucosal gland collecting duct,AS,main_bronchus,UBERON:8600013
CL:4033023$$5363,airway submucosal gland collecting duct epithelial cell,CT,main_bronchus,CL:4033023
UBERON:8600012$$5364,submucosal gland acinus,AS,main_bronchus,UBERON:8600012
CL:1000331,serous cell of epithelium of bronchus,CT,main_bronchus,CL:1000331
CL:4033022$$5365,mucus secreting cell of bronchus submucosal gland,CT,main_bronchus,CL:4033022
CL:4033003$$5366,myoepithelial cell of bronchus submucosal gland,CT,main_bronchus,CL:4033003
CL:4033024$$5367,airway submucosal gland duct basal cell,CT,main_bronchus,CL:4033024
UBERON:0001956$$5368,cartilage of bronchus,AS,main_bronchus,UBERON:0001956
CL:0019002$$5369,tracheobronchial chondrocyte,CT,main_bronchus,CL:0019002
CL:0019002$$5370,lung perichondrial fibroblast,CT,main_bronchus,CL:0019002
UBERON:0002340,epithelium of main bronchus,AS,main_bronchus,UBERON:0002340
CL:0017000$$5371,pulmonary ionocyte,CT,main_bronchus,CL:0017000
CL:4033010$$5372,neuroendocrine cell of epithelium of lobar bronchus,CT,main_bronchus,CL:4033010
CL:4033048$$5373,respiratory suprabasal cell,CT,main_bronchus,CL:4033048
CL:0002332$$5374,ciliated cell of the bronchus,CT,main_bronchus,CL:0002332
CL:4033007$$5375,brush cell of epithelium of lobar bronchus,CT,main_bronchus,CL:4033007
CL:4033044$$5376,deuterosomal cell,CT,main_bronchus,CL:4033044
CL:4033009$$5377,goblet cell of epithelium of lobar bronchus,CT,main_bronchus,CL:4033009
CL:1000349,basal cell of epithelium of bronchus,CT,main_bronchus,CL:1000349
UBERON:0004848$$5378,respiratory system arterial endothelium,AS,main_bronchus,UBERON:0004848
CL:1000413$$5379,endothelial cell of artery,CT,main_bronchus,CL:1000413
UBERON:0012416$$5380,respiratory system arterial smooth muscle,AS,main_bronchus,UBERON:0012416
CL:0019018$$5381,blood vessel smooth muscle cell,CT,main_bronchus,CL:0019018
UBERON:0004849$$5382,respiratory system venous endothelium,AS,main_bronchus,UBERON:0004849
CL:4033008$$5383,vein endothelial cell of respiratory system,CT,main_bronchus,CL:4033008
UBERON:0012418$$5384,respiratory system venous smooth muscle,AS,main_bronchus,UBERON:0012418
CL:0019018$$5385,blood vessel smooth muscle cell,CT,main_bronchus,CL:0019018
UBERON:0000165,mouth,AS,mouth,UBERON:0000165
ASCTB-TEMP:tongue,tongue,AS,mouth,ASCTB-TEMP:tongue
UBERON:0003729,mouth mucosa,AS,mouth,UBERON:0003729
UBERON:0001828,gingiva,AS,mouth,UBERON:0001828
CL:0002621,gingival epithelial cell,CT,mouth,CL:0002621
UBERON:0006956,buccal mucosa,AS,mouth,UBERON:0006956
UBERON:0004923,mucosa of the lip,AS,mouth,UBERON:0004923
UBERON:0035967,alveolar mucosa,AS,mouth,UBERON:0035967
UBERON:0010047,oral gland,AS,mouth,UBERON:0010047
UBERON:0001044,saliva-secreting gland,AS,mouth,UBERON:0001044
UBERON:0001829,major salivary gland,AS,mouth,UBERON:0001829
UBERON:0001831,parotid gland,AS,mouth,UBERON:0001831
CL:0000136$$5386,adipocyte,CT,mouth,CL:0000136
ASCTB-TEMP:basal-ductal-cell,basal ductal cell,CT,mouth,ASCTB-TEMP:basal-ductal-cell
CL:0000451$$5387,dendritic cell,CT,mouth,CL:0000451
CL:0000115$$5388,endothelial cell,CT,mouth,CL:0000115
ASCTB-TEMP:excretory-duct-epithelial-cell,excretory duct epithelial cell,CT,mouth,ASCTB-TEMP:excretory-duct-epithelial-cell
ASCTB-TEMP:helper-t,helper T,CT,mouth,ASCTB-TEMP:helper-t
CL:0000987,IgA plasma cell,CT,mouth,CL:0000987
CL:4052048,intercalated cell of salivary gland,CT,mouth,CL:4052048
ASCTB-TEMP:ionocyte,ionocyte,CT,mouth,ASCTB-TEMP:ionocyte
CL:0000235$$5389,macrophage,CT,mouth,CL:0000235
CL:0000097$$5390,mast cell,CT,mouth,CL:0000097
ASCTB-TEMP:myoepithelial-cell,myoepithelial cell,CT,mouth,ASCTB-TEMP:myoepithelial-cell
ASCTB-TEMP:periacinar-fibroblast,periacinar fibroblast,CT,mouth,ASCTB-TEMP:periacinar-fibroblast
CL:0000669$$5391,pericyte,CT,mouth,CL:0000669
ASCTB-TEMP:periductal-fibroblast,periductal fibroblast,CT,mouth,ASCTB-TEMP:periductal-fibroblast
ASCTB-TEMP:serous-acinar-cell,serous acinar cell,CT,mouth,ASCTB-TEMP:serous-acinar-cell
CL:0000192$$5392,smooth muscle cell,CT,mouth,CL:0000192
CL:4052049,striated cell of salivary gland,CT,mouth,CL:4052049
ASCTB-TEMP:tuft-cell,tuft cell,CT,mouth,ASCTB-TEMP:tuft-cell
UBERON:0001832,sublingual gland,AS,mouth,UBERON:0001832
ASCTB-TEMP:basal-ductal-cell$$5393,basal ductal cell,CT,mouth,ASCTB-TEMP:basal-ductal-cell
ASCTB-TEMP:demilune-acinar-cell,demilune acinar cell,CT,mouth,ASCTB-TEMP:demilune-acinar-cell
CL:0000451$$5394,dendritic cell,CT,mouth,CL:0000451
CL:0000115$$5395,endothelial cell,CT,mouth,CL:0000115
ASCTB-TEMP:helper-t$$5396,helper T,CT,mouth,ASCTB-TEMP:helper-t
CL:0000987$$5397,IgA plasma cell,CT,mouth,CL:0000987
CL:4052048$$5398,intercalated cell of salivary gland,CT,mouth,CL:4052048
ASCTB-TEMP:ionocyte$$5399,ionocyte,CT,mouth,ASCTB-TEMP:ionocyte
CL:0000235$$5400,macrophage,CT,mouth,CL:0000235
CL:0000097$$5401,mast cell,CT,mouth,CL:0000097
ASCTB-TEMP:mucous-acinar-cell,mucous acinar cell,CT,mouth,ASCTB-TEMP:mucous-acinar-cell
ASCTB-TEMP:myoepithelial-cell$$5402,myoepithelial cell,CT,mouth,ASCTB-TEMP:myoepithelial-cell
ASCTB-TEMP:periacinar-fibroblast$$5403,periacinar fibroblast,CT,mouth,ASCTB-TEMP:periacinar-fibroblast
CL:0000669$$5404,pericyte,CT,mouth,CL:0000669
ASCTB-TEMP:periductal-fibroblast$$5405,periductal fibroblast,CT,mouth,ASCTB-TEMP:periductal-fibroblast
ASCTB-TEMP:seromucosal-acinar-cell,seromucosal acinar cell,CT,mouth,ASCTB-TEMP:seromucosal-acinar-cell
CL:0000192$$5406,smooth muscle cell,CT,mouth,CL:0000192
UBERON:0001736,submandibular gland,AS,mouth,UBERON:0001736
ASCTB-TEMP:basal-ductal-cell$$5407,basal ductal cell,CT,mouth,ASCTB-TEMP:basal-ductal-cell
ASCTB-TEMP:demilune-acinar-cell$$5408,demilune acinar cell,CT,mouth,ASCTB-TEMP:demilune-acinar-cell
CL:0000451$$5409,dendritic cell,CT,mouth,CL:0000451
CL:0000115$$5410,endothelial cell,CT,mouth,CL:0000115
ASCTB-TEMP:excretory-duct-epithelial-cell$$5411,excretory duct epithelial cell,CT,mouth,ASCTB-TEMP:excretory-duct-epithelial-cell
ASCTB-TEMP:helper-t$$5412,helper T,CT,mouth,ASCTB-TEMP:helper-t
CL:0000987$$5413,IgA plasma cell,CT,mouth,CL:0000987
CL:4052048$$5414,intercalated cell of salivary gland,CT,mouth,CL:4052048
ASCTB-TEMP:ionocyte$$5415,ionocyte,CT,mouth,ASCTB-TEMP:ionocyte
CL:0000235$$5416,macrophage,CT,mouth,CL:0000235
CL:0000097$$5417,mast cell,CT,mouth,CL:0000097
ASCTB-TEMP:mucous-acinar-cell$$5418,mucous acinar cell,CT,mouth,ASCTB-TEMP:mucous-acinar-cell
ASCTB-TEMP:myoepithelial-cell$$5419,myoepithelial cell,CT,mouth,ASCTB-TEMP:myoepithelial-cell
ASCTB-TEMP:periacinar-fibroblast$$5420,periacinar fibroblast,CT,mouth,ASCTB-TEMP:periacinar-fibroblast
CL:0000669$$5421,pericyte,CT,mouth,CL:0000669
ASCTB-TEMP:periductal-fibroblast$$5422,periductal fibroblast,CT,mouth,ASCTB-TEMP:periductal-fibroblast
ASCTB-TEMP:seromucosal-acinar-cell$$5423,seromucosal acinar cell,CT,mouth,ASCTB-TEMP:seromucosal-acinar-cell
CL:0000192$$5424,smooth muscle cell,CT,mouth,CL:0000192
CL:4052049$$5425,striated cell of salivary gland,CT,mouth,CL:4052049
ASCTB-TEMP:tuft-cell$$5426,tuft cell,CT,mouth,ASCTB-TEMP:tuft-cell
UBERON:0001830,minor salivary gland,AS,mouth,UBERON:0001830
UBERON:0006330,anterior lingual gland,AS,mouth,UBERON:0006330
UBERON:8480065,labial gland,AS,mouth,UBERON:8480065
UBERON:0002447,palatine gland,AS,mouth,UBERON:0002447
UBERON:0034934,Weber's gland,AS,mouth,UBERON:0034934
UBERON:0000992,ovary,AS,ovary,UBERON:0000992
UBERON:0001342,mesovarium,AS,ovary,UBERON:0001342
UBERON:0008847,ovarian ligament,AS,ovary,UBERON:0008847
FMA:18652,hilum of ovary,AS,ovary,FMA:18652
CL:0002095,hilar cell,CT,ovary,CL:0002095
UBERON:0001190$$5427,ovarian artery,AS,ovary,UBERON:0001190
UBERON:0001145,ovarian vein,AS,ovary,UBERON:0001145
UBERON:0001330$$5428,pampiniform plexus,AS,ovary,UBERON:0001330
UBERON:0010185,rete ovarii,AS,ovary,UBERON:0010185
ASCTB-TEMP:central-ovary,central ovary,AS,ovary,ASCTB-TEMP:central-ovary
ASCTB-TEMP:central-inferior-ovary,central inferior ovary,AS,ovary,ASCTB-TEMP:central-inferior-ovary
ASCTB-TEMP:central-inferior-antimesenteric-ovary,central inferior antimesenteric ovary,AS,ovary,ASCTB-TEMP:central-inferior-antimesenteric-ovary
UBERON:0004911,epithelium of female gonad,AS,ovary,UBERON:0004911
ASCTB-TEMP:columnar-ovarian-surface-epithelial-cell,columnar ovarian surface epithelial cell,CT,ovary,ASCTB-TEMP:columnar-ovarian-surface-epithelial-cell
ASCTB-TEMP:flattened-cuboidal-ovarian-surface-epithelial-cell,flattened cuboidal ovarian surface epithelial cell,CT,ovary,ASCTB-TEMP:flattened-cuboidal-ovarian-surface-epithelial-cell
ASCTB-TEMP:ovarian-corticomedullary-junction,ovarian corticomedullary junction,AS,ovary,ASCTB-TEMP:ovarian-corticomedullary-junction
UBERON:0006644,tunica albuginea of ovary,AS,ovary,UBERON:0006644
ASCTB-TEMP:central-inferior-mesenteric-ovary,central inferior mesenteric ovary,AS,ovary,ASCTB-TEMP:central-inferior-mesenteric-ovary
UBERON:0004911$$5429,epithelium of female gonad,AS,ovary,UBERON:0004911
ASCTB-TEMP:columnar-ovarian-surface-epithelial-cell$$5430,columnar ovarian surface epithelial cell,CT,ovary,ASCTB-TEMP:columnar-ovarian-surface-epithelial-cell
ASCTB-TEMP:flattened-cuboidal-ovarian-surface-epithelial-cell$$5431,flattened cuboidal ovarian surface epithelial cell,CT,ovary,ASCTB-TEMP:flattened-cuboidal-ovarian-surface-epithelial-cell
ASCTB-TEMP:ovarian-corticomedullary-junction$$5432,ovarian corticomedullary junction,AS,ovary,ASCTB-TEMP:ovarian-corticomedullary-junction
UBERON:0006644$$5433,tunica albuginea of ovary,AS,ovary,UBERON:0006644
ASCTB-TEMP:central-superior-ovary,central superior ovary,AS,ovary,ASCTB-TEMP:central-superior-ovary
ASCTB-TEMP:central-superior-antimesenteric-ovary,central superior antimesenteric ovary,AS,ovary,ASCTB-TEMP:central-superior-antimesenteric-ovary
UBERON:0004911$$5434,epithelium of female gonad,AS,ovary,UBERON:0004911
ASCTB-TEMP:columnar-ovarian-surface-epithelial-cell$$5435,columnar ovarian surface epithelial cell,CT,ovary,ASCTB-TEMP:columnar-ovarian-surface-epithelial-cell
ASCTB-TEMP:flattened-cuboidal-ovarian-surface-epithelial-cell$$5436,flattened cuboidal ovarian surface epithelial cell,CT,ovary,ASCTB-TEMP:flattened-cuboidal-ovarian-surface-epithelial-cell
ASCTB-TEMP:ovarian-corticomedullary-junction$$5437,ovarian corticomedullary junction,AS,ovary,ASCTB-TEMP:ovarian-corticomedullary-junction
UBERON:0006644$$5438,tunica albuginea of ovary,AS,ovary,UBERON:0006644
ASCTB-TEMP:central-superior-mesenteric-ovary,central superior mesenteric ovary,AS,ovary,ASCTB-TEMP:central-superior-mesenteric-ovary
UBERON:0004911$$5439,epithelium of female gonad,AS,ovary,UBERON:0004911
ASCTB-TEMP:columnar-ovarian-surface-epithelial-cell$$5440,columnar ovarian surface epithelial cell,CT,ovary,ASCTB-TEMP:columnar-ovarian-surface-epithelial-cell
ASCTB-TEMP:flattened-cuboidal-ovarian-surface-epithelial-cell$$5441,flattened cuboidal ovarian surface epithelial cell,CT,ovary,ASCTB-TEMP:flattened-cuboidal-ovarian-surface-epithelial-cell
ASCTB-TEMP:ovarian-corticomedullary-junction$$5442,ovarian corticomedullary junction,AS,ovary,ASCTB-TEMP:ovarian-corticomedullary-junction
UBERON:0006644$$5443,tunica albuginea of ovary,AS,ovary,UBERON:0006644
ASCTB-TEMP:lateral-ovary,lateral ovary,AS,ovary,ASCTB-TEMP:lateral-ovary
ASCTB-TEMP:lateral-inferior-ovary,lateral inferior ovary,AS,ovary,ASCTB-TEMP:lateral-inferior-ovary
ASCTB-TEMP:lateral-inferior-antimesenteric-ovary,lateral inferior antimesenteric ovary,AS,ovary,ASCTB-TEMP:lateral-inferior-antimesenteric-ovary
UBERON:0004911$$5444,epithelium of female gonad,AS,ovary,UBERON:0004911
ASCTB-TEMP:columnar-ovarian-surface-epithelial-cell$$5445,columnar ovarian surface epithelial cell,CT,ovary,ASCTB-TEMP:columnar-ovarian-surface-epithelial-cell
ASCTB-TEMP:flattened-cuboidal-ovarian-surface-epithelial-cell$$5446,flattened cuboidal ovarian surface epithelial cell,CT,ovary,ASCTB-TEMP:flattened-cuboidal-ovarian-surface-epithelial-cell
ASCTB-TEMP:ovarian-corticomedullary-junction$$5447,ovarian corticomedullary junction,AS,ovary,ASCTB-TEMP:ovarian-corticomedullary-junction
UBERON:0006644$$5448,tunica albuginea of ovary,AS,ovary,UBERON:0006644
ASCTB-TEMP:lateral-inferior-mesenteric-ovary,lateral inferior mesenteric ovary,AS,ovary,ASCTB-TEMP:lateral-inferior-mesenteric-ovary
UBERON:0004911$$5449,epithelium of female gonad,AS,ovary,UBERON:0004911
ASCTB-TEMP:columnar-ovarian-surface-epithelial-cell$$5450,columnar ovarian surface epithelial cell,CT,ovary,ASCTB-TEMP:columnar-ovarian-surface-epithelial-cell
ASCTB-TEMP:flattened-cuboidal-ovarian-surface-epithelial-cell$$5451,flattened cuboidal ovarian surface epithelial cell,CT,ovary,ASCTB-TEMP:flattened-cuboidal-ovarian-surface-epithelial-cell
ASCTB-TEMP:ovarian-corticomedullary-junction$$5452,ovarian corticomedullary junction,AS,ovary,ASCTB-TEMP:ovarian-corticomedullary-junction
UBERON:0006644$$5453,tunica albuginea of ovary,AS,ovary,UBERON:0006644
ASCTB-TEMP:lateral-superior-ovary,lateral superior ovary,AS,ovary,ASCTB-TEMP:lateral-superior-ovary
ASCTB-TEMP:lateral-superior-antimesenteric-ovary,lateral superior antimesenteric ovary,AS,ovary,ASCTB-TEMP:lateral-superior-antimesenteric-ovary
UBERON:0004911$$5454,epithelium of female gonad,AS,ovary,UBERON:0004911
ASCTB-TEMP:columnar-ovarian-surface-epithelial-cell$$5455,columnar ovarian surface epithelial cell,CT,ovary,ASCTB-TEMP:columnar-ovarian-surface-epithelial-cell
ASCTB-TEMP:flattened-cuboidal-ovarian-surface-epithelial-cell$$5456,flattened cuboidal ovarian surface epithelial cell,CT,ovary,ASCTB-TEMP:flattened-cuboidal-ovarian-surface-epithelial-cell
ASCTB-TEMP:ovarian-corticomedullary-junction$$5457,ovarian corticomedullary junction,AS,ovary,ASCTB-TEMP:ovarian-corticomedullary-junction
UBERON:0006644$$5458,tunica albuginea of ovary,AS,ovary,UBERON:0006644
ASCTB-TEMP:lateral-superior-mesenteric-ovary,lateral superior mesenteric ovary,AS,ovary,ASCTB-TEMP:lateral-superior-mesenteric-ovary
UBERON:0004911$$5459,epithelium of female gonad,AS,ovary,UBERON:0004911
ASCTB-TEMP:columnar-ovarian-surface-epithelial-cell$$5460,columnar ovarian surface epithelial cell,CT,ovary,ASCTB-TEMP:columnar-ovarian-surface-epithelial-cell
ASCTB-TEMP:flattened-cuboidal-ovarian-surface-epithelial-cell$$5461,flattened cuboidal ovarian surface epithelial cell,CT,ovary,ASCTB-TEMP:flattened-cuboidal-ovarian-surface-epithelial-cell
ASCTB-TEMP:ovarian-corticomedullary-junction$$5462,ovarian corticomedullary junction,AS,ovary,ASCTB-TEMP:ovarian-corticomedullary-junction
UBERON:0006644$$5463,tunica albuginea of ovary,AS,ovary,UBERON:0006644
ASCTB-TEMP:medial-ovary,medial ovary,AS,ovary,ASCTB-TEMP:medial-ovary
ASCTB-TEMP:medial-inferior-ovary,medial inferior ovary,AS,ovary,ASCTB-TEMP:medial-inferior-ovary
ASCTB-TEMP:medial-inferior-antimesenteric-ovary,medial inferior antimesenteric ovary,AS,ovary,ASCTB-TEMP:medial-inferior-antimesenteric-ovary
UBERON:0004911$$5464,epithelium of female gonad,AS,ovary,UBERON:0004911
ASCTB-TEMP:columnar-ovarian-surface-epithelial-cell$$5465,columnar ovarian surface epithelial cell,CT,ovary,ASCTB-TEMP:columnar-ovarian-surface-epithelial-cell
ASCTB-TEMP:flattened-cuboidal-ovarian-surface-epithelial-cell$$5466,flattened cuboidal ovarian surface epithelial cell,CT,ovary,ASCTB-TEMP:flattened-cuboidal-ovarian-surface-epithelial-cell
ASCTB-TEMP:ovarian-corticomedullary-junction$$5467,ovarian corticomedullary junction,AS,ovary,ASCTB-TEMP:ovarian-corticomedullary-junction
UBERON:0006644$$5468,tunica albuginea of ovary,AS,ovary,UBERON:0006644
ASCTB-TEMP:medial-inferior-mesenteric-ovary,medial inferior mesenteric ovary,AS,ovary,ASCTB-TEMP:medial-inferior-mesenteric-ovary
UBERON:0004911$$5469,epithelium of female gonad,AS,ovary,UBERON:0004911
ASCTB-TEMP:columnar-ovarian-surface-epithelial-cell$$5470,columnar ovarian surface epithelial cell,CT,ovary,ASCTB-TEMP:columnar-ovarian-surface-epithelial-cell
ASCTB-TEMP:flattened-cuboidal-ovarian-surface-epithelial-cell$$5471,flattened cuboidal ovarian surface epithelial cell,CT,ovary,ASCTB-TEMP:flattened-cuboidal-ovarian-surface-epithelial-cell
ASCTB-TEMP:ovarian-corticomedullary-junction$$5472,ovarian corticomedullary junction,AS,ovary,ASCTB-TEMP:ovarian-corticomedullary-junction
UBERON:0006644$$5473,tunica albuginea of ovary,AS,ovary,UBERON:0006644
ASCTB-TEMP:medial-superior-ovary,medial superior ovary,AS,ovary,ASCTB-TEMP:medial-superior-ovary
ASCTB-TEMP:medial-superior-antimesenteric-ovary,medial superior antimesenteric ovary,AS,ovary,ASCTB-TEMP:medial-superior-antimesenteric-ovary
UBERON:0004911$$5474,epithelium of female gonad,AS,ovary,UBERON:0004911
ASCTB-TEMP:columnar-ovarian-surface-epithelial-cell$$5475,columnar ovarian surface epithelial cell,CT,ovary,ASCTB-TEMP:columnar-ovarian-surface-epithelial-cell
ASCTB-TEMP:flattened-cuboidal-ovarian-surface-epithelial-cell$$5476,flattened cuboidal ovarian surface epithelial cell,CT,ovary,ASCTB-TEMP:flattened-cuboidal-ovarian-surface-epithelial-cell
ASCTB-TEMP:ovarian-corticomedullary-junction$$5477,ovarian corticomedullary junction,AS,ovary,ASCTB-TEMP:ovarian-corticomedullary-junction
UBERON:0006644$$5478,tunica albuginea of ovary,AS,ovary,UBERON:0006644
ASCTB-TEMP:medial-superior-mesenteric-ovary,medial superior mesenteric ovary,AS,ovary,ASCTB-TEMP:medial-superior-mesenteric-ovary
UBERON:0004911$$5479,epithelium of female gonad,AS,ovary,UBERON:0004911
ASCTB-TEMP:columnar-ovarian-surface-epithelial-cell$$5480,columnar ovarian surface epithelial cell,CT,ovary,ASCTB-TEMP:columnar-ovarian-surface-epithelial-cell
ASCTB-TEMP:flattened-cuboidal-ovarian-surface-epithelial-cell$$5481,flattened cuboidal ovarian surface epithelial cell,CT,ovary,ASCTB-TEMP:flattened-cuboidal-ovarian-surface-epithelial-cell
ASCTB-TEMP:ovarian-corticomedullary-junction$$5482,ovarian corticomedullary junction,AS,ovary,ASCTB-TEMP:ovarian-corticomedullary-junction
UBERON:0006644$$5483,tunica albuginea of ovary,AS,ovary,UBERON:0006644
UBERON:0013191,ovarian cortex,AS,ovary,UBERON:0013191
ASCTB-TEMP:cortical-blood-vessels,cortical blood vessels,AS,ovary,ASCTB-TEMP:cortical-blood-vessels
UBERON:0001305,ovarian follicle,AS,ovary,UBERON:0001305
UBERON:0002512,corpus luteum,AS,ovary,UBERON:0002512
ASCTB-TEMP:corpus-luteum-endothelial-cell,corpus luteum endothelial cell,CT,ovary,ASCTB-TEMP:corpus-luteum-endothelial-cell
ASCTB-TEMP:corpus-luteum-macrophage,corpus luteum macrophage,CT,ovary,ASCTB-TEMP:corpus-luteum-macrophage
FMA:18713,corpus luteum of pregnancy,AS,ovary,FMA:18713
UBERON:0000450,corpus albicans,AS,ovary,UBERON:0000450
FMA:323217,Corpus fibrosum of ovary,AS,ovary,FMA:323217
UBERON:0006960,ovary stroma,AS,ovary,UBERON:0006960
ASCTB-TEMP:stroma-type-i-cell,Stroma Type I cell,CT,ovary,ASCTB-TEMP:stroma-type-i-cell
ASCTB-TEMP:stroma-type-ii-cell,Stroma Type II cell,CT,ovary,ASCTB-TEMP:stroma-type-ii-cell
ASCTB-TEMP:stroma-type-iii-cell,Stroma Type III cell,CT,ovary,ASCTB-TEMP:stroma-type-iii-cell
ASCTB-TEMP:stroma-type-iv-cell,Stroma Type IV cell,CT,ovary,ASCTB-TEMP:stroma-type-iv-cell
ASCTB-TEMP:stroma-type-v-cell,Stroma Type V cell,CT,ovary,ASCTB-TEMP:stroma-type-v-cell
UBERON:0013192,ovarian medulla,AS,ovary,UBERON:0013192
ASCTB-TEMP:matrisome,matrisome,AS,ovary,ASCTB-TEMP:matrisome
ASCTB-TEMP:ovarian-medullary-vasculature,ovarian medullary vasculature,AS,ovary,ASCTB-TEMP:ovarian-medullary-vasculature
ASCTB-TEMP:lymphatic-vessel,lymphatic vessel,AS,ovary,ASCTB-TEMP:lymphatic-vessel
ASCTB-TEMP:nerve,nerve,AS,ovary,ASCTB-TEMP:nerve
UBERON:0013191$$5484,ovarian cortex,AS,ovary,UBERON:0013191
ASCTB-TEMP:cortical-blood-vessels$$5485,cortical blood vessels,AS,ovary,ASCTB-TEMP:cortical-blood-vessels
UBERON:0001305$$5486,ovarian follicle,AS,ovary,UBERON:0001305
UBERON:0002512$$5487,corpus luteum,AS,ovary,UBERON:0002512
ASCTB-TEMP:corpus-luteum-endothelial-cell$$5488,corpus luteum endothelial cell,CT,ovary,ASCTB-TEMP:corpus-luteum-endothelial-cell
ASCTB-TEMP:corpus-luteum-macrophage$$5489,corpus luteum macrophage,CT,ovary,ASCTB-TEMP:corpus-luteum-macrophage
FMA:18713$$5490,corpus luteum of pregnancy,AS,ovary,FMA:18713
UBERON:0000450$$5491,corpus albicans,AS,ovary,UBERON:0000450
FMA:323217$$5492,Corpus fibrosum of ovary,AS,ovary,FMA:323217
UBERON:0006960$$5493,ovary stroma,AS,ovary,UBERON:0006960
ASCTB-TEMP:stroma-type-i-cell$$5494,Stroma Type I cell,CT,ovary,ASCTB-TEMP:stroma-type-i-cell
ASCTB-TEMP:stroma-type-ii-cell$$5495,Stroma Type II cell,CT,ovary,ASCTB-TEMP:stroma-type-ii-cell
ASCTB-TEMP:stroma-type-iii-cell$$5496,Stroma Type III cell,CT,ovary,ASCTB-TEMP:stroma-type-iii-cell
ASCTB-TEMP:stroma-type-iv-cell$$5497,Stroma Type IV cell,CT,ovary,ASCTB-TEMP:stroma-type-iv-cell
ASCTB-TEMP:stroma-type-v-cell$$5498,Stroma Type V cell,CT,ovary,ASCTB-TEMP:stroma-type-v-cell
UBERON:0006960$$5499,Ovarian stroma,AS,ovary,UBERON:0006960
UBERON:0003315,mesenchyme of ovary,AS,ovary,UBERON:0003315
ASCTB-TEMP:matrisome$$5500,matrisome,AS,ovary,ASCTB-TEMP:matrisome
UBERON:0013192$$5501,ovarian medulla,AS,ovary,UBERON:0013192
ASCTB-TEMP:ovarian-medullary-vasculature$$5502,ovarian medullary vasculature,AS,ovary,ASCTB-TEMP:ovarian-medullary-vasculature
ASCTB-TEMP:lymphatic-vessel$$5503,lymphatic vessel,AS,ovary,ASCTB-TEMP:lymphatic-vessel
ASCTB-TEMP:nerve$$5504,nerve,AS,ovary,ASCTB-TEMP:nerve
UBERON:0013191$$5505,ovarian cortex,AS,ovary,UBERON:0013191
ASCTB-TEMP:cortical-blood-vessels$$5506,cortical blood vessels,AS,ovary,ASCTB-TEMP:cortical-blood-vessels
UBERON:0001305$$5507,ovarian follicle,AS,ovary,UBERON:0001305
UBERON:0002512$$5508,corpus luteum,AS,ovary,UBERON:0002512
ASCTB-TEMP:corpus-luteum-endothelial-cell$$5509,corpus luteum endothelial cell,CT,ovary,ASCTB-TEMP:corpus-luteum-endothelial-cell
ASCTB-TEMP:corpus-luteum-macrophage$$5510,corpus luteum macrophage,CT,ovary,ASCTB-TEMP:corpus-luteum-macrophage
FMA:18713$$5511,corpus luteum of pregnancy,AS,ovary,FMA:18713
UBERON:0000450$$5512,corpus albicans,AS,ovary,UBERON:0000450
FMA:323217$$5513,Corpus fibrosum of ovary,AS,ovary,FMA:323217
UBERON:0006960$$5514,ovary stroma,AS,ovary,UBERON:0006960
ASCTB-TEMP:stroma-type-i-cell$$5515,Stroma Type I cell,CT,ovary,ASCTB-TEMP:stroma-type-i-cell
ASCTB-TEMP:stroma-type-ii-cell$$5516,Stroma Type II cell,CT,ovary,ASCTB-TEMP:stroma-type-ii-cell
ASCTB-TEMP:stroma-type-iii-cell$$5517,Stroma Type III cell,CT,ovary,ASCTB-TEMP:stroma-type-iii-cell
ASCTB-TEMP:stroma-type-iv-cell$$5518,Stroma Type IV cell,CT,ovary,ASCTB-TEMP:stroma-type-iv-cell
ASCTB-TEMP:stroma-type-v-cell$$5519,Stroma Type V cell,CT,ovary,ASCTB-TEMP:stroma-type-v-cell
ASCTB-TEMP:matrisome$$5520,matrisome,AS,ovary,ASCTB-TEMP:matrisome
UBERON:0013192$$5521,ovarian medulla,AS,ovary,UBERON:0013192
ASCTB-TEMP:ovarian-medullary-vasculature$$5522,ovarian medullary vasculature,AS,ovary,ASCTB-TEMP:ovarian-medullary-vasculature
ASCTB-TEMP:lymphatic-vessel$$5523,lymphatic vessel,AS,ovary,ASCTB-TEMP:lymphatic-vessel
ASCTB-TEMP:nerve$$5524,nerve,AS,ovary,ASCTB-TEMP:nerve
UBERON:0013191$$5525,ovarian cortex,AS,ovary,UBERON:0013191
ASCTB-TEMP:cortical-blood-vessels$$5526,cortical blood vessels,AS,ovary,ASCTB-TEMP:cortical-blood-vessels
UBERON:0001305$$5527,ovarian follicle,AS,ovary,UBERON:0001305
UBERON:0002512$$5528,corpus luteum,AS,ovary,UBERON:0002512
ASCTB-TEMP:corpus-luteum-endothelial-cell$$5529,corpus luteum endothelial cell,CT,ovary,ASCTB-TEMP:corpus-luteum-endothelial-cell
ASCTB-TEMP:corpus-luteum-macrophage$$5530,corpus luteum macrophage,CT,ovary,ASCTB-TEMP:corpus-luteum-macrophage
FMA:18713$$5531,corpus luteum of pregnancy,AS,ovary,FMA:18713
UBERON:0000450$$5532,corpus albicans,AS,ovary,UBERON:0000450
FMA:323217$$5533,Corpus fibrosum of ovary,AS,ovary,FMA:323217
UBERON:0006960$$5534,ovary stroma,AS,ovary,UBERON:0006960
ASCTB-TEMP:stroma-type-i-cell$$5535,Stroma Type I cell,CT,ovary,ASCTB-TEMP:stroma-type-i-cell
ASCTB-TEMP:stroma-type-ii-cell$$5536,Stroma Type II cell,CT,ovary,ASCTB-TEMP:stroma-type-ii-cell
ASCTB-TEMP:stroma-type-iii-cell$$5537,Stroma Type III cell,CT,ovary,ASCTB-TEMP:stroma-type-iii-cell
ASCTB-TEMP:stroma-type-iv-cell$$5538,Stroma Type IV cell,CT,ovary,ASCTB-TEMP:stroma-type-iv-cell
ASCTB-TEMP:stroma-type-v-cell$$5539,Stroma Type V cell,CT,ovary,ASCTB-TEMP:stroma-type-v-cell
ASCTB-TEMP:matrisome$$5540,matrisome,AS,ovary,ASCTB-TEMP:matrisome
UBERON:0013192$$5541,ovarian medulla,AS,ovary,UBERON:0013192
ASCTB-TEMP:ovarian-medullary-vasculature$$5542,ovarian medullary vasculature,AS,ovary,ASCTB-TEMP:ovarian-medullary-vasculature
ASCTB-TEMP:lymphatic-vessel$$5543,lymphatic vessel,AS,ovary,ASCTB-TEMP:lymphatic-vessel
ASCTB-TEMP:nerve$$5544,nerve,AS,ovary,ASCTB-TEMP:nerve
UBERON:0013191$$5545,ovarian cortex,AS,ovary,UBERON:0013191
ASCTB-TEMP:cortical-blood-vessels$$5546,cortical blood vessels,AS,ovary,ASCTB-TEMP:cortical-blood-vessels
UBERON:0001305$$5547,ovarian follicle,AS,ovary,UBERON:0001305
UBERON:0002512$$5548,corpus luteum,AS,ovary,UBERON:0002512
ASCTB-TEMP:corpus-luteum-endothelial-cell$$5549,corpus luteum endothelial cell,CT,ovary,ASCTB-TEMP:corpus-luteum-endothelial-cell
ASCTB-TEMP:corpus-luteum-macrophage$$5550,corpus luteum macrophage,CT,ovary,ASCTB-TEMP:corpus-luteum-macrophage
FMA:18713$$5551,corpus luteum of pregnancy,AS,ovary,FMA:18713
UBERON:0000450$$5552,corpus albicans,AS,ovary,UBERON:0000450
FMA:323217$$5553,Corpus fibrosum of ovary,AS,ovary,FMA:323217
UBERON:0006960$$5554,ovary stroma,AS,ovary,UBERON:0006960
ASCTB-TEMP:stroma-type-i-cell$$5555,Stroma Type I cell,CT,ovary,ASCTB-TEMP:stroma-type-i-cell
ASCTB-TEMP:stroma-type-ii-cell$$5556,Stroma Type II cell,CT,ovary,ASCTB-TEMP:stroma-type-ii-cell
ASCTB-TEMP:stroma-type-iii-cell$$5557,Stroma Type III cell,CT,ovary,ASCTB-TEMP:stroma-type-iii-cell
ASCTB-TEMP:stroma-type-iv-cell$$5558,Stroma Type IV cell,CT,ovary,ASCTB-TEMP:stroma-type-iv-cell
ASCTB-TEMP:stroma-type-v-cell$$5559,Stroma Type V cell,CT,ovary,ASCTB-TEMP:stroma-type-v-cell
ASCTB-TEMP:matrisome$$5560,matrisome,AS,ovary,ASCTB-TEMP:matrisome
UBERON:0013192$$5561,ovarian medulla,AS,ovary,UBERON:0013192
ASCTB-TEMP:ovarian-medullary-vasculature$$5562,ovarian medullary vasculature,AS,ovary,ASCTB-TEMP:ovarian-medullary-vasculature
ASCTB-TEMP:lymphatic-vessel$$5563,lymphatic vessel,AS,ovary,ASCTB-TEMP:lymphatic-vessel
ASCTB-TEMP:nerve$$5564,nerve,AS,ovary,ASCTB-TEMP:nerve
UBERON:0013191$$5565,ovarian cortex,AS,ovary,UBERON:0013191
ASCTB-TEMP:cortical-blood-vessels$$5566,cortical blood vessels,AS,ovary,ASCTB-TEMP:cortical-blood-vessels
UBERON:0001305$$5567,ovarian follicle,AS,ovary,UBERON:0001305
UBERON:0002512$$5568,corpus luteum,AS,ovary,UBERON:0002512
ASCTB-TEMP:corpus-luteum-endothelial-cell$$5569,corpus luteum endothelial cell,CT,ovary,ASCTB-TEMP:corpus-luteum-endothelial-cell
ASCTB-TEMP:corpus-luteum-macrophage$$5570,corpus luteum macrophage,CT,ovary,ASCTB-TEMP:corpus-luteum-macrophage
FMA:18713$$5571,corpus luteum of pregnancy,AS,ovary,FMA:18713
UBERON:0000450$$5572,corpus albicans,AS,ovary,UBERON:0000450
FMA:323217$$5573,Corpus fibrosum of ovary,AS,ovary,FMA:323217
UBERON:0006960$$5574,ovary stroma,AS,ovary,UBERON:0006960
ASCTB-TEMP:stroma-type-i-cell$$5575,Stroma Type I cell,CT,ovary,ASCTB-TEMP:stroma-type-i-cell
ASCTB-TEMP:stroma-type-ii-cell$$5576,Stroma Type II cell,CT,ovary,ASCTB-TEMP:stroma-type-ii-cell
ASCTB-TEMP:stroma-type-iii-cell$$5577,Stroma Type III cell,CT,ovary,ASCTB-TEMP:stroma-type-iii-cell
ASCTB-TEMP:stroma-type-iv-cell$$5578,Stroma Type IV cell,CT,ovary,ASCTB-TEMP:stroma-type-iv-cell
ASCTB-TEMP:stroma-type-v-cell$$5579,Stroma Type V cell,CT,ovary,ASCTB-TEMP:stroma-type-v-cell
ASCTB-TEMP:matrisome$$5580,matrisome,AS,ovary,ASCTB-TEMP:matrisome
UBERON:0013192$$5581,ovarian medulla,AS,ovary,UBERON:0013192
ASCTB-TEMP:ovarian-medullary-vasculature$$5582,ovarian medullary vasculature,AS,ovary,ASCTB-TEMP:ovarian-medullary-vasculature
ASCTB-TEMP:lymphatic-vessel$$5583,lymphatic vessel,AS,ovary,ASCTB-TEMP:lymphatic-vessel
ASCTB-TEMP:nerve$$5584,nerve,AS,ovary,ASCTB-TEMP:nerve
UBERON:0013191$$5585,ovarian cortex,AS,ovary,UBERON:0013191
ASCTB-TEMP:cortical-blood-vessels$$5586,cortical blood vessels,AS,ovary,ASCTB-TEMP:cortical-blood-vessels
UBERON:0001305$$5587,ovarian follicle,AS,ovary,UBERON:0001305
UBERON:0002512$$5588,corpus luteum,AS,ovary,UBERON:0002512
ASCTB-TEMP:corpus-luteum-endothelial-cell$$5589,corpus luteum endothelial cell,CT,ovary,ASCTB-TEMP:corpus-luteum-endothelial-cell
ASCTB-TEMP:corpus-luteum-macrophage$$5590,corpus luteum macrophage,CT,ovary,ASCTB-TEMP:corpus-luteum-macrophage
FMA:18713$$5591,corpus luteum of pregnancy,AS,ovary,FMA:18713
UBERON:0000450$$5592,corpus albicans,AS,ovary,UBERON:0000450
FMA:323217$$5593,Corpus fibrosum of ovary,AS,ovary,FMA:323217
UBERON:0006960$$5594,ovary stroma,AS,ovary,UBERON:0006960
ASCTB-TEMP:stroma-type-i-cell$$5595,Stroma Type I cell,CT,ovary,ASCTB-TEMP:stroma-type-i-cell
ASCTB-TEMP:stroma-type-ii-cell$$5596,Stroma Type II cell,CT,ovary,ASCTB-TEMP:stroma-type-ii-cell
ASCTB-TEMP:stroma-type-iii-cell$$5597,Stroma Type III cell,CT,ovary,ASCTB-TEMP:stroma-type-iii-cell
ASCTB-TEMP:stroma-type-iv-cell$$5598,Stroma Type IV cell,CT,ovary,ASCTB-TEMP:stroma-type-iv-cell
ASCTB-TEMP:stroma-type-v-cell$$5599,Stroma Type V cell,CT,ovary,ASCTB-TEMP:stroma-type-v-cell
ASCTB-TEMP:matrisome$$5600,matrisome,AS,ovary,ASCTB-TEMP:matrisome
UBERON:0013192$$5601,ovarian medulla,AS,ovary,UBERON:0013192
ASCTB-TEMP:ovarian-medullary-vasculature$$5602,ovarian medullary vasculature,AS,ovary,ASCTB-TEMP:ovarian-medullary-vasculature
ASCTB-TEMP:lymphatic-vessel$$5603,lymphatic vessel,AS,ovary,ASCTB-TEMP:lymphatic-vessel
ASCTB-TEMP:nerve$$5604,nerve,AS,ovary,ASCTB-TEMP:nerve
UBERON:0013191$$5605,ovarian cortex,AS,ovary,UBERON:0013191
ASCTB-TEMP:cortical-blood-vessels$$5606,cortical blood vessels,AS,ovary,ASCTB-TEMP:cortical-blood-vessels
UBERON:0001305$$5607,ovarian follicle,AS,ovary,UBERON:0001305
UBERON:0002512$$5608,corpus luteum,AS,ovary,UBERON:0002512
ASCTB-TEMP:corpus-luteum-endothelial-cell$$5609,corpus luteum endothelial cell,CT,ovary,ASCTB-TEMP:corpus-luteum-endothelial-cell
ASCTB-TEMP:corpus-luteum-macrophage$$5610,corpus luteum macrophage,CT,ovary,ASCTB-TEMP:corpus-luteum-macrophage
FMA:18713$$5611,corpus luteum of pregnancy,AS,ovary,FMA:18713
UBERON:0000450$$5612,corpus albicans,AS,ovary,UBERON:0000450
FMA:323217$$5613,Corpus fibrosum of ovary,AS,ovary,FMA:323217
UBERON:0006960$$5614,ovary stroma,AS,ovary,UBERON:0006960
ASCTB-TEMP:stroma-type-i-cell$$5615,Stroma Type I cell,CT,ovary,ASCTB-TEMP:stroma-type-i-cell
ASCTB-TEMP:stroma-type-ii-cell$$5616,Stroma Type II cell,CT,ovary,ASCTB-TEMP:stroma-type-ii-cell
ASCTB-TEMP:stroma-type-iii-cell$$5617,Stroma Type III cell,CT,ovary,ASCTB-TEMP:stroma-type-iii-cell
ASCTB-TEMP:stroma-type-iv-cell$$5618,Stroma Type IV cell,CT,ovary,ASCTB-TEMP:stroma-type-iv-cell
ASCTB-TEMP:stroma-type-v-cell$$5619,Stroma Type V cell,CT,ovary,ASCTB-TEMP:stroma-type-v-cell
ASCTB-TEMP:matrisome$$5620,matrisome,AS,ovary,ASCTB-TEMP:matrisome
UBERON:0013192$$5621,ovarian medulla,AS,ovary,UBERON:0013192
ASCTB-TEMP:ovarian-medullary-vasculature$$5622,ovarian medullary vasculature,AS,ovary,ASCTB-TEMP:ovarian-medullary-vasculature
ASCTB-TEMP:lymphatic-vessel$$5623,lymphatic vessel,AS,ovary,ASCTB-TEMP:lymphatic-vessel
ASCTB-TEMP:nerve$$5624,nerve,AS,ovary,ASCTB-TEMP:nerve
UBERON:0013191$$5625,ovarian cortex,AS,ovary,UBERON:0013191
ASCTB-TEMP:cortical-blood-vessels$$5626,cortical blood vessels,AS,ovary,ASCTB-TEMP:cortical-blood-vessels
UBERON:0001305$$5627,ovarian follicle,AS,ovary,UBERON:0001305
UBERON:0002512$$5628,corpus luteum,AS,ovary,UBERON:0002512
ASCTB-TEMP:corpus-luteum-endothelial-cell$$5629,corpus luteum endothelial cell,CT,ovary,ASCTB-TEMP:corpus-luteum-endothelial-cell
ASCTB-TEMP:corpus-luteum-macrophage$$5630,corpus luteum macrophage,CT,ovary,ASCTB-TEMP:corpus-luteum-macrophage
FMA:18713$$5631,corpus luteum of pregnancy,AS,ovary,FMA:18713
UBERON:0000450$$5632,corpus albicans,AS,ovary,UBERON:0000450
FMA:323217$$5633,Corpus fibrosum of ovary,AS,ovary,FMA:323217
UBERON:0006960$$5634,ovary stroma,AS,ovary,UBERON:0006960
ASCTB-TEMP:stroma-type-i-cell$$5635,Stroma Type I cell,CT,ovary,ASCTB-TEMP:stroma-type-i-cell
ASCTB-TEMP:stroma-type-ii-cell$$5636,Stroma Type II cell,CT,ovary,ASCTB-TEMP:stroma-type-ii-cell
ASCTB-TEMP:stroma-type-iii-cell$$5637,Stroma Type III cell,CT,ovary,ASCTB-TEMP:stroma-type-iii-cell
ASCTB-TEMP:stroma-type-iv-cell$$5638,Stroma Type IV cell,CT,ovary,ASCTB-TEMP:stroma-type-iv-cell
ASCTB-TEMP:stroma-type-v-cell$$5639,Stroma Type V cell,CT,ovary,ASCTB-TEMP:stroma-type-v-cell
ASCTB-TEMP:matrisome$$5640,matrisome,AS,ovary,ASCTB-TEMP:matrisome
UBERON:0013192$$5641,ovarian medulla,AS,ovary,UBERON:0013192
ASCTB-TEMP:ovarian-medullary-vasculature$$5642,ovarian medullary vasculature,AS,ovary,ASCTB-TEMP:ovarian-medullary-vasculature
ASCTB-TEMP:lymphatic-vessel$$5643,lymphatic vessel,AS,ovary,ASCTB-TEMP:lymphatic-vessel
ASCTB-TEMP:nerve$$5644,nerve,AS,ovary,ASCTB-TEMP:nerve
UBERON:0013191$$5645,ovarian cortex,AS,ovary,UBERON:0013191
ASCTB-TEMP:cortical-blood-vessels$$5646,cortical blood vessels,AS,ovary,ASCTB-TEMP:cortical-blood-vessels
UBERON:0001305$$5647,ovarian follicle,AS,ovary,UBERON:0001305
UBERON:0002512$$5648,corpus luteum,AS,ovary,UBERON:0002512
ASCTB-TEMP:corpus-luteum-endothelial-cell$$5649,corpus luteum endothelial cell,CT,ovary,ASCTB-TEMP:corpus-luteum-endothelial-cell
ASCTB-TEMP:corpus-luteum-macrophage$$5650,corpus luteum macrophage,CT,ovary,ASCTB-TEMP:corpus-luteum-macrophage
FMA:18713$$5651,corpus luteum of pregnancy,AS,ovary,FMA:18713
UBERON:0000450$$5652,corpus albicans,AS,ovary,UBERON:0000450
FMA:323217$$5653,Corpus fibrosum of ovary,AS,ovary,FMA:323217
UBERON:0006960$$5654,ovary stroma,AS,ovary,UBERON:0006960
ASCTB-TEMP:stroma-type-i-cell$$5655,Stroma Type I cell,CT,ovary,ASCTB-TEMP:stroma-type-i-cell
ASCTB-TEMP:stroma-type-ii-cell$$5656,Stroma Type II cell,CT,ovary,ASCTB-TEMP:stroma-type-ii-cell
ASCTB-TEMP:stroma-type-iii-cell$$5657,Stroma Type III cell,CT,ovary,ASCTB-TEMP:stroma-type-iii-cell
ASCTB-TEMP:stroma-type-iv-cell$$5658,Stroma Type IV cell,CT,ovary,ASCTB-TEMP:stroma-type-iv-cell
ASCTB-TEMP:stroma-type-v-cell$$5659,Stroma Type V cell,CT,ovary,ASCTB-TEMP:stroma-type-v-cell
ASCTB-TEMP:matrisome$$5660,matrisome,AS,ovary,ASCTB-TEMP:matrisome
UBERON:0013192$$5661,ovarian medulla,AS,ovary,UBERON:0013192
ASCTB-TEMP:ovarian-medullary-vasculature$$5662,ovarian medullary vasculature,AS,ovary,ASCTB-TEMP:ovarian-medullary-vasculature
ASCTB-TEMP:lymphatic-vessel$$5663,lymphatic vessel,AS,ovary,ASCTB-TEMP:lymphatic-vessel
ASCTB-TEMP:nerve$$5664,nerve,AS,ovary,ASCTB-TEMP:nerve
UBERON:0013191$$5665,ovarian cortex,AS,ovary,UBERON:0013191
ASCTB-TEMP:cortical-blood-vessels$$5666,cortical blood vessels,AS,ovary,ASCTB-TEMP:cortical-blood-vessels
UBERON:0001305$$5667,ovarian follicle,AS,ovary,UBERON:0001305
UBERON:0002512$$5668,corpus luteum,AS,ovary,UBERON:0002512
ASCTB-TEMP:corpus-luteum-endothelial-cell$$5669,corpus luteum endothelial cell,CT,ovary,ASCTB-TEMP:corpus-luteum-endothelial-cell
ASCTB-TEMP:corpus-luteum-macrophage$$5670,corpus luteum macrophage,CT,ovary,ASCTB-TEMP:corpus-luteum-macrophage
FMA:18713$$5671,corpus luteum of pregnancy,AS,ovary,FMA:18713
UBERON:0000450$$5672,corpus albicans,AS,ovary,UBERON:0000450
FMA:323217$$5673,Corpus fibrosum of ovary,AS,ovary,FMA:323217
UBERON:0006960$$5674,ovary stroma,AS,ovary,UBERON:0006960
ASCTB-TEMP:stroma-type-i-cell$$5675,Stroma Type I cell,CT,ovary,ASCTB-TEMP:stroma-type-i-cell
ASCTB-TEMP:stroma-type-ii-cell$$5676,Stroma Type II cell,CT,ovary,ASCTB-TEMP:stroma-type-ii-cell
ASCTB-TEMP:stroma-type-iii-cell$$5677,Stroma Type III cell,CT,ovary,ASCTB-TEMP:stroma-type-iii-cell
ASCTB-TEMP:stroma-type-iv-cell$$5678,Stroma Type IV cell,CT,ovary,ASCTB-TEMP:stroma-type-iv-cell
ASCTB-TEMP:stroma-type-v-cell$$5679,Stroma Type V cell,CT,ovary,ASCTB-TEMP:stroma-type-v-cell
ASCTB-TEMP:matrisome$$5680,matrisome,AS,ovary,ASCTB-TEMP:matrisome
UBERON:0013192$$5681,ovarian medulla,AS,ovary,UBERON:0013192
ASCTB-TEMP:ovarian-medullary-vasculature$$5682,ovarian medullary vasculature,AS,ovary,ASCTB-TEMP:ovarian-medullary-vasculature
ASCTB-TEMP:lymphatic-vessel$$5683,lymphatic vessel,AS,ovary,ASCTB-TEMP:lymphatic-vessel
ASCTB-TEMP:nerve$$5684,nerve,AS,ovary,ASCTB-TEMP:nerve
UBERON:0013191$$5685,ovarian cortex,AS,ovary,UBERON:0013191
ASCTB-TEMP:cortical-blood-vessels$$5686,cortical blood vessels,AS,ovary,ASCTB-TEMP:cortical-blood-vessels
UBERON:0001305$$5687,ovarian follicle,AS,ovary,UBERON:0001305
UBERON:0002512$$5688,corpus luteum,AS,ovary,UBERON:0002512
ASCTB-TEMP:corpus-luteum-endothelial-cell$$5689,corpus luteum endothelial cell,CT,ovary,ASCTB-TEMP:corpus-luteum-endothelial-cell
ASCTB-TEMP:corpus-luteum-macrophage$$5690,corpus luteum macrophage,CT,ovary,ASCTB-TEMP:corpus-luteum-macrophage
FMA:18713$$5691,corpus luteum of pregnancy,AS,ovary,FMA:18713
UBERON:0000450$$5692,corpus albicans,AS,ovary,UBERON:0000450
FMA:323217$$5693,Corpus fibrosum of ovary,AS,ovary,FMA:323217
UBERON:0006960$$5694,ovary stroma,AS,ovary,UBERON:0006960
ASCTB-TEMP:stroma-type-i-cell$$5695,Stroma Type I cell,CT,ovary,ASCTB-TEMP:stroma-type-i-cell
ASCTB-TEMP:stroma-type-ii-cell$$5696,Stroma Type II cell,CT,ovary,ASCTB-TEMP:stroma-type-ii-cell
ASCTB-TEMP:stroma-type-iii-cell$$5697,Stroma Type III cell,CT,ovary,ASCTB-TEMP:stroma-type-iii-cell
ASCTB-TEMP:stroma-type-iv-cell$$5698,Stroma Type IV cell,CT,ovary,ASCTB-TEMP:stroma-type-iv-cell
ASCTB-TEMP:stroma-type-v-cell$$5699,Stroma Type V cell,CT,ovary,ASCTB-TEMP:stroma-type-v-cell
ASCTB-TEMP:matrisome$$5700,matrisome,AS,ovary,ASCTB-TEMP:matrisome
UBERON:0013192$$5701,ovarian medulla,AS,ovary,UBERON:0013192
ASCTB-TEMP:ovarian-medullary-vasculature$$5702,ovarian medullary vasculature,AS,ovary,ASCTB-TEMP:ovarian-medullary-vasculature
ASCTB-TEMP:lymphatic-vessel$$5703,lymphatic vessel,AS,ovary,ASCTB-TEMP:lymphatic-vessel
ASCTB-TEMP:nerve$$5704,nerve,AS,ovary,ASCTB-TEMP:nerve
ASCTB-TEMP:preantral-follicle,preantral follicle,AS,ovary,ASCTB-TEMP:preantral-follicle
ASCTB-TEMP:antral-follicle,antral follicle,AS,ovary,ASCTB-TEMP:antral-follicle
UBERON:2001571,postovulatory follicle,AS,ovary,UBERON:2001571
ASCTB-TEMP:mural-granulosa-cell,mural granulosa cell,CT,ovary,ASCTB-TEMP:mural-granulosa-cell
UBERON:0007180,atretic follicle of ovary,AS,ovary,UBERON:0007180
CL:0000654,primary oocyte,CT,ovary,CL:0000654
ASCTB-TEMP:pre-antral-follicle-granulosa-cell,pre-antral follicle granulosa cell,CT,ovary,ASCTB-TEMP:pre-antral-follicle-granulosa-cell
ASCTB-TEMP:hemorrhagic-anovulatory-follicle,hemorrhagic anovulatory follicle,AS,ovary,ASCTB-TEMP:hemorrhagic-anovulatory-follicle
CL:0000654$$5705,primary oocyte,CT,ovary,CL:0000654
ASCTB-TEMP:pre-antral-follicle-granulosa-cell$$5706,pre-antral follicle granulosa cell,CT,ovary,ASCTB-TEMP:pre-antral-follicle-granulosa-cell
ASCTB-TEMP:luteinized-unruptured-follicle,luteinized unruptured follicle,AS,ovary,ASCTB-TEMP:luteinized-unruptured-follicle
CL:0000654$$5707,primary oocyte,CT,ovary,CL:0000654
ASCTB-TEMP:pre-antral-follicle-granulosa-cell$$5708,pre-antral follicle granulosa cell,CT,ovary,ASCTB-TEMP:pre-antral-follicle-granulosa-cell
ASCTB-TEMP:corpus-luteum-granulosa-lutein-layer,corpus luteum granulosa lutein layer,AS,ovary,ASCTB-TEMP:corpus-luteum-granulosa-lutein-layer
CL:0000175,luteal cell,CT,ovary,CL:0000175
ASCTB-TEMP:corpus-luteum-granulosa-theca-layer,corpus luteum granulosa theca layer,AS,ovary,ASCTB-TEMP:corpus-luteum-granulosa-theca-layer
CL:0000503,theca cell,CT,ovary,CL:0000503
ASCTB-TEMP:matrisome$$5709,matrisome,AS,ovary,ASCTB-TEMP:matrisome
ASCTB-TEMP:preantral-follicle$$5710,preantral follicle,AS,ovary,ASCTB-TEMP:preantral-follicle
ASCTB-TEMP:antral-follicle$$5711,antral follicle,AS,ovary,ASCTB-TEMP:antral-follicle
UBERON:2001571$$5712,postovulatory follicle,AS,ovary,UBERON:2001571
ASCTB-TEMP:mural-granulosa-cell$$5713,mural granulosa cell,CT,ovary,ASCTB-TEMP:mural-granulosa-cell
UBERON:0007180$$5714,atretic follicle of ovary,AS,ovary,UBERON:0007180
CL:0000654$$5715,primary oocyte,CT,ovary,CL:0000654
ASCTB-TEMP:pre-antral-follicle-granulosa-cell$$5716,pre-antral follicle granulosa cell,CT,ovary,ASCTB-TEMP:pre-antral-follicle-granulosa-cell
ASCTB-TEMP:hemorrhagic-anovulatory-follicle$$5717,hemorrhagic anovulatory follicle,AS,ovary,ASCTB-TEMP:hemorrhagic-anovulatory-follicle
CL:0000654$$5718,primary oocyte,CT,ovary,CL:0000654
ASCTB-TEMP:pre-antral-follicle-granulosa-cell$$5719,pre-antral follicle granulosa cell,CT,ovary,ASCTB-TEMP:pre-antral-follicle-granulosa-cell
ASCTB-TEMP:luteinized-unruptured-follicle$$5720,luteinized unruptured follicle,AS,ovary,ASCTB-TEMP:luteinized-unruptured-follicle
CL:0000654$$5721,primary oocyte,CT,ovary,CL:0000654
ASCTB-TEMP:pre-antral-follicle-granulosa-cell$$5722,pre-antral follicle granulosa cell,CT,ovary,ASCTB-TEMP:pre-antral-follicle-granulosa-cell
ASCTB-TEMP:corpus-luteum-granulosa-lutein-layer$$5723,corpus luteum granulosa lutein layer,AS,ovary,ASCTB-TEMP:corpus-luteum-granulosa-lutein-layer
CL:0000175$$5724,luteal cell,CT,ovary,CL:0000175
ASCTB-TEMP:corpus-luteum-granulosa-theca-layer$$5725,corpus luteum granulosa theca layer,AS,ovary,ASCTB-TEMP:corpus-luteum-granulosa-theca-layer
CL:0000503$$5726,theca cell,CT,ovary,CL:0000503
UBERON:0006960$$5727,Ovarian stroma,AS,ovary,UBERON:0006960
UBERON:0003315$$5728,mesenchyme of ovary,AS,ovary,UBERON:0003315
ASCTB-TEMP:matrisome$$5729,matrisome,AS,ovary,ASCTB-TEMP:matrisome
ASCTB-TEMP:preantral-follicle$$5730,preantral follicle,AS,ovary,ASCTB-TEMP:preantral-follicle
ASCTB-TEMP:antral-follicle$$5731,antral follicle,AS,ovary,ASCTB-TEMP:antral-follicle
UBERON:2001571$$5732,postovulatory follicle,AS,ovary,UBERON:2001571
ASCTB-TEMP:mural-granulosa-cell$$5733,mural granulosa cell,CT,ovary,ASCTB-TEMP:mural-granulosa-cell
UBERON:0007180$$5734,atretic follicle of ovary,AS,ovary,UBERON:0007180
CL:0000654$$5735,primary oocyte,CT,ovary,CL:0000654
ASCTB-TEMP:pre-antral-follicle-granulosa-cell$$5736,pre-antral follicle granulosa cell,CT,ovary,ASCTB-TEMP:pre-antral-follicle-granulosa-cell
ASCTB-TEMP:hemorrhagic-anovulatory-follicle$$5737,hemorrhagic anovulatory follicle,AS,ovary,ASCTB-TEMP:hemorrhagic-anovulatory-follicle
CL:0000654$$5738,primary oocyte,CT,ovary,CL:0000654
ASCTB-TEMP:pre-antral-follicle-granulosa-cell$$5739,pre-antral follicle granulosa cell,CT,ovary,ASCTB-TEMP:pre-antral-follicle-granulosa-cell
ASCTB-TEMP:luteinized-unruptured-follicle$$5740,luteinized unruptured follicle,AS,ovary,ASCTB-TEMP:luteinized-unruptured-follicle
CL:0000654$$5741,primary oocyte,CT,ovary,CL:0000654
ASCTB-TEMP:pre-antral-follicle-granulosa-cell$$5742,pre-antral follicle granulosa cell,CT,ovary,ASCTB-TEMP:pre-antral-follicle-granulosa-cell
ASCTB-TEMP:corpus-luteum-granulosa-lutein-layer$$5743,corpus luteum granulosa lutein layer,AS,ovary,ASCTB-TEMP:corpus-luteum-granulosa-lutein-layer
CL:0000175$$5744,luteal cell,CT,ovary,CL:0000175
ASCTB-TEMP:corpus-luteum-granulosa-theca-layer$$5745,corpus luteum granulosa theca layer,AS,ovary,ASCTB-TEMP:corpus-luteum-granulosa-theca-layer
CL:0000503$$5746,theca cell,CT,ovary,CL:0000503
UBERON:0006960$$5747,Ovarian stroma,AS,ovary,UBERON:0006960
UBERON:0003315$$5748,mesenchyme of ovary,AS,ovary,UBERON:0003315
ASCTB-TEMP:matrisome$$5749,matrisome,AS,ovary,ASCTB-TEMP:matrisome
ASCTB-TEMP:preantral-follicle$$5750,preantral follicle,AS,ovary,ASCTB-TEMP:preantral-follicle
ASCTB-TEMP:antral-follicle$$5751,antral follicle,AS,ovary,ASCTB-TEMP:antral-follicle
UBERON:2001571$$5752,postovulatory follicle,AS,ovary,UBERON:2001571
ASCTB-TEMP:mural-granulosa-cell$$5753,mural granulosa cell,CT,ovary,ASCTB-TEMP:mural-granulosa-cell
UBERON:0007180$$5754,atretic follicle of ovary,AS,ovary,UBERON:0007180
CL:0000654$$5755,primary oocyte,CT,ovary,CL:0000654
ASCTB-TEMP:pre-antral-follicle-granulosa-cell$$5756,pre-antral follicle granulosa cell,CT,ovary,ASCTB-TEMP:pre-antral-follicle-granulosa-cell
ASCTB-TEMP:hemorrhagic-anovulatory-follicle$$5757,hemorrhagic anovulatory follicle,AS,ovary,ASCTB-TEMP:hemorrhagic-anovulatory-follicle
CL:0000654$$5758,primary oocyte,CT,ovary,CL:0000654
ASCTB-TEMP:pre-antral-follicle-granulosa-cell$$5759,pre-antral follicle granulosa cell,CT,ovary,ASCTB-TEMP:pre-antral-follicle-granulosa-cell
ASCTB-TEMP:luteinized-unruptured-follicle$$5760,luteinized unruptured follicle,AS,ovary,ASCTB-TEMP:luteinized-unruptured-follicle
CL:0000654$$5761,primary oocyte,CT,ovary,CL:0000654
ASCTB-TEMP:pre-antral-follicle-granulosa-cell$$5762,pre-antral follicle granulosa cell,CT,ovary,ASCTB-TEMP:pre-antral-follicle-granulosa-cell
ASCTB-TEMP:corpus-luteum-granulosa-lutein-layer$$5763,corpus luteum granulosa lutein layer,AS,ovary,ASCTB-TEMP:corpus-luteum-granulosa-lutein-layer
CL:0000175$$5764,luteal cell,CT,ovary,CL:0000175
ASCTB-TEMP:corpus-luteum-granulosa-theca-layer$$5765,corpus luteum granulosa theca layer,AS,ovary,ASCTB-TEMP:corpus-luteum-granulosa-theca-layer
CL:0000503$$5766,theca cell,CT,ovary,CL:0000503
UBERON:0006960$$5767,Ovarian stroma,AS,ovary,UBERON:0006960
UBERON:0003315$$5768,mesenchyme of ovary,AS,ovary,UBERON:0003315
ASCTB-TEMP:matrisome$$5769,matrisome,AS,ovary,ASCTB-TEMP:matrisome
ASCTB-TEMP:preantral-follicle$$5770,preantral follicle,AS,ovary,ASCTB-TEMP:preantral-follicle
ASCTB-TEMP:antral-follicle$$5771,antral follicle,AS,ovary,ASCTB-TEMP:antral-follicle
UBERON:2001571$$5772,postovulatory follicle,AS,ovary,UBERON:2001571
ASCTB-TEMP:mural-granulosa-cell$$5773,mural granulosa cell,CT,ovary,ASCTB-TEMP:mural-granulosa-cell
UBERON:0007180$$5774,atretic follicle of ovary,AS,ovary,UBERON:0007180
CL:0000654$$5775,primary oocyte,CT,ovary,CL:0000654
ASCTB-TEMP:pre-antral-follicle-granulosa-cell$$5776,pre-antral follicle granulosa cell,CT,ovary,ASCTB-TEMP:pre-antral-follicle-granulosa-cell
ASCTB-TEMP:hemorrhagic-anovulatory-follicle$$5777,hemorrhagic anovulatory follicle,AS,ovary,ASCTB-TEMP:hemorrhagic-anovulatory-follicle
CL:0000654$$5778,primary oocyte,CT,ovary,CL:0000654
ASCTB-TEMP:pre-antral-follicle-granulosa-cell$$5779,pre-antral follicle granulosa cell,CT,ovary,ASCTB-TEMP:pre-antral-follicle-granulosa-cell
ASCTB-TEMP:luteinized-unruptured-follicle$$5780,luteinized unruptured follicle,AS,ovary,ASCTB-TEMP:luteinized-unruptured-follicle
CL:0000654$$5781,primary oocyte,CT,ovary,CL:0000654
ASCTB-TEMP:pre-antral-follicle-granulosa-cell$$5782,pre-antral follicle granulosa cell,CT,ovary,ASCTB-TEMP:pre-antral-follicle-granulosa-cell
ASCTB-TEMP:corpus-luteum-granulosa-lutein-layer$$5783,corpus luteum granulosa lutein layer,AS,ovary,ASCTB-TEMP:corpus-luteum-granulosa-lutein-layer
CL:0000175$$5784,luteal cell,CT,ovary,CL:0000175
ASCTB-TEMP:corpus-luteum-granulosa-theca-layer$$5785,corpus luteum granulosa theca layer,AS,ovary,ASCTB-TEMP:corpus-luteum-granulosa-theca-layer
CL:0000503$$5786,theca cell,CT,ovary,CL:0000503
UBERON:0006960$$5787,Ovarian stroma,AS,ovary,UBERON:0006960
UBERON:0003315$$5788,mesenchyme of ovary,AS,ovary,UBERON:0003315
ASCTB-TEMP:matrisome$$5789,matrisome,AS,ovary,ASCTB-TEMP:matrisome
ASCTB-TEMP:preantral-follicle$$5790,preantral follicle,AS,ovary,ASCTB-TEMP:preantral-follicle
ASCTB-TEMP:antral-follicle$$5791,antral follicle,AS,ovary,ASCTB-TEMP:antral-follicle
UBERON:2001571$$5792,postovulatory follicle,AS,ovary,UBERON:2001571
ASCTB-TEMP:mural-granulosa-cell$$5793,mural granulosa cell,CT,ovary,ASCTB-TEMP:mural-granulosa-cell
UBERON:0007180$$5794,atretic follicle of ovary,AS,ovary,UBERON:0007180
CL:0000654$$5795,primary oocyte,CT,ovary,CL:0000654
ASCTB-TEMP:pre-antral-follicle-granulosa-cell$$5796,pre-antral follicle granulosa cell,CT,ovary,ASCTB-TEMP:pre-antral-follicle-granulosa-cell
ASCTB-TEMP:hemorrhagic-anovulatory-follicle$$5797,hemorrhagic anovulatory follicle,AS,ovary,ASCTB-TEMP:hemorrhagic-anovulatory-follicle
CL:0000654$$5798,primary oocyte,CT,ovary,CL:0000654
ASCTB-TEMP:pre-antral-follicle-granulosa-cell$$5799,pre-antral follicle granulosa cell,CT,ovary,ASCTB-TEMP:pre-antral-follicle-granulosa-cell
ASCTB-TEMP:luteinized-unruptured-follicle$$5800,luteinized unruptured follicle,AS,ovary,ASCTB-TEMP:luteinized-unruptured-follicle
CL:0000654$$5801,primary oocyte,CT,ovary,CL:0000654
ASCTB-TEMP:pre-antral-follicle-granulosa-cell$$5802,pre-antral follicle granulosa cell,CT,ovary,ASCTB-TEMP:pre-antral-follicle-granulosa-cell
ASCTB-TEMP:corpus-luteum-granulosa-lutein-layer$$5803,corpus luteum granulosa lutein layer,AS,ovary,ASCTB-TEMP:corpus-luteum-granulosa-lutein-layer
CL:0000175$$5804,luteal cell,CT,ovary,CL:0000175
ASCTB-TEMP:corpus-luteum-granulosa-theca-layer$$5805,corpus luteum granulosa theca layer,AS,ovary,ASCTB-TEMP:corpus-luteum-granulosa-theca-layer
CL:0000503$$5806,theca cell,CT,ovary,CL:0000503
UBERON:0006960$$5807,Ovarian stroma,AS,ovary,UBERON:0006960
UBERON:0003315$$5808,mesenchyme of ovary,AS,ovary,UBERON:0003315
ASCTB-TEMP:matrisome$$5809,matrisome,AS,ovary,ASCTB-TEMP:matrisome
ASCTB-TEMP:preantral-follicle$$5810,preantral follicle,AS,ovary,ASCTB-TEMP:preantral-follicle
ASCTB-TEMP:antral-follicle$$5811,antral follicle,AS,ovary,ASCTB-TEMP:antral-follicle
UBERON:2001571$$5812,postovulatory follicle,AS,ovary,UBERON:2001571
ASCTB-TEMP:mural-granulosa-cell$$5813,mural granulosa cell,CT,ovary,ASCTB-TEMP:mural-granulosa-cell
UBERON:0007180$$5814,atretic follicle of ovary,AS,ovary,UBERON:0007180
CL:0000654$$5815,primary oocyte,CT,ovary,CL:0000654
ASCTB-TEMP:pre-antral-follicle-granulosa-cell$$5816,pre-antral follicle granulosa cell,CT,ovary,ASCTB-TEMP:pre-antral-follicle-granulosa-cell
ASCTB-TEMP:hemorrhagic-anovulatory-follicle$$5817,hemorrhagic anovulatory follicle,AS,ovary,ASCTB-TEMP:hemorrhagic-anovulatory-follicle
CL:0000654$$5818,primary oocyte,CT,ovary,CL:0000654
ASCTB-TEMP:pre-antral-follicle-granulosa-cell$$5819,pre-antral follicle granulosa cell,CT,ovary,ASCTB-TEMP:pre-antral-follicle-granulosa-cell
ASCTB-TEMP:luteinized-unruptured-follicle$$5820,luteinized unruptured follicle,AS,ovary,ASCTB-TEMP:luteinized-unruptured-follicle
CL:0000654$$5821,primary oocyte,CT,ovary,CL:0000654
ASCTB-TEMP:pre-antral-follicle-granulosa-cell$$5822,pre-antral follicle granulosa cell,CT,ovary,ASCTB-TEMP:pre-antral-follicle-granulosa-cell
ASCTB-TEMP:corpus-luteum-granulosa-lutein-layer$$5823,corpus luteum granulosa lutein layer,AS,ovary,ASCTB-TEMP:corpus-luteum-granulosa-lutein-layer
CL:0000175$$5824,luteal cell,CT,ovary,CL:0000175
ASCTB-TEMP:corpus-luteum-granulosa-theca-layer$$5825,corpus luteum granulosa theca layer,AS,ovary,ASCTB-TEMP:corpus-luteum-granulosa-theca-layer
CL:0000503$$5826,theca cell,CT,ovary,CL:0000503
UBERON:0006960$$5827,Ovarian stroma,AS,ovary,UBERON:0006960
UBERON:0003315$$5828,mesenchyme of ovary,AS,ovary,UBERON:0003315
ASCTB-TEMP:matrisome$$5829,matrisome,AS,ovary,ASCTB-TEMP:matrisome
ASCTB-TEMP:preantral-follicle$$5830,preantral follicle,AS,ovary,ASCTB-TEMP:preantral-follicle
ASCTB-TEMP:antral-follicle$$5831,antral follicle,AS,ovary,ASCTB-TEMP:antral-follicle
UBERON:2001571$$5832,postovulatory follicle,AS,ovary,UBERON:2001571
ASCTB-TEMP:mural-granulosa-cell$$5833,mural granulosa cell,CT,ovary,ASCTB-TEMP:mural-granulosa-cell
UBERON:0007180$$5834,atretic follicle of ovary,AS,ovary,UBERON:0007180
CL:0000654$$5835,primary oocyte,CT,ovary,CL:0000654
ASCTB-TEMP:pre-antral-follicle-granulosa-cell$$5836,pre-antral follicle granulosa cell,CT,ovary,ASCTB-TEMP:pre-antral-follicle-granulosa-cell
ASCTB-TEMP:hemorrhagic-anovulatory-follicle$$5837,hemorrhagic anovulatory follicle,AS,ovary,ASCTB-TEMP:hemorrhagic-anovulatory-follicle
CL:0000654$$5838,primary oocyte,CT,ovary,CL:0000654
ASCTB-TEMP:pre-antral-follicle-granulosa-cell$$5839,pre-antral follicle granulosa cell,CT,ovary,ASCTB-TEMP:pre-antral-follicle-granulosa-cell
ASCTB-TEMP:luteinized-unruptured-follicle$$5840,luteinized unruptured follicle,AS,ovary,ASCTB-TEMP:luteinized-unruptured-follicle
CL:0000654$$5841,primary oocyte,CT,ovary,CL:0000654
ASCTB-TEMP:pre-antral-follicle-granulosa-cell$$5842,pre-antral follicle granulosa cell,CT,ovary,ASCTB-TEMP:pre-antral-follicle-granulosa-cell
ASCTB-TEMP:corpus-luteum-granulosa-lutein-layer$$5843,corpus luteum granulosa lutein layer,AS,ovary,ASCTB-TEMP:corpus-luteum-granulosa-lutein-layer
CL:0000175$$5844,luteal cell,CT,ovary,CL:0000175
ASCTB-TEMP:corpus-luteum-granulosa-theca-layer$$5845,corpus luteum granulosa theca layer,AS,ovary,ASCTB-TEMP:corpus-luteum-granulosa-theca-layer
CL:0000503$$5846,theca cell,CT,ovary,CL:0000503
UBERON:0006960$$5847,Ovarian stroma,AS,ovary,UBERON:0006960
UBERON:0003315$$5848,mesenchyme of ovary,AS,ovary,UBERON:0003315
ASCTB-TEMP:matrisome$$5849,matrisome,AS,ovary,ASCTB-TEMP:matrisome
ASCTB-TEMP:preantral-follicle$$5850,preantral follicle,AS,ovary,ASCTB-TEMP:preantral-follicle
ASCTB-TEMP:antral-follicle$$5851,antral follicle,AS,ovary,ASCTB-TEMP:antral-follicle
UBERON:2001571$$5852,postovulatory follicle,AS,ovary,UBERON:2001571
ASCTB-TEMP:mural-granulosa-cell$$5853,mural granulosa cell,CT,ovary,ASCTB-TEMP:mural-granulosa-cell
UBERON:0007180$$5854,atretic follicle of ovary,AS,ovary,UBERON:0007180
CL:0000654$$5855,primary oocyte,CT,ovary,CL:0000654
ASCTB-TEMP:pre-antral-follicle-granulosa-cell$$5856,pre-antral follicle granulosa cell,CT,ovary,ASCTB-TEMP:pre-antral-follicle-granulosa-cell
ASCTB-TEMP:hemorrhagic-anovulatory-follicle$$5857,hemorrhagic anovulatory follicle,AS,ovary,ASCTB-TEMP:hemorrhagic-anovulatory-follicle
CL:0000654$$5858,primary oocyte,CT,ovary,CL:0000654
ASCTB-TEMP:pre-antral-follicle-granulosa-cell$$5859,pre-antral follicle granulosa cell,CT,ovary,ASCTB-TEMP:pre-antral-follicle-granulosa-cell
ASCTB-TEMP:luteinized-unruptured-follicle$$5860,luteinized unruptured follicle,AS,ovary,ASCTB-TEMP:luteinized-unruptured-follicle
CL:0000654$$5861,primary oocyte,CT,ovary,CL:0000654
ASCTB-TEMP:pre-antral-follicle-granulosa-cell$$5862,pre-antral follicle granulosa cell,CT,ovary,ASCTB-TEMP:pre-antral-follicle-granulosa-cell
ASCTB-TEMP:corpus-luteum-granulosa-lutein-layer$$5863,corpus luteum granulosa lutein layer,AS,ovary,ASCTB-TEMP:corpus-luteum-granulosa-lutein-layer
CL:0000175$$5864,luteal cell,CT,ovary,CL:0000175
ASCTB-TEMP:corpus-luteum-granulosa-theca-layer$$5865,corpus luteum granulosa theca layer,AS,ovary,ASCTB-TEMP:corpus-luteum-granulosa-theca-layer
CL:0000503$$5866,theca cell,CT,ovary,CL:0000503
UBERON:0006960$$5867,Ovarian stroma,AS,ovary,UBERON:0006960
UBERON:0003315$$5868,mesenchyme of ovary,AS,ovary,UBERON:0003315
ASCTB-TEMP:matrisome$$5869,matrisome,AS,ovary,ASCTB-TEMP:matrisome
ASCTB-TEMP:preantral-follicle$$5870,preantral follicle,AS,ovary,ASCTB-TEMP:preantral-follicle
ASCTB-TEMP:antral-follicle$$5871,antral follicle,AS,ovary,ASCTB-TEMP:antral-follicle
UBERON:2001571$$5872,postovulatory follicle,AS,ovary,UBERON:2001571
ASCTB-TEMP:mural-granulosa-cell$$5873,mural granulosa cell,CT,ovary,ASCTB-TEMP:mural-granulosa-cell
UBERON:0007180$$5874,atretic follicle of ovary,AS,ovary,UBERON:0007180
CL:0000654$$5875,primary oocyte,CT,ovary,CL:0000654
ASCTB-TEMP:pre-antral-follicle-granulosa-cell$$5876,pre-antral follicle granulosa cell,CT,ovary,ASCTB-TEMP:pre-antral-follicle-granulosa-cell
ASCTB-TEMP:hemorrhagic-anovulatory-follicle$$5877,hemorrhagic anovulatory follicle,AS,ovary,ASCTB-TEMP:hemorrhagic-anovulatory-follicle
CL:0000654$$5878,primary oocyte,CT,ovary,CL:0000654
ASCTB-TEMP:pre-antral-follicle-granulosa-cell$$5879,pre-antral follicle granulosa cell,CT,ovary,ASCTB-TEMP:pre-antral-follicle-granulosa-cell
ASCTB-TEMP:luteinized-unruptured-follicle$$5880,luteinized unruptured follicle,AS,ovary,ASCTB-TEMP:luteinized-unruptured-follicle
CL:0000654$$5881,primary oocyte,CT,ovary,CL:0000654
ASCTB-TEMP:pre-antral-follicle-granulosa-cell$$5882,pre-antral follicle granulosa cell,CT,ovary,ASCTB-TEMP:pre-antral-follicle-granulosa-cell
ASCTB-TEMP:corpus-luteum-granulosa-lutein-layer$$5883,corpus luteum granulosa lutein layer,AS,ovary,ASCTB-TEMP:corpus-luteum-granulosa-lutein-layer
CL:0000175$$5884,luteal cell,CT,ovary,CL:0000175
ASCTB-TEMP:corpus-luteum-granulosa-theca-layer$$5885,corpus luteum granulosa theca layer,AS,ovary,ASCTB-TEMP:corpus-luteum-granulosa-theca-layer
CL:0000503$$5886,theca cell,CT,ovary,CL:0000503
UBERON:0006960$$5887,Ovarian stroma,AS,ovary,UBERON:0006960
UBERON:0003315$$5888,mesenchyme of ovary,AS,ovary,UBERON:0003315
ASCTB-TEMP:matrisome$$5889,matrisome,AS,ovary,ASCTB-TEMP:matrisome
ASCTB-TEMP:preantral-follicle$$5890,preantral follicle,AS,ovary,ASCTB-TEMP:preantral-follicle
ASCTB-TEMP:antral-follicle$$5891,antral follicle,AS,ovary,ASCTB-TEMP:antral-follicle
UBERON:2001571$$5892,postovulatory follicle,AS,ovary,UBERON:2001571
ASCTB-TEMP:mural-granulosa-cell$$5893,mural granulosa cell,CT,ovary,ASCTB-TEMP:mural-granulosa-cell
UBERON:0007180$$5894,atretic follicle of ovary,AS,ovary,UBERON:0007180
CL:0000654$$5895,primary oocyte,CT,ovary,CL:0000654
ASCTB-TEMP:pre-antral-follicle-granulosa-cell$$5896,pre-antral follicle granulosa cell,CT,ovary,ASCTB-TEMP:pre-antral-follicle-granulosa-cell
ASCTB-TEMP:hemorrhagic-anovulatory-follicle$$5897,hemorrhagic anovulatory follicle,AS,ovary,ASCTB-TEMP:hemorrhagic-anovulatory-follicle
CL:0000654$$5898,primary oocyte,CT,ovary,CL:0000654
ASCTB-TEMP:pre-antral-follicle-granulosa-cell$$5899,pre-antral follicle granulosa cell,CT,ovary,ASCTB-TEMP:pre-antral-follicle-granulosa-cell
ASCTB-TEMP:luteinized-unruptured-follicle$$5900,luteinized unruptured follicle,AS,ovary,ASCTB-TEMP:luteinized-unruptured-follicle
CL:0000654$$5901,primary oocyte,CT,ovary,CL:0000654
ASCTB-TEMP:pre-antral-follicle-granulosa-cell$$5902,pre-antral follicle granulosa cell,CT,ovary,ASCTB-TEMP:pre-antral-follicle-granulosa-cell
ASCTB-TEMP:corpus-luteum-granulosa-lutein-layer$$5903,corpus luteum granulosa lutein layer,AS,ovary,ASCTB-TEMP:corpus-luteum-granulosa-lutein-layer
CL:0000175$$5904,luteal cell,CT,ovary,CL:0000175
ASCTB-TEMP:corpus-luteum-granulosa-theca-layer$$5905,corpus luteum granulosa theca layer,AS,ovary,ASCTB-TEMP:corpus-luteum-granulosa-theca-layer
CL:0000503$$5906,theca cell,CT,ovary,CL:0000503
UBERON:0006960$$5907,Ovarian stroma,AS,ovary,UBERON:0006960
UBERON:0003315$$5908,mesenchyme of ovary,AS,ovary,UBERON:0003315
ASCTB-TEMP:matrisome$$5909,matrisome,AS,ovary,ASCTB-TEMP:matrisome
ASCTB-TEMP:preantral-follicle$$5910,preantral follicle,AS,ovary,ASCTB-TEMP:preantral-follicle
ASCTB-TEMP:antral-follicle$$5911,antral follicle,AS,ovary,ASCTB-TEMP:antral-follicle
UBERON:2001571$$5912,postovulatory follicle,AS,ovary,UBERON:2001571
ASCTB-TEMP:mural-granulosa-cell$$5913,mural granulosa cell,CT,ovary,ASCTB-TEMP:mural-granulosa-cell
UBERON:0007180$$5914,atretic follicle of ovary,AS,ovary,UBERON:0007180
CL:0000654$$5915,primary oocyte,CT,ovary,CL:0000654
ASCTB-TEMP:pre-antral-follicle-granulosa-cell$$5916,pre-antral follicle granulosa cell,CT,ovary,ASCTB-TEMP:pre-antral-follicle-granulosa-cell
ASCTB-TEMP:hemorrhagic-anovulatory-follicle$$5917,hemorrhagic anovulatory follicle,AS,ovary,ASCTB-TEMP:hemorrhagic-anovulatory-follicle
CL:0000654$$5918,primary oocyte,CT,ovary,CL:0000654
ASCTB-TEMP:pre-antral-follicle-granulosa-cell$$5919,pre-antral follicle granulosa cell,CT,ovary,ASCTB-TEMP:pre-antral-follicle-granulosa-cell
ASCTB-TEMP:luteinized-unruptured-follicle$$5920,luteinized unruptured follicle,AS,ovary,ASCTB-TEMP:luteinized-unruptured-follicle
CL:0000654$$5921,primary oocyte,CT,ovary,CL:0000654
ASCTB-TEMP:pre-antral-follicle-granulosa-cell$$5922,pre-antral follicle granulosa cell,CT,ovary,ASCTB-TEMP:pre-antral-follicle-granulosa-cell
ASCTB-TEMP:corpus-luteum-granulosa-lutein-layer$$5923,corpus luteum granulosa lutein layer,AS,ovary,ASCTB-TEMP:corpus-luteum-granulosa-lutein-layer
CL:0000175$$5924,luteal cell,CT,ovary,CL:0000175
ASCTB-TEMP:corpus-luteum-granulosa-theca-layer$$5925,corpus luteum granulosa theca layer,AS,ovary,ASCTB-TEMP:corpus-luteum-granulosa-theca-layer
CL:0000503$$5926,theca cell,CT,ovary,CL:0000503
UBERON:0006960$$5927,Ovarian stroma,AS,ovary,UBERON:0006960
UBERON:0003315$$5928,mesenchyme of ovary,AS,ovary,UBERON:0003315
ASCTB-TEMP:matrisome$$5929,matrisome,AS,ovary,ASCTB-TEMP:matrisome
UBERON:0003981,primordial ovarian follicle,AS,ovary,UBERON:0003981
CL:0000654$$5930,primary oocyte,CT,ovary,CL:0000654
ASCTB-TEMP:pre-antral-follicle-granulosa-cell$$5931,pre-antral follicle granulosa cell,CT,ovary,ASCTB-TEMP:pre-antral-follicle-granulosa-cell
ASCTB-TEMP:transitional-primordial-ovarian-follicle,transitional primordial ovarian follicle,AS,ovary,ASCTB-TEMP:transitional-primordial-ovarian-follicle
CL:0000654$$5932,primary oocyte,CT,ovary,CL:0000654
ASCTB-TEMP:pre-antral-follicle-granulosa-cell$$5933,pre-antral follicle granulosa cell,CT,ovary,ASCTB-TEMP:pre-antral-follicle-granulosa-cell
UBERON:0000035,primary ovarian follicle,AS,ovary,UBERON:0000035
CL:0000654$$5934,primary oocyte,CT,ovary,CL:0000654
ASCTB-TEMP:pre-antral-follicle-granulosa-cell$$5935,pre-antral follicle granulosa cell,CT,ovary,ASCTB-TEMP:pre-antral-follicle-granulosa-cell
ASCTB-TEMP:transitional-primary-ovarian-follicle,transitional primary ovarian follicle,AS,ovary,ASCTB-TEMP:transitional-primary-ovarian-follicle
CL:0000654$$5936,primary oocyte,CT,ovary,CL:0000654
ASCTB-TEMP:pre-antral-follicle-granulosa-cell$$5937,pre-antral follicle granulosa cell,CT,ovary,ASCTB-TEMP:pre-antral-follicle-granulosa-cell
UBERON:0000036,secondary ovarian follicle,AS,ovary,UBERON:0000036
CL:0000654$$5938,primary oocyte,CT,ovary,CL:0000654
ASCTB-TEMP:pre-antral-follicle-granulosa-cell$$5939,pre-antral follicle granulosa cell,CT,ovary,ASCTB-TEMP:pre-antral-follicle-granulosa-cell
ASCTB-TEMP:multilayer-ovarian-follicle,multilayer ovarian follicle,AS,ovary,ASCTB-TEMP:multilayer-ovarian-follicle
CL:0000654$$5940,primary oocyte,CT,ovary,CL:0000654
ASCTB-TEMP:pre-antral-follicle-granulosa-cell$$5941,pre-antral follicle granulosa cell,CT,ovary,ASCTB-TEMP:pre-antral-follicle-granulosa-cell
ASCTB-TEMP:early-antral-follicle,early antral follicle,AS,ovary,ASCTB-TEMP:early-antral-follicle
ASCTB-TEMP:mural-granulosa-cell$$5942,mural granulosa cell,CT,ovary,ASCTB-TEMP:mural-granulosa-cell
ASCTB-TEMP:pre-selection-antral-follicle,pre-selection antral follicle,AS,ovary,ASCTB-TEMP:pre-selection-antral-follicle
ASCTB-TEMP:mural-granulosa-cell$$5943,mural granulosa cell,CT,ovary,ASCTB-TEMP:mural-granulosa-cell
ASCTB-TEMP:selection-antral-follicle,selection antral follicle,AS,ovary,ASCTB-TEMP:selection-antral-follicle
ASCTB-TEMP:mural-granulosa-cell$$5944,mural granulosa cell,CT,ovary,ASCTB-TEMP:mural-granulosa-cell
ASCTB-TEMP:dominance-antral-follicle,dominance antral follicle,AS,ovary,ASCTB-TEMP:dominance-antral-follicle
ASCTB-TEMP:mural-granulosa-cell$$5945,mural granulosa cell,CT,ovary,ASCTB-TEMP:mural-granulosa-cell
UBERON:0003982,mature ovarian follicle,AS,ovary,UBERON:0003982
ASCTB-TEMP:mural-granulosa-cell$$5946,mural granulosa cell,CT,ovary,ASCTB-TEMP:mural-granulosa-cell
UBERON:0003981$$5947,primordial ovarian follicle,AS,ovary,UBERON:0003981
CL:0000654$$5948,primary oocyte,CT,ovary,CL:0000654
ASCTB-TEMP:pre-antral-follicle-granulosa-cell$$5949,pre-antral follicle granulosa cell,CT,ovary,ASCTB-TEMP:pre-antral-follicle-granulosa-cell
ASCTB-TEMP:transitional-primordial-ovarian-follicle$$5950,transitional primordial ovarian follicle,AS,ovary,ASCTB-TEMP:transitional-primordial-ovarian-follicle
CL:0000654$$5951,primary oocyte,CT,ovary,CL:0000654
ASCTB-TEMP:pre-antral-follicle-granulosa-cell$$5952,pre-antral follicle granulosa cell,CT,ovary,ASCTB-TEMP:pre-antral-follicle-granulosa-cell
UBERON:0000035$$5953,primary ovarian follicle,AS,ovary,UBERON:0000035
CL:0000654$$5954,primary oocyte,CT,ovary,CL:0000654
ASCTB-TEMP:pre-antral-follicle-granulosa-cell$$5955,pre-antral follicle granulosa cell,CT,ovary,ASCTB-TEMP:pre-antral-follicle-granulosa-cell
ASCTB-TEMP:transitional-primary-ovarian-follicle$$5956,transitional primary ovarian follicle,AS,ovary,ASCTB-TEMP:transitional-primary-ovarian-follicle
CL:0000654$$5957,primary oocyte,CT,ovary,CL:0000654
ASCTB-TEMP:pre-antral-follicle-granulosa-cell$$5958,pre-antral follicle granulosa cell,CT,ovary,ASCTB-TEMP:pre-antral-follicle-granulosa-cell
UBERON:0000036$$5959,secondary ovarian follicle,AS,ovary,UBERON:0000036
CL:0000654$$5960,primary oocyte,CT,ovary,CL:0000654
ASCTB-TEMP:pre-antral-follicle-granulosa-cell$$5961,pre-antral follicle granulosa cell,CT,ovary,ASCTB-TEMP:pre-antral-follicle-granulosa-cell
ASCTB-TEMP:multilayer-ovarian-follicle$$5962,multilayer ovarian follicle,AS,ovary,ASCTB-TEMP:multilayer-ovarian-follicle
CL:0000654$$5963,primary oocyte,CT,ovary,CL:0000654
ASCTB-TEMP:pre-antral-follicle-granulosa-cell$$5964,pre-antral follicle granulosa cell,CT,ovary,ASCTB-TEMP:pre-antral-follicle-granulosa-cell
ASCTB-TEMP:early-antral-follicle$$5965,early antral follicle,AS,ovary,ASCTB-TEMP:early-antral-follicle
ASCTB-TEMP:mural-granulosa-cell$$5966,mural granulosa cell,CT,ovary,ASCTB-TEMP:mural-granulosa-cell
ASCTB-TEMP:pre-selection-antral-follicle$$5967,pre-selection antral follicle,AS,ovary,ASCTB-TEMP:pre-selection-antral-follicle
ASCTB-TEMP:mural-granulosa-cell$$5968,mural granulosa cell,CT,ovary,ASCTB-TEMP:mural-granulosa-cell
ASCTB-TEMP:selection-antral-follicle$$5969,selection antral follicle,AS,ovary,ASCTB-TEMP:selection-antral-follicle
ASCTB-TEMP:mural-granulosa-cell$$5970,mural granulosa cell,CT,ovary,ASCTB-TEMP:mural-granulosa-cell
ASCTB-TEMP:dominance-antral-follicle$$5971,dominance antral follicle,AS,ovary,ASCTB-TEMP:dominance-antral-follicle
ASCTB-TEMP:mural-granulosa-cell$$5972,mural granulosa cell,CT,ovary,ASCTB-TEMP:mural-granulosa-cell
UBERON:0003982$$5973,mature ovarian follicle,AS,ovary,UBERON:0003982
ASCTB-TEMP:mural-granulosa-cell$$5974,mural granulosa cell,CT,ovary,ASCTB-TEMP:mural-granulosa-cell
UBERON:0003981$$5975,primordial ovarian follicle,AS,ovary,UBERON:0003981
CL:0000654$$5976,primary oocyte,CT,ovary,CL:0000654
ASCTB-TEMP:pre-antral-follicle-granulosa-cell$$5977,pre-antral follicle granulosa cell,CT,ovary,ASCTB-TEMP:pre-antral-follicle-granulosa-cell
ASCTB-TEMP:transitional-primordial-ovarian-follicle$$5978,transitional primordial ovarian follicle,AS,ovary,ASCTB-TEMP:transitional-primordial-ovarian-follicle
CL:0000654$$5979,primary oocyte,CT,ovary,CL:0000654
ASCTB-TEMP:pre-antral-follicle-granulosa-cell$$5980,pre-antral follicle granulosa cell,CT,ovary,ASCTB-TEMP:pre-antral-follicle-granulosa-cell
UBERON:0000035$$5981,primary ovarian follicle,AS,ovary,UBERON:0000035
CL:0000654$$5982,primary oocyte,CT,ovary,CL:0000654
ASCTB-TEMP:pre-antral-follicle-granulosa-cell$$5983,pre-antral follicle granulosa cell,CT,ovary,ASCTB-TEMP:pre-antral-follicle-granulosa-cell
ASCTB-TEMP:transitional-primary-ovarian-follicle$$5984,transitional primary ovarian follicle,AS,ovary,ASCTB-TEMP:transitional-primary-ovarian-follicle
CL:0000654$$5985,primary oocyte,CT,ovary,CL:0000654
ASCTB-TEMP:pre-antral-follicle-granulosa-cell$$5986,pre-antral follicle granulosa cell,CT,ovary,ASCTB-TEMP:pre-antral-follicle-granulosa-cell
UBERON:0000036$$5987,secondary ovarian follicle,AS,ovary,UBERON:0000036
CL:0000654$$5988,primary oocyte,CT,ovary,CL:0000654
ASCTB-TEMP:pre-antral-follicle-granulosa-cell$$5989,pre-antral follicle granulosa cell,CT,ovary,ASCTB-TEMP:pre-antral-follicle-granulosa-cell
ASCTB-TEMP:multilayer-ovarian-follicle$$5990,multilayer ovarian follicle,AS,ovary,ASCTB-TEMP:multilayer-ovarian-follicle
CL:0000654$$5991,primary oocyte,CT,ovary,CL:0000654
ASCTB-TEMP:pre-antral-follicle-granulosa-cell$$5992,pre-antral follicle granulosa cell,CT,ovary,ASCTB-TEMP:pre-antral-follicle-granulosa-cell
ASCTB-TEMP:early-antral-follicle$$5993,early antral follicle,AS,ovary,ASCTB-TEMP:early-antral-follicle
ASCTB-TEMP:mural-granulosa-cell$$5994,mural granulosa cell,CT,ovary,ASCTB-TEMP:mural-granulosa-cell
ASCTB-TEMP:pre-selection-antral-follicle$$5995,pre-selection antral follicle,AS,ovary,ASCTB-TEMP:pre-selection-antral-follicle
ASCTB-TEMP:mural-granulosa-cell$$5996,mural granulosa cell,CT,ovary,ASCTB-TEMP:mural-granulosa-cell
ASCTB-TEMP:selection-antral-follicle$$5997,selection antral follicle,AS,ovary,ASCTB-TEMP:selection-antral-follicle
ASCTB-TEMP:mural-granulosa-cell$$5998,mural granulosa cell,CT,ovary,ASCTB-TEMP:mural-granulosa-cell
ASCTB-TEMP:dominance-antral-follicle$$5999,dominance antral follicle,AS,ovary,ASCTB-TEMP:dominance-antral-follicle
ASCTB-TEMP:mural-granulosa-cell$$6000,mural granulosa cell,CT,ovary,ASCTB-TEMP:mural-granulosa-cell
UBERON:0003982$$6001,mature ovarian follicle,AS,ovary,UBERON:0003982
ASCTB-TEMP:mural-granulosa-cell$$6002,mural granulosa cell,CT,ovary,ASCTB-TEMP:mural-granulosa-cell
UBERON:0003981$$6003,primordial ovarian follicle,AS,ovary,UBERON:0003981
CL:0000654$$6004,primary oocyte,CT,ovary,CL:0000654
ASCTB-TEMP:pre-antral-follicle-granulosa-cell$$6005,pre-antral follicle granulosa cell,CT,ovary,ASCTB-TEMP:pre-antral-follicle-granulosa-cell
ASCTB-TEMP:transitional-primordial-ovarian-follicle$$6006,transitional primordial ovarian follicle,AS,ovary,ASCTB-TEMP:transitional-primordial-ovarian-follicle
CL:0000654$$6007,primary oocyte,CT,ovary,CL:0000654
ASCTB-TEMP:pre-antral-follicle-granulosa-cell$$6008,pre-antral follicle granulosa cell,CT,ovary,ASCTB-TEMP:pre-antral-follicle-granulosa-cell
UBERON:0000035$$6009,primary ovarian follicle,AS,ovary,UBERON:0000035
CL:0000654$$6010,primary oocyte,CT,ovary,CL:0000654
ASCTB-TEMP:pre-antral-follicle-granulosa-cell$$6011,pre-antral follicle granulosa cell,CT,ovary,ASCTB-TEMP:pre-antral-follicle-granulosa-cell
ASCTB-TEMP:transitional-primary-ovarian-follicle$$6012,transitional primary ovarian follicle,AS,ovary,ASCTB-TEMP:transitional-primary-ovarian-follicle
CL:0000654$$6013,primary oocyte,CT,ovary,CL:0000654
ASCTB-TEMP:pre-antral-follicle-granulosa-cell$$6014,pre-antral follicle granulosa cell,CT,ovary,ASCTB-TEMP:pre-antral-follicle-granulosa-cell
UBERON:0000036$$6015,secondary ovarian follicle,AS,ovary,UBERON:0000036
CL:0000654$$6016,primary oocyte,CT,ovary,CL:0000654
ASCTB-TEMP:pre-antral-follicle-granulosa-cell$$6017,pre-antral follicle granulosa cell,CT,ovary,ASCTB-TEMP:pre-antral-follicle-granulosa-cell
ASCTB-TEMP:multilayer-ovarian-follicle$$6018,multilayer ovarian follicle,AS,ovary,ASCTB-TEMP:multilayer-ovarian-follicle
CL:0000654$$6019,primary oocyte,CT,ovary,CL:0000654
ASCTB-TEMP:pre-antral-follicle-granulosa-cell$$6020,pre-antral follicle granulosa cell,CT,ovary,ASCTB-TEMP:pre-antral-follicle-granulosa-cell
ASCTB-TEMP:early-antral-follicle$$6021,early antral follicle,AS,ovary,ASCTB-TEMP:early-antral-follicle
ASCTB-TEMP:mural-granulosa-cell$$6022,mural granulosa cell,CT,ovary,ASCTB-TEMP:mural-granulosa-cell
ASCTB-TEMP:pre-selection-antral-follicle$$6023,pre-selection antral follicle,AS,ovary,ASCTB-TEMP:pre-selection-antral-follicle
ASCTB-TEMP:mural-granulosa-cell$$6024,mural granulosa cell,CT,ovary,ASCTB-TEMP:mural-granulosa-cell
ASCTB-TEMP:selection-antral-follicle$$6025,selection antral follicle,AS,ovary,ASCTB-TEMP:selection-antral-follicle
ASCTB-TEMP:mural-granulosa-cell$$6026,mural granulosa cell,CT,ovary,ASCTB-TEMP:mural-granulosa-cell
ASCTB-TEMP:dominance-antral-follicle$$6027,dominance antral follicle,AS,ovary,ASCTB-TEMP:dominance-antral-follicle
ASCTB-TEMP:mural-granulosa-cell$$6028,mural granulosa cell,CT,ovary,ASCTB-TEMP:mural-granulosa-cell
UBERON:0003982$$6029,mature ovarian follicle,AS,ovary,UBERON:0003982
ASCTB-TEMP:mural-granulosa-cell$$6030,mural granulosa cell,CT,ovary,ASCTB-TEMP:mural-granulosa-cell
UBERON:0003981$$6031,primordial ovarian follicle,AS,ovary,UBERON:0003981
CL:0000654$$6032,primary oocyte,CT,ovary,CL:0000654
ASCTB-TEMP:pre-antral-follicle-granulosa-cell$$6033,pre-antral follicle granulosa cell,CT,ovary,ASCTB-TEMP:pre-antral-follicle-granulosa-cell
ASCTB-TEMP:transitional-primordial-ovarian-follicle$$6034,transitional primordial ovarian follicle,AS,ovary,ASCTB-TEMP:transitional-primordial-ovarian-follicle
CL:0000654$$6035,primary oocyte,CT,ovary,CL:0000654
ASCTB-TEMP:pre-antral-follicle-granulosa-cell$$6036,pre-antral follicle granulosa cell,CT,ovary,ASCTB-TEMP:pre-antral-follicle-granulosa-cell
UBERON:0000035$$6037,primary ovarian follicle,AS,ovary,UBERON:0000035
CL:0000654$$6038,primary oocyte,CT,ovary,CL:0000654
ASCTB-TEMP:pre-antral-follicle-granulosa-cell$$6039,pre-antral follicle granulosa cell,CT,ovary,ASCTB-TEMP:pre-antral-follicle-granulosa-cell
ASCTB-TEMP:transitional-primary-ovarian-follicle$$6040,transitional primary ovarian follicle,AS,ovary,ASCTB-TEMP:transitional-primary-ovarian-follicle
CL:0000654$$6041,primary oocyte,CT,ovary,CL:0000654
ASCTB-TEMP:pre-antral-follicle-granulosa-cell$$6042,pre-antral follicle granulosa cell,CT,ovary,ASCTB-TEMP:pre-antral-follicle-granulosa-cell
UBERON:0000036$$6043,secondary ovarian follicle,AS,ovary,UBERON:0000036
CL:0000654$$6044,primary oocyte,CT,ovary,CL:0000654
ASCTB-TEMP:pre-antral-follicle-granulosa-cell$$6045,pre-antral follicle granulosa cell,CT,ovary,ASCTB-TEMP:pre-antral-follicle-granulosa-cell
ASCTB-TEMP:multilayer-ovarian-follicle$$6046,multilayer ovarian follicle,AS,ovary,ASCTB-TEMP:multilayer-ovarian-follicle
CL:0000654$$6047,primary oocyte,CT,ovary,CL:0000654
ASCTB-TEMP:pre-antral-follicle-granulosa-cell$$6048,pre-antral follicle granulosa cell,CT,ovary,ASCTB-TEMP:pre-antral-follicle-granulosa-cell
ASCTB-TEMP:early-antral-follicle$$6049,early antral follicle,AS,ovary,ASCTB-TEMP:early-antral-follicle
ASCTB-TEMP:mural-granulosa-cell$$6050,mural granulosa cell,CT,ovary,ASCTB-TEMP:mural-granulosa-cell
ASCTB-TEMP:pre-selection-antral-follicle$$6051,pre-selection antral follicle,AS,ovary,ASCTB-TEMP:pre-selection-antral-follicle
ASCTB-TEMP:mural-granulosa-cell$$6052,mural granulosa cell,CT,ovary,ASCTB-TEMP:mural-granulosa-cell
ASCTB-TEMP:selection-antral-follicle$$6053,selection antral follicle,AS,ovary,ASCTB-TEMP:selection-antral-follicle
ASCTB-TEMP:mural-granulosa-cell$$6054,mural granulosa cell,CT,ovary,ASCTB-TEMP:mural-granulosa-cell
ASCTB-TEMP:dominance-antral-follicle$$6055,dominance antral follicle,AS,ovary,ASCTB-TEMP:dominance-antral-follicle
ASCTB-TEMP:mural-granulosa-cell$$6056,mural granulosa cell,CT,ovary,ASCTB-TEMP:mural-granulosa-cell
UBERON:0003982$$6057,mature ovarian follicle,AS,ovary,UBERON:0003982
ASCTB-TEMP:mural-granulosa-cell$$6058,mural granulosa cell,CT,ovary,ASCTB-TEMP:mural-granulosa-cell
UBERON:0003981$$6059,primordial ovarian follicle,AS,ovary,UBERON:0003981
CL:0000654$$6060,primary oocyte,CT,ovary,CL:0000654
ASCTB-TEMP:pre-antral-follicle-granulosa-cell$$6061,pre-antral follicle granulosa cell,CT,ovary,ASCTB-TEMP:pre-antral-follicle-granulosa-cell
ASCTB-TEMP:transitional-primordial-ovarian-follicle$$6062,transitional primordial ovarian follicle,AS,ovary,ASCTB-TEMP:transitional-primordial-ovarian-follicle
CL:0000654$$6063,primary oocyte,CT,ovary,CL:0000654
ASCTB-TEMP:pre-antral-follicle-granulosa-cell$$6064,pre-antral follicle granulosa cell,CT,ovary,ASCTB-TEMP:pre-antral-follicle-granulosa-cell
UBERON:0000035$$6065,primary ovarian follicle,AS,ovary,UBERON:0000035
CL:0000654$$6066,primary oocyte,CT,ovary,CL:0000654
ASCTB-TEMP:pre-antral-follicle-granulosa-cell$$6067,pre-antral follicle granulosa cell,CT,ovary,ASCTB-TEMP:pre-antral-follicle-granulosa-cell
ASCTB-TEMP:transitional-primary-ovarian-follicle$$6068,transitional primary ovarian follicle,AS,ovary,ASCTB-TEMP:transitional-primary-ovarian-follicle
CL:0000654$$6069,primary oocyte,CT,ovary,CL:0000654
ASCTB-TEMP:pre-antral-follicle-granulosa-cell$$6070,pre-antral follicle granulosa cell,CT,ovary,ASCTB-TEMP:pre-antral-follicle-granulosa-cell
UBERON:0000036$$6071,secondary ovarian follicle,AS,ovary,UBERON:0000036
CL:0000654$$6072,primary oocyte,CT,ovary,CL:0000654
ASCTB-TEMP:pre-antral-follicle-granulosa-cell$$6073,pre-antral follicle granulosa cell,CT,ovary,ASCTB-TEMP:pre-antral-follicle-granulosa-cell
ASCTB-TEMP:multilayer-ovarian-follicle$$6074,multilayer ovarian follicle,AS,ovary,ASCTB-TEMP:multilayer-ovarian-follicle
CL:0000654$$6075,primary oocyte,CT,ovary,CL:0000654
ASCTB-TEMP:pre-antral-follicle-granulosa-cell$$6076,pre-antral follicle granulosa cell,CT,ovary,ASCTB-TEMP:pre-antral-follicle-granulosa-cell
ASCTB-TEMP:early-antral-follicle$$6077,early antral follicle,AS,ovary,ASCTB-TEMP:early-antral-follicle
ASCTB-TEMP:mural-granulosa-cell$$6078,mural granulosa cell,CT,ovary,ASCTB-TEMP:mural-granulosa-cell
ASCTB-TEMP:pre-selection-antral-follicle$$6079,pre-selection antral follicle,AS,ovary,ASCTB-TEMP:pre-selection-antral-follicle
ASCTB-TEMP:mural-granulosa-cell$$6080,mural granulosa cell,CT,ovary,ASCTB-TEMP:mural-granulosa-cell
ASCTB-TEMP:selection-antral-follicle$$6081,selection antral follicle,AS,ovary,ASCTB-TEMP:selection-antral-follicle
ASCTB-TEMP:mural-granulosa-cell$$6082,mural granulosa cell,CT,ovary,ASCTB-TEMP:mural-granulosa-cell
ASCTB-TEMP:dominance-antral-follicle$$6083,dominance antral follicle,AS,ovary,ASCTB-TEMP:dominance-antral-follicle
ASCTB-TEMP:mural-granulosa-cell$$6084,mural granulosa cell,CT,ovary,ASCTB-TEMP:mural-granulosa-cell
UBERON:0003982$$6085,mature ovarian follicle,AS,ovary,UBERON:0003982
ASCTB-TEMP:mural-granulosa-cell$$6086,mural granulosa cell,CT,ovary,ASCTB-TEMP:mural-granulosa-cell
UBERON:0003981$$6087,primordial ovarian follicle,AS,ovary,UBERON:0003981
CL:0000654$$6088,primary oocyte,CT,ovary,CL:0000654
ASCTB-TEMP:pre-antral-follicle-granulosa-cell$$6089,pre-antral follicle granulosa cell,CT,ovary,ASCTB-TEMP:pre-antral-follicle-granulosa-cell
ASCTB-TEMP:transitional-primordial-ovarian-follicle$$6090,transitional primordial ovarian follicle,AS,ovary,ASCTB-TEMP:transitional-primordial-ovarian-follicle
CL:0000654$$6091,primary oocyte,CT,ovary,CL:0000654
ASCTB-TEMP:pre-antral-follicle-granulosa-cell$$6092,pre-antral follicle granulosa cell,CT,ovary,ASCTB-TEMP:pre-antral-follicle-granulosa-cell
UBERON:0000035$$6093,primary ovarian follicle,AS,ovary,UBERON:0000035
CL:0000654$$6094,primary oocyte,CT,ovary,CL:0000654
ASCTB-TEMP:pre-antral-follicle-granulosa-cell$$6095,pre-antral follicle granulosa cell,CT,ovary,ASCTB-TEMP:pre-antral-follicle-granulosa-cell
ASCTB-TEMP:transitional-primary-ovarian-follicle$$6096,transitional primary ovarian follicle,AS,ovary,ASCTB-TEMP:transitional-primary-ovarian-follicle
CL:0000654$$6097,primary oocyte,CT,ovary,CL:0000654
ASCTB-TEMP:pre-antral-follicle-granulosa-cell$$6098,pre-antral follicle granulosa cell,CT,ovary,ASCTB-TEMP:pre-antral-follicle-granulosa-cell
UBERON:0000036$$6099,secondary ovarian follicle,AS,ovary,UBERON:0000036
CL:0000654$$6100,primary oocyte,CT,ovary,CL:0000654
ASCTB-TEMP:pre-antral-follicle-granulosa-cell$$6101,pre-antral follicle granulosa cell,CT,ovary,ASCTB-TEMP:pre-antral-follicle-granulosa-cell
ASCTB-TEMP:multilayer-ovarian-follicle$$6102,multilayer ovarian follicle,AS,ovary,ASCTB-TEMP:multilayer-ovarian-follicle
CL:0000654$$6103,primary oocyte,CT,ovary,CL:0000654
ASCTB-TEMP:pre-antral-follicle-granulosa-cell$$6104,pre-antral follicle granulosa cell,CT,ovary,ASCTB-TEMP:pre-antral-follicle-granulosa-cell
ASCTB-TEMP:early-antral-follicle$$6105,early antral follicle,AS,ovary,ASCTB-TEMP:early-antral-follicle
ASCTB-TEMP:mural-granulosa-cell$$6106,mural granulosa cell,CT,ovary,ASCTB-TEMP:mural-granulosa-cell
ASCTB-TEMP:pre-selection-antral-follicle$$6107,pre-selection antral follicle,AS,ovary,ASCTB-TEMP:pre-selection-antral-follicle
ASCTB-TEMP:mural-granulosa-cell$$6108,mural granulosa cell,CT,ovary,ASCTB-TEMP:mural-granulosa-cell
ASCTB-TEMP:selection-antral-follicle$$6109,selection antral follicle,AS,ovary,ASCTB-TEMP:selection-antral-follicle
ASCTB-TEMP:mural-granulosa-cell$$6110,mural granulosa cell,CT,ovary,ASCTB-TEMP:mural-granulosa-cell
ASCTB-TEMP:dominance-antral-follicle$$6111,dominance antral follicle,AS,ovary,ASCTB-TEMP:dominance-antral-follicle
ASCTB-TEMP:mural-granulosa-cell$$6112,mural granulosa cell,CT,ovary,ASCTB-TEMP:mural-granulosa-cell
UBERON:0003982$$6113,mature ovarian follicle,AS,ovary,UBERON:0003982
ASCTB-TEMP:mural-granulosa-cell$$6114,mural granulosa cell,CT,ovary,ASCTB-TEMP:mural-granulosa-cell
UBERON:0003981$$6115,primordial ovarian follicle,AS,ovary,UBERON:0003981
CL:0000654$$6116,primary oocyte,CT,ovary,CL:0000654
ASCTB-TEMP:pre-antral-follicle-granulosa-cell$$6117,pre-antral follicle granulosa cell,CT,ovary,ASCTB-TEMP:pre-antral-follicle-granulosa-cell
ASCTB-TEMP:transitional-primordial-ovarian-follicle$$6118,transitional primordial ovarian follicle,AS,ovary,ASCTB-TEMP:transitional-primordial-ovarian-follicle
CL:0000654$$6119,primary oocyte,CT,ovary,CL:0000654
ASCTB-TEMP:pre-antral-follicle-granulosa-cell$$6120,pre-antral follicle granulosa cell,CT,ovary,ASCTB-TEMP:pre-antral-follicle-granulosa-cell
UBERON:0000035$$6121,primary ovarian follicle,AS,ovary,UBERON:0000035
CL:0000654$$6122,primary oocyte,CT,ovary,CL:0000654
ASCTB-TEMP:pre-antral-follicle-granulosa-cell$$6123,pre-antral follicle granulosa cell,CT,ovary,ASCTB-TEMP:pre-antral-follicle-granulosa-cell
ASCTB-TEMP:transitional-primary-ovarian-follicle$$6124,transitional primary ovarian follicle,AS,ovary,ASCTB-TEMP:transitional-primary-ovarian-follicle
CL:0000654$$6125,primary oocyte,CT,ovary,CL:0000654
ASCTB-TEMP:pre-antral-follicle-granulosa-cell$$6126,pre-antral follicle granulosa cell,CT,ovary,ASCTB-TEMP:pre-antral-follicle-granulosa-cell
UBERON:0000036$$6127,secondary ovarian follicle,AS,ovary,UBERON:0000036
CL:0000654$$6128,primary oocyte,CT,ovary,CL:0000654
ASCTB-TEMP:pre-antral-follicle-granulosa-cell$$6129,pre-antral follicle granulosa cell,CT,ovary,ASCTB-TEMP:pre-antral-follicle-granulosa-cell
ASCTB-TEMP:multilayer-ovarian-follicle$$6130,multilayer ovarian follicle,AS,ovary,ASCTB-TEMP:multilayer-ovarian-follicle
CL:0000654$$6131,primary oocyte,CT,ovary,CL:0000654
ASCTB-TEMP:pre-antral-follicle-granulosa-cell$$6132,pre-antral follicle granulosa cell,CT,ovary,ASCTB-TEMP:pre-antral-follicle-granulosa-cell
ASCTB-TEMP:early-antral-follicle$$6133,early antral follicle,AS,ovary,ASCTB-TEMP:early-antral-follicle
ASCTB-TEMP:mural-granulosa-cell$$6134,mural granulosa cell,CT,ovary,ASCTB-TEMP:mural-granulosa-cell
ASCTB-TEMP:pre-selection-antral-follicle$$6135,pre-selection antral follicle,AS,ovary,ASCTB-TEMP:pre-selection-antral-follicle
ASCTB-TEMP:mural-granulosa-cell$$6136,mural granulosa cell,CT,ovary,ASCTB-TEMP:mural-granulosa-cell
ASCTB-TEMP:selection-antral-follicle$$6137,selection antral follicle,AS,ovary,ASCTB-TEMP:selection-antral-follicle
ASCTB-TEMP:mural-granulosa-cell$$6138,mural granulosa cell,CT,ovary,ASCTB-TEMP:mural-granulosa-cell
ASCTB-TEMP:dominance-antral-follicle$$6139,dominance antral follicle,AS,ovary,ASCTB-TEMP:dominance-antral-follicle
ASCTB-TEMP:mural-granulosa-cell$$6140,mural granulosa cell,CT,ovary,ASCTB-TEMP:mural-granulosa-cell
UBERON:0003982$$6141,mature ovarian follicle,AS,ovary,UBERON:0003982
ASCTB-TEMP:mural-granulosa-cell$$6142,mural granulosa cell,CT,ovary,ASCTB-TEMP:mural-granulosa-cell
UBERON:0003981$$6143,primordial ovarian follicle,AS,ovary,UBERON:0003981
CL:0000654$$6144,primary oocyte,CT,ovary,CL:0000654
ASCTB-TEMP:pre-antral-follicle-granulosa-cell$$6145,pre-antral follicle granulosa cell,CT,ovary,ASCTB-TEMP:pre-antral-follicle-granulosa-cell
ASCTB-TEMP:transitional-primordial-ovarian-follicle$$6146,transitional primordial ovarian follicle,AS,ovary,ASCTB-TEMP:transitional-primordial-ovarian-follicle
CL:0000654$$6147,primary oocyte,CT,ovary,CL:0000654
ASCTB-TEMP:pre-antral-follicle-granulosa-cell$$6148,pre-antral follicle granulosa cell,CT,ovary,ASCTB-TEMP:pre-antral-follicle-granulosa-cell
UBERON:0000035$$6149,primary ovarian follicle,AS,ovary,UBERON:0000035
CL:0000654$$6150,primary oocyte,CT,ovary,CL:0000654
ASCTB-TEMP:pre-antral-follicle-granulosa-cell$$6151,pre-antral follicle granulosa cell,CT,ovary,ASCTB-TEMP:pre-antral-follicle-granulosa-cell
ASCTB-TEMP:transitional-primary-ovarian-follicle$$6152,transitional primary ovarian follicle,AS,ovary,ASCTB-TEMP:transitional-primary-ovarian-follicle
CL:0000654$$6153,primary oocyte,CT,ovary,CL:0000654
ASCTB-TEMP:pre-antral-follicle-granulosa-cell$$6154,pre-antral follicle granulosa cell,CT,ovary,ASCTB-TEMP:pre-antral-follicle-granulosa-cell
UBERON:0000036$$6155,secondary ovarian follicle,AS,ovary,UBERON:0000036
CL:0000654$$6156,primary oocyte,CT,ovary,CL:0000654
ASCTB-TEMP:pre-antral-follicle-granulosa-cell$$6157,pre-antral follicle granulosa cell,CT,ovary,ASCTB-TEMP:pre-antral-follicle-granulosa-cell
ASCTB-TEMP:multilayer-ovarian-follicle$$6158,multilayer ovarian follicle,AS,ovary,ASCTB-TEMP:multilayer-ovarian-follicle
CL:0000654$$6159,primary oocyte,CT,ovary,CL:0000654
ASCTB-TEMP:pre-antral-follicle-granulosa-cell$$6160,pre-antral follicle granulosa cell,CT,ovary,ASCTB-TEMP:pre-antral-follicle-granulosa-cell
ASCTB-TEMP:early-antral-follicle$$6161,early antral follicle,AS,ovary,ASCTB-TEMP:early-antral-follicle
ASCTB-TEMP:mural-granulosa-cell$$6162,mural granulosa cell,CT,ovary,ASCTB-TEMP:mural-granulosa-cell
ASCTB-TEMP:pre-selection-antral-follicle$$6163,pre-selection antral follicle,AS,ovary,ASCTB-TEMP:pre-selection-antral-follicle
ASCTB-TEMP:mural-granulosa-cell$$6164,mural granulosa cell,CT,ovary,ASCTB-TEMP:mural-granulosa-cell
ASCTB-TEMP:selection-antral-follicle$$6165,selection antral follicle,AS,ovary,ASCTB-TEMP:selection-antral-follicle
ASCTB-TEMP:mural-granulosa-cell$$6166,mural granulosa cell,CT,ovary,ASCTB-TEMP:mural-granulosa-cell
ASCTB-TEMP:dominance-antral-follicle$$6167,dominance antral follicle,AS,ovary,ASCTB-TEMP:dominance-antral-follicle
ASCTB-TEMP:mural-granulosa-cell$$6168,mural granulosa cell,CT,ovary,ASCTB-TEMP:mural-granulosa-cell
UBERON:0003982$$6169,mature ovarian follicle,AS,ovary,UBERON:0003982
ASCTB-TEMP:mural-granulosa-cell$$6170,mural granulosa cell,CT,ovary,ASCTB-TEMP:mural-granulosa-cell
UBERON:0003981$$6171,primordial ovarian follicle,AS,ovary,UBERON:0003981
CL:0000654$$6172,primary oocyte,CT,ovary,CL:0000654
ASCTB-TEMP:pre-antral-follicle-granulosa-cell$$6173,pre-antral follicle granulosa cell,CT,ovary,ASCTB-TEMP:pre-antral-follicle-granulosa-cell
ASCTB-TEMP:transitional-primordial-ovarian-follicle$$6174,transitional primordial ovarian follicle,AS,ovary,ASCTB-TEMP:transitional-primordial-ovarian-follicle
CL:0000654$$6175,primary oocyte,CT,ovary,CL:0000654
ASCTB-TEMP:pre-antral-follicle-granulosa-cell$$6176,pre-antral follicle granulosa cell,CT,ovary,ASCTB-TEMP:pre-antral-follicle-granulosa-cell
UBERON:0000035$$6177,primary ovarian follicle,AS,ovary,UBERON:0000035
CL:0000654$$6178,primary oocyte,CT,ovary,CL:0000654
ASCTB-TEMP:pre-antral-follicle-granulosa-cell$$6179,pre-antral follicle granulosa cell,CT,ovary,ASCTB-TEMP:pre-antral-follicle-granulosa-cell
ASCTB-TEMP:transitional-primary-ovarian-follicle$$6180,transitional primary ovarian follicle,AS,ovary,ASCTB-TEMP:transitional-primary-ovarian-follicle
CL:0000654$$6181,primary oocyte,CT,ovary,CL:0000654
ASCTB-TEMP:pre-antral-follicle-granulosa-cell$$6182,pre-antral follicle granulosa cell,CT,ovary,ASCTB-TEMP:pre-antral-follicle-granulosa-cell
UBERON:0000036$$6183,secondary ovarian follicle,AS,ovary,UBERON:0000036
CL:0000654$$6184,primary oocyte,CT,ovary,CL:0000654
ASCTB-TEMP:pre-antral-follicle-granulosa-cell$$6185,pre-antral follicle granulosa cell,CT,ovary,ASCTB-TEMP:pre-antral-follicle-granulosa-cell
ASCTB-TEMP:multilayer-ovarian-follicle$$6186,multilayer ovarian follicle,AS,ovary,ASCTB-TEMP:multilayer-ovarian-follicle
CL:0000654$$6187,primary oocyte,CT,ovary,CL:0000654
ASCTB-TEMP:pre-antral-follicle-granulosa-cell$$6188,pre-antral follicle granulosa cell,CT,ovary,ASCTB-TEMP:pre-antral-follicle-granulosa-cell
ASCTB-TEMP:early-antral-follicle$$6189,early antral follicle,AS,ovary,ASCTB-TEMP:early-antral-follicle
ASCTB-TEMP:mural-granulosa-cell$$6190,mural granulosa cell,CT,ovary,ASCTB-TEMP:mural-granulosa-cell
ASCTB-TEMP:pre-selection-antral-follicle$$6191,pre-selection antral follicle,AS,ovary,ASCTB-TEMP:pre-selection-antral-follicle
ASCTB-TEMP:mural-granulosa-cell$$6192,mural granulosa cell,CT,ovary,ASCTB-TEMP:mural-granulosa-cell
ASCTB-TEMP:selection-antral-follicle$$6193,selection antral follicle,AS,ovary,ASCTB-TEMP:selection-antral-follicle
ASCTB-TEMP:mural-granulosa-cell$$6194,mural granulosa cell,CT,ovary,ASCTB-TEMP:mural-granulosa-cell
ASCTB-TEMP:dominance-antral-follicle$$6195,dominance antral follicle,AS,ovary,ASCTB-TEMP:dominance-antral-follicle
ASCTB-TEMP:mural-granulosa-cell$$6196,mural granulosa cell,CT,ovary,ASCTB-TEMP:mural-granulosa-cell
UBERON:0003982$$6197,mature ovarian follicle,AS,ovary,UBERON:0003982
ASCTB-TEMP:mural-granulosa-cell$$6198,mural granulosa cell,CT,ovary,ASCTB-TEMP:mural-granulosa-cell
UBERON:0003981$$6199,primordial ovarian follicle,AS,ovary,UBERON:0003981
CL:0000654$$6200,primary oocyte,CT,ovary,CL:0000654
ASCTB-TEMP:pre-antral-follicle-granulosa-cell$$6201,pre-antral follicle granulosa cell,CT,ovary,ASCTB-TEMP:pre-antral-follicle-granulosa-cell
ASCTB-TEMP:transitional-primordial-ovarian-follicle$$6202,transitional primordial ovarian follicle,AS,ovary,ASCTB-TEMP:transitional-primordial-ovarian-follicle
CL:0000654$$6203,primary oocyte,CT,ovary,CL:0000654
ASCTB-TEMP:pre-antral-follicle-granulosa-cell$$6204,pre-antral follicle granulosa cell,CT,ovary,ASCTB-TEMP:pre-antral-follicle-granulosa-cell
UBERON:0000035$$6205,primary ovarian follicle,AS,ovary,UBERON:0000035
CL:0000654$$6206,primary oocyte,CT,ovary,CL:0000654
ASCTB-TEMP:pre-antral-follicle-granulosa-cell$$6207,pre-antral follicle granulosa cell,CT,ovary,ASCTB-TEMP:pre-antral-follicle-granulosa-cell
ASCTB-TEMP:transitional-primary-ovarian-follicle$$6208,transitional primary ovarian follicle,AS,ovary,ASCTB-TEMP:transitional-primary-ovarian-follicle
CL:0000654$$6209,primary oocyte,CT,ovary,CL:0000654
ASCTB-TEMP:pre-antral-follicle-granulosa-cell$$6210,pre-antral follicle granulosa cell,CT,ovary,ASCTB-TEMP:pre-antral-follicle-granulosa-cell
UBERON:0000036$$6211,secondary ovarian follicle,AS,ovary,UBERON:0000036
CL:0000654$$6212,primary oocyte,CT,ovary,CL:0000654
ASCTB-TEMP:pre-antral-follicle-granulosa-cell$$6213,pre-antral follicle granulosa cell,CT,ovary,ASCTB-TEMP:pre-antral-follicle-granulosa-cell
ASCTB-TEMP:multilayer-ovarian-follicle$$6214,multilayer ovarian follicle,AS,ovary,ASCTB-TEMP:multilayer-ovarian-follicle
CL:0000654$$6215,primary oocyte,CT,ovary,CL:0000654
ASCTB-TEMP:pre-antral-follicle-granulosa-cell$$6216,pre-antral follicle granulosa cell,CT,ovary,ASCTB-TEMP:pre-antral-follicle-granulosa-cell
ASCTB-TEMP:early-antral-follicle$$6217,early antral follicle,AS,ovary,ASCTB-TEMP:early-antral-follicle
ASCTB-TEMP:mural-granulosa-cell$$6218,mural granulosa cell,CT,ovary,ASCTB-TEMP:mural-granulosa-cell
ASCTB-TEMP:pre-selection-antral-follicle$$6219,pre-selection antral follicle,AS,ovary,ASCTB-TEMP:pre-selection-antral-follicle
ASCTB-TEMP:mural-granulosa-cell$$6220,mural granulosa cell,CT,ovary,ASCTB-TEMP:mural-granulosa-cell
ASCTB-TEMP:selection-antral-follicle$$6221,selection antral follicle,AS,ovary,ASCTB-TEMP:selection-antral-follicle
ASCTB-TEMP:mural-granulosa-cell$$6222,mural granulosa cell,CT,ovary,ASCTB-TEMP:mural-granulosa-cell
ASCTB-TEMP:dominance-antral-follicle$$6223,dominance antral follicle,AS,ovary,ASCTB-TEMP:dominance-antral-follicle
ASCTB-TEMP:mural-granulosa-cell$$6224,mural granulosa cell,CT,ovary,ASCTB-TEMP:mural-granulosa-cell
UBERON:0003982$$6225,mature ovarian follicle,AS,ovary,UBERON:0003982
ASCTB-TEMP:mural-granulosa-cell$$6226,mural granulosa cell,CT,ovary,ASCTB-TEMP:mural-granulosa-cell
UBERON:0003981$$6227,primordial ovarian follicle,AS,ovary,UBERON:0003981
CL:0000654$$6228,primary oocyte,CT,ovary,CL:0000654
ASCTB-TEMP:pre-antral-follicle-granulosa-cell$$6229,pre-antral follicle granulosa cell,CT,ovary,ASCTB-TEMP:pre-antral-follicle-granulosa-cell
ASCTB-TEMP:transitional-primordial-ovarian-follicle$$6230,transitional primordial ovarian follicle,AS,ovary,ASCTB-TEMP:transitional-primordial-ovarian-follicle
CL:0000654$$6231,primary oocyte,CT,ovary,CL:0000654
ASCTB-TEMP:pre-antral-follicle-granulosa-cell$$6232,pre-antral follicle granulosa cell,CT,ovary,ASCTB-TEMP:pre-antral-follicle-granulosa-cell
UBERON:0000035$$6233,primary ovarian follicle,AS,ovary,UBERON:0000035
CL:0000654$$6234,primary oocyte,CT,ovary,CL:0000654
ASCTB-TEMP:pre-antral-follicle-granulosa-cell$$6235,pre-antral follicle granulosa cell,CT,ovary,ASCTB-TEMP:pre-antral-follicle-granulosa-cell
ASCTB-TEMP:transitional-primary-ovarian-follicle$$6236,transitional primary ovarian follicle,AS,ovary,ASCTB-TEMP:transitional-primary-ovarian-follicle
CL:0000654$$6237,primary oocyte,CT,ovary,CL:0000654
ASCTB-TEMP:pre-antral-follicle-granulosa-cell$$6238,pre-antral follicle granulosa cell,CT,ovary,ASCTB-TEMP:pre-antral-follicle-granulosa-cell
UBERON:0000036$$6239,secondary ovarian follicle,AS,ovary,UBERON:0000036
CL:0000654$$6240,primary oocyte,CT,ovary,CL:0000654
ASCTB-TEMP:pre-antral-follicle-granulosa-cell$$6241,pre-antral follicle granulosa cell,CT,ovary,ASCTB-TEMP:pre-antral-follicle-granulosa-cell
ASCTB-TEMP:multilayer-ovarian-follicle$$6242,multilayer ovarian follicle,AS,ovary,ASCTB-TEMP:multilayer-ovarian-follicle
CL:0000654$$6243,primary oocyte,CT,ovary,CL:0000654
ASCTB-TEMP:pre-antral-follicle-granulosa-cell$$6244,pre-antral follicle granulosa cell,CT,ovary,ASCTB-TEMP:pre-antral-follicle-granulosa-cell
ASCTB-TEMP:early-antral-follicle$$6245,early antral follicle,AS,ovary,ASCTB-TEMP:early-antral-follicle
ASCTB-TEMP:mural-granulosa-cell$$6246,mural granulosa cell,CT,ovary,ASCTB-TEMP:mural-granulosa-cell
ASCTB-TEMP:pre-selection-antral-follicle$$6247,pre-selection antral follicle,AS,ovary,ASCTB-TEMP:pre-selection-antral-follicle
ASCTB-TEMP:mural-granulosa-cell$$6248,mural granulosa cell,CT,ovary,ASCTB-TEMP:mural-granulosa-cell
ASCTB-TEMP:selection-antral-follicle$$6249,selection antral follicle,AS,ovary,ASCTB-TEMP:selection-antral-follicle
ASCTB-TEMP:mural-granulosa-cell$$6250,mural granulosa cell,CT,ovary,ASCTB-TEMP:mural-granulosa-cell
ASCTB-TEMP:dominance-antral-follicle$$6251,dominance antral follicle,AS,ovary,ASCTB-TEMP:dominance-antral-follicle
ASCTB-TEMP:mural-granulosa-cell$$6252,mural granulosa cell,CT,ovary,ASCTB-TEMP:mural-granulosa-cell
UBERON:0003982$$6253,mature ovarian follicle,AS,ovary,UBERON:0003982
ASCTB-TEMP:mural-granulosa-cell$$6254,mural granulosa cell,CT,ovary,ASCTB-TEMP:mural-granulosa-cell
ASCTB-TEMP:cumulus-oophorus-oocyte-complex,cumulus oophorus oocyte complex,AS,ovary,ASCTB-TEMP:cumulus-oophorus-oocyte-complex
CL:0000654$$6255,primary oocyte,CT,ovary,CL:0000654
UBERON:0000086,zona pellucida,AS,ovary,UBERON:0000086
ASCTB-TEMP:cumulus-oophorus-oocyte-complex$$6256,cumulus oophorus oocyte complex,AS,ovary,ASCTB-TEMP:cumulus-oophorus-oocyte-complex
CL:0000654$$6257,primary oocyte,CT,ovary,CL:0000654
UBERON:0000086$$6258,zona pellucida,AS,ovary,UBERON:0000086
ASCTB-TEMP:cumulus-oophorus-oocyte-complex$$6259,cumulus oophorus oocyte complex,AS,ovary,ASCTB-TEMP:cumulus-oophorus-oocyte-complex
CL:0000654$$6260,primary oocyte,CT,ovary,CL:0000654
UBERON:0000086$$6261,zona pellucida,AS,ovary,UBERON:0000086
ASCTB-TEMP:cumulus-oophorus-oocyte-complex$$6262,cumulus oophorus oocyte complex,AS,ovary,ASCTB-TEMP:cumulus-oophorus-oocyte-complex
CL:0000654$$6263,primary oocyte,CT,ovary,CL:0000654
UBERON:0000086$$6264,zona pellucida,AS,ovary,UBERON:0000086
ASCTB-TEMP:cumulus-oophorus-oocyte-complex$$6265,cumulus oophorus oocyte complex,AS,ovary,ASCTB-TEMP:cumulus-oophorus-oocyte-complex
CL:0000654$$6266,primary oocyte,CT,ovary,CL:0000654
UBERON:0000086$$6267,zona pellucida,AS,ovary,UBERON:0000086
UBERON:0000039,follicular antrum,AS,ovary,UBERON:0000039
UBERON:0000038,follicular fluid,AS,ovary,UBERON:0000038
UBERON:0000155,theca cell layer,AS,ovary,UBERON:0000155
UBERON:0000156,theca externa,AS,ovary,UBERON:0000156
CL:0000503$$6268,theca cell,CT,ovary,CL:0000503
UBERON:0000157,theca interna,AS,ovary,UBERON:0000157
CL:0000503$$6269,theca cell,CT,ovary,CL:0000503
UBERON:0000155$$6270,theca cell layer,AS,ovary,UBERON:0000155
UBERON:0000156$$6271,theca externa,AS,ovary,UBERON:0000156
CL:0000503$$6272,theca cell,CT,ovary,CL:0000503
UBERON:0000157$$6273,theca interna,AS,ovary,UBERON:0000157
CL:0000503$$6274,theca cell,CT,ovary,CL:0000503
UBERON:0000155$$6275,theca cell layer,AS,ovary,UBERON:0000155
UBERON:0000156$$6276,theca externa,AS,ovary,UBERON:0000156
CL:0000503$$6277,theca cell,CT,ovary,CL:0000503
UBERON:0000157$$6278,theca interna,AS,ovary,UBERON:0000157
CL:0000503$$6279,theca cell,CT,ovary,CL:0000503
UBERON:0000155$$6280,theca cell layer,AS,ovary,UBERON:0000155
UBERON:0000156$$6281,theca externa,AS,ovary,UBERON:0000156
CL:0000503$$6282,theca cell,CT,ovary,CL:0000503
UBERON:0000157$$6283,theca interna,AS,ovary,UBERON:0000157
CL:0000503$$6284,theca cell,CT,ovary,CL:0000503
ASCTB-TEMP:cumulus-oophorus-oocyte-complex$$6285,cumulus oophorus oocyte complex,AS,ovary,ASCTB-TEMP:cumulus-oophorus-oocyte-complex
CL:0000654$$6286,primary oocyte,CT,ovary,CL:0000654
UBERON:0000086$$6287,zona pellucida,AS,ovary,UBERON:0000086
ASCTB-TEMP:cumulus-oophorus-oocyte-complex$$6288,cumulus oophorus oocyte complex,AS,ovary,ASCTB-TEMP:cumulus-oophorus-oocyte-complex
CL:0000654$$6289,primary oocyte,CT,ovary,CL:0000654
UBERON:0000086$$6290,zona pellucida,AS,ovary,UBERON:0000086
ASCTB-TEMP:cumulus-oophorus-oocyte-complex$$6291,cumulus oophorus oocyte complex,AS,ovary,ASCTB-TEMP:cumulus-oophorus-oocyte-complex
CL:0000654$$6292,primary oocyte,CT,ovary,CL:0000654
UBERON:0000086$$6293,zona pellucida,AS,ovary,UBERON:0000086
ASCTB-TEMP:cumulus-oophorus-oocyte-complex$$6294,cumulus oophorus oocyte complex,AS,ovary,ASCTB-TEMP:cumulus-oophorus-oocyte-complex
CL:0000654$$6295,primary oocyte,CT,ovary,CL:0000654
UBERON:0000086$$6296,zona pellucida,AS,ovary,UBERON:0000086
ASCTB-TEMP:cumulus-oophorus-oocyte-complex$$6297,cumulus oophorus oocyte complex,AS,ovary,ASCTB-TEMP:cumulus-oophorus-oocyte-complex
CL:0000654$$6298,primary oocyte,CT,ovary,CL:0000654
UBERON:0000086$$6299,zona pellucida,AS,ovary,UBERON:0000086
UBERON:0000039$$6300,follicular antrum,AS,ovary,UBERON:0000039
UBERON:0000038$$6301,follicular fluid,AS,ovary,UBERON:0000038
UBERON:0000155$$6302,theca cell layer,AS,ovary,UBERON:0000155
UBERON:0000156$$6303,theca externa,AS,ovary,UBERON:0000156
CL:0000503$$6304,theca cell,CT,ovary,CL:0000503
UBERON:0000157$$6305,theca interna,AS,ovary,UBERON:0000157
CL:0000503$$6306,theca cell,CT,ovary,CL:0000503
UBERON:0000155$$6307,theca cell layer,AS,ovary,UBERON:0000155
UBERON:0000156$$6308,theca externa,AS,ovary,UBERON:0000156
CL:0000503$$6309,theca cell,CT,ovary,CL:0000503
UBERON:0000157$$6310,theca interna,AS,ovary,UBERON:0000157
CL:0000503$$6311,theca cell,CT,ovary,CL:0000503
UBERON:0000155$$6312,theca cell layer,AS,ovary,UBERON:0000155
UBERON:0000156$$6313,theca externa,AS,ovary,UBERON:0000156
CL:0000503$$6314,theca cell,CT,ovary,CL:0000503
UBERON:0000157$$6315,theca interna,AS,ovary,UBERON:0000157
CL:0000503$$6316,theca cell,CT,ovary,CL:0000503
UBERON:0000155$$6317,theca cell layer,AS,ovary,UBERON:0000155
UBERON:0000156$$6318,theca externa,AS,ovary,UBERON:0000156
CL:0000503$$6319,theca cell,CT,ovary,CL:0000503
UBERON:0000157$$6320,theca interna,AS,ovary,UBERON:0000157
CL:0000503$$6321,theca cell,CT,ovary,CL:0000503
ASCTB-TEMP:cumulus-oophorus-oocyte-complex$$6322,cumulus oophorus oocyte complex,AS,ovary,ASCTB-TEMP:cumulus-oophorus-oocyte-complex
CL:0000654$$6323,primary oocyte,CT,ovary,CL:0000654
UBERON:0000086$$6324,zona pellucida,AS,ovary,UBERON:0000086
ASCTB-TEMP:cumulus-oophorus-oocyte-complex$$6325,cumulus oophorus oocyte complex,AS,ovary,ASCTB-TEMP:cumulus-oophorus-oocyte-complex
CL:0000654$$6326,primary oocyte,CT,ovary,CL:0000654
UBERON:0000086$$6327,zona pellucida,AS,ovary,UBERON:0000086
ASCTB-TEMP:cumulus-oophorus-oocyte-complex$$6328,cumulus oophorus oocyte complex,AS,ovary,ASCTB-TEMP:cumulus-oophorus-oocyte-complex
CL:0000654$$6329,primary oocyte,CT,ovary,CL:0000654
UBERON:0000086$$6330,zona pellucida,AS,ovary,UBERON:0000086
ASCTB-TEMP:cumulus-oophorus-oocyte-complex$$6331,cumulus oophorus oocyte complex,AS,ovary,ASCTB-TEMP:cumulus-oophorus-oocyte-complex
CL:0000654$$6332,primary oocyte,CT,ovary,CL:0000654
UBERON:0000086$$6333,zona pellucida,AS,ovary,UBERON:0000086
ASCTB-TEMP:cumulus-oophorus-oocyte-complex$$6334,cumulus oophorus oocyte complex,AS,ovary,ASCTB-TEMP:cumulus-oophorus-oocyte-complex
CL:0000654$$6335,primary oocyte,CT,ovary,CL:0000654
UBERON:0000086$$6336,zona pellucida,AS,ovary,UBERON:0000086
UBERON:0000039$$6337,follicular antrum,AS,ovary,UBERON:0000039
UBERON:0000038$$6338,follicular fluid,AS,ovary,UBERON:0000038
UBERON:0000155$$6339,theca cell layer,AS,ovary,UBERON:0000155
UBERON:0000156$$6340,theca externa,AS,ovary,UBERON:0000156
CL:0000503$$6341,theca cell,CT,ovary,CL:0000503
UBERON:0000157$$6342,theca interna,AS,ovary,UBERON:0000157
CL:0000503$$6343,theca cell,CT,ovary,CL:0000503
UBERON:0000155$$6344,theca cell layer,AS,ovary,UBERON:0000155
UBERON:0000156$$6345,theca externa,AS,ovary,UBERON:0000156
CL:0000503$$6346,theca cell,CT,ovary,CL:0000503
UBERON:0000157$$6347,theca interna,AS,ovary,UBERON:0000157
CL:0000503$$6348,theca cell,CT,ovary,CL:0000503
UBERON:0000155$$6349,theca cell layer,AS,ovary,UBERON:0000155
UBERON:0000156$$6350,theca externa,AS,ovary,UBERON:0000156
CL:0000503$$6351,theca cell,CT,ovary,CL:0000503
UBERON:0000157$$6352,theca interna,AS,ovary,UBERON:0000157
CL:0000503$$6353,theca cell,CT,ovary,CL:0000503
UBERON:0000155$$6354,theca cell layer,AS,ovary,UBERON:0000155
UBERON:0000156$$6355,theca externa,AS,ovary,UBERON:0000156
CL:0000503$$6356,theca cell,CT,ovary,CL:0000503
UBERON:0000157$$6357,theca interna,AS,ovary,UBERON:0000157
CL:0000503$$6358,theca cell,CT,ovary,CL:0000503
ASCTB-TEMP:cumulus-oophorus-oocyte-complex$$6359,cumulus oophorus oocyte complex,AS,ovary,ASCTB-TEMP:cumulus-oophorus-oocyte-complex
CL:0000654$$6360,primary oocyte,CT,ovary,CL:0000654
UBERON:0000086$$6361,zona pellucida,AS,ovary,UBERON:0000086
ASCTB-TEMP:cumulus-oophorus-oocyte-complex$$6362,cumulus oophorus oocyte complex,AS,ovary,ASCTB-TEMP:cumulus-oophorus-oocyte-complex
CL:0000654$$6363,primary oocyte,CT,ovary,CL:0000654
UBERON:0000086$$6364,zona pellucida,AS,ovary,UBERON:0000086
ASCTB-TEMP:cumulus-oophorus-oocyte-complex$$6365,cumulus oophorus oocyte complex,AS,ovary,ASCTB-TEMP:cumulus-oophorus-oocyte-complex
CL:0000654$$6366,primary oocyte,CT,ovary,CL:0000654
UBERON:0000086$$6367,zona pellucida,AS,ovary,UBERON:0000086
ASCTB-TEMP:cumulus-oophorus-oocyte-complex$$6368,cumulus oophorus oocyte complex,AS,ovary,ASCTB-TEMP:cumulus-oophorus-oocyte-complex
CL:0000654$$6369,primary oocyte,CT,ovary,CL:0000654
UBERON:0000086$$6370,zona pellucida,AS,ovary,UBERON:0000086
ASCTB-TEMP:cumulus-oophorus-oocyte-complex$$6371,cumulus oophorus oocyte complex,AS,ovary,ASCTB-TEMP:cumulus-oophorus-oocyte-complex
CL:0000654$$6372,primary oocyte,CT,ovary,CL:0000654
UBERON:0000086$$6373,zona pellucida,AS,ovary,UBERON:0000086
UBERON:0000039$$6374,follicular antrum,AS,ovary,UBERON:0000039
UBERON:0000038$$6375,follicular fluid,AS,ovary,UBERON:0000038
UBERON:0000155$$6376,theca cell layer,AS,ovary,UBERON:0000155
UBERON:0000156$$6377,theca externa,AS,ovary,UBERON:0000156
CL:0000503$$6378,theca cell,CT,ovary,CL:0000503
UBERON:0000157$$6379,theca interna,AS,ovary,UBERON:0000157
CL:0000503$$6380,theca cell,CT,ovary,CL:0000503
UBERON:0000155$$6381,theca cell layer,AS,ovary,UBERON:0000155
UBERON:0000156$$6382,theca externa,AS,ovary,UBERON:0000156
CL:0000503$$6383,theca cell,CT,ovary,CL:0000503
UBERON:0000157$$6384,theca interna,AS,ovary,UBERON:0000157
CL:0000503$$6385,theca cell,CT,ovary,CL:0000503
UBERON:0000155$$6386,theca cell layer,AS,ovary,UBERON:0000155
UBERON:0000156$$6387,theca externa,AS,ovary,UBERON:0000156
CL:0000503$$6388,theca cell,CT,ovary,CL:0000503
UBERON:0000157$$6389,theca interna,AS,ovary,UBERON:0000157
CL:0000503$$6390,theca cell,CT,ovary,CL:0000503
UBERON:0000155$$6391,theca cell layer,AS,ovary,UBERON:0000155
UBERON:0000156$$6392,theca externa,AS,ovary,UBERON:0000156
CL:0000503$$6393,theca cell,CT,ovary,CL:0000503
UBERON:0000157$$6394,theca interna,AS,ovary,UBERON:0000157
CL:0000503$$6395,theca cell,CT,ovary,CL:0000503
ASCTB-TEMP:cumulus-oophorus-oocyte-complex$$6396,cumulus oophorus oocyte complex,AS,ovary,ASCTB-TEMP:cumulus-oophorus-oocyte-complex
CL:0000654$$6397,primary oocyte,CT,ovary,CL:0000654
UBERON:0000086$$6398,zona pellucida,AS,ovary,UBERON:0000086
ASCTB-TEMP:cumulus-oophorus-oocyte-complex$$6399,cumulus oophorus oocyte complex,AS,ovary,ASCTB-TEMP:cumulus-oophorus-oocyte-complex
CL:0000654$$6400,primary oocyte,CT,ovary,CL:0000654
UBERON:0000086$$6401,zona pellucida,AS,ovary,UBERON:0000086
ASCTB-TEMP:cumulus-oophorus-oocyte-complex$$6402,cumulus oophorus oocyte complex,AS,ovary,ASCTB-TEMP:cumulus-oophorus-oocyte-complex
CL:0000654$$6403,primary oocyte,CT,ovary,CL:0000654
UBERON:0000086$$6404,zona pellucida,AS,ovary,UBERON:0000086
ASCTB-TEMP:cumulus-oophorus-oocyte-complex$$6405,cumulus oophorus oocyte complex,AS,ovary,ASCTB-TEMP:cumulus-oophorus-oocyte-complex
CL:0000654$$6406,primary oocyte,CT,ovary,CL:0000654
UBERON:0000086$$6407,zona pellucida,AS,ovary,UBERON:0000086
ASCTB-TEMP:cumulus-oophorus-oocyte-complex$$6408,cumulus oophorus oocyte complex,AS,ovary,ASCTB-TEMP:cumulus-oophorus-oocyte-complex
CL:0000654$$6409,primary oocyte,CT,ovary,CL:0000654
UBERON:0000086$$6410,zona pellucida,AS,ovary,UBERON:0000086
UBERON:0000039$$6411,follicular antrum,AS,ovary,UBERON:0000039
UBERON:0000038$$6412,follicular fluid,AS,ovary,UBERON:0000038
UBERON:0000155$$6413,theca cell layer,AS,ovary,UBERON:0000155
UBERON:0000156$$6414,theca externa,AS,ovary,UBERON:0000156
CL:0000503$$6415,theca cell,CT,ovary,CL:0000503
UBERON:0000157$$6416,theca interna,AS,ovary,UBERON:0000157
CL:0000503$$6417,theca cell,CT,ovary,CL:0000503
UBERON:0000155$$6418,theca cell layer,AS,ovary,UBERON:0000155
UBERON:0000156$$6419,theca externa,AS,ovary,UBERON:0000156
CL:0000503$$6420,theca cell,CT,ovary,CL:0000503
UBERON:0000157$$6421,theca interna,AS,ovary,UBERON:0000157
CL:0000503$$6422,theca cell,CT,ovary,CL:0000503
UBERON:0000155$$6423,theca cell layer,AS,ovary,UBERON:0000155
UBERON:0000156$$6424,theca externa,AS,ovary,UBERON:0000156
CL:0000503$$6425,theca cell,CT,ovary,CL:0000503
UBERON:0000157$$6426,theca interna,AS,ovary,UBERON:0000157
CL:0000503$$6427,theca cell,CT,ovary,CL:0000503
UBERON:0000155$$6428,theca cell layer,AS,ovary,UBERON:0000155
UBERON:0000156$$6429,theca externa,AS,ovary,UBERON:0000156
CL:0000503$$6430,theca cell,CT,ovary,CL:0000503
UBERON:0000157$$6431,theca interna,AS,ovary,UBERON:0000157
CL:0000503$$6432,theca cell,CT,ovary,CL:0000503
ASCTB-TEMP:cumulus-oophorus-oocyte-complex$$6433,cumulus oophorus oocyte complex,AS,ovary,ASCTB-TEMP:cumulus-oophorus-oocyte-complex
CL:0000654$$6434,primary oocyte,CT,ovary,CL:0000654
UBERON:0000086$$6435,zona pellucida,AS,ovary,UBERON:0000086
ASCTB-TEMP:cumulus-oophorus-oocyte-complex$$6436,cumulus oophorus oocyte complex,AS,ovary,ASCTB-TEMP:cumulus-oophorus-oocyte-complex
CL:0000654$$6437,primary oocyte,CT,ovary,CL:0000654
UBERON:0000086$$6438,zona pellucida,AS,ovary,UBERON:0000086
ASCTB-TEMP:cumulus-oophorus-oocyte-complex$$6439,cumulus oophorus oocyte complex,AS,ovary,ASCTB-TEMP:cumulus-oophorus-oocyte-complex
CL:0000654$$6440,primary oocyte,CT,ovary,CL:0000654
UBERON:0000086$$6441,zona pellucida,AS,ovary,UBERON:0000086
ASCTB-TEMP:cumulus-oophorus-oocyte-complex$$6442,cumulus oophorus oocyte complex,AS,ovary,ASCTB-TEMP:cumulus-oophorus-oocyte-complex
CL:0000654$$6443,primary oocyte,CT,ovary,CL:0000654
UBERON:0000086$$6444,zona pellucida,AS,ovary,UBERON:0000086
ASCTB-TEMP:cumulus-oophorus-oocyte-complex$$6445,cumulus oophorus oocyte complex,AS,ovary,ASCTB-TEMP:cumulus-oophorus-oocyte-complex
CL:0000654$$6446,primary oocyte,CT,ovary,CL:0000654
UBERON:0000086$$6447,zona pellucida,AS,ovary,UBERON:0000086
UBERON:0000039$$6448,follicular antrum,AS,ovary,UBERON:0000039
UBERON:0000038$$6449,follicular fluid,AS,ovary,UBERON:0000038
UBERON:0000155$$6450,theca cell layer,AS,ovary,UBERON:0000155
UBERON:0000156$$6451,theca externa,AS,ovary,UBERON:0000156
CL:0000503$$6452,theca cell,CT,ovary,CL:0000503
UBERON:0000157$$6453,theca interna,AS,ovary,UBERON:0000157
CL:0000503$$6454,theca cell,CT,ovary,CL:0000503
UBERON:0000155$$6455,theca cell layer,AS,ovary,UBERON:0000155
UBERON:0000156$$6456,theca externa,AS,ovary,UBERON:0000156
CL:0000503$$6457,theca cell,CT,ovary,CL:0000503
UBERON:0000157$$6458,theca interna,AS,ovary,UBERON:0000157
CL:0000503$$6459,theca cell,CT,ovary,CL:0000503
UBERON:0000155$$6460,theca cell layer,AS,ovary,UBERON:0000155
UBERON:0000156$$6461,theca externa,AS,ovary,UBERON:0000156
CL:0000503$$6462,theca cell,CT,ovary,CL:0000503
UBERON:0000157$$6463,theca interna,AS,ovary,UBERON:0000157
CL:0000503$$6464,theca cell,CT,ovary,CL:0000503
UBERON:0000155$$6465,theca cell layer,AS,ovary,UBERON:0000155
UBERON:0000156$$6466,theca externa,AS,ovary,UBERON:0000156
CL:0000503$$6467,theca cell,CT,ovary,CL:0000503
UBERON:0000157$$6468,theca interna,AS,ovary,UBERON:0000157
CL:0000503$$6469,theca cell,CT,ovary,CL:0000503
ASCTB-TEMP:cumulus-oophorus-oocyte-complex$$6470,cumulus oophorus oocyte complex,AS,ovary,ASCTB-TEMP:cumulus-oophorus-oocyte-complex
CL:0000654$$6471,primary oocyte,CT,ovary,CL:0000654
UBERON:0000086$$6472,zona pellucida,AS,ovary,UBERON:0000086
ASCTB-TEMP:cumulus-oophorus-oocyte-complex$$6473,cumulus oophorus oocyte complex,AS,ovary,ASCTB-TEMP:cumulus-oophorus-oocyte-complex
CL:0000654$$6474,primary oocyte,CT,ovary,CL:0000654
UBERON:0000086$$6475,zona pellucida,AS,ovary,UBERON:0000086
ASCTB-TEMP:cumulus-oophorus-oocyte-complex$$6476,cumulus oophorus oocyte complex,AS,ovary,ASCTB-TEMP:cumulus-oophorus-oocyte-complex
CL:0000654$$6477,primary oocyte,CT,ovary,CL:0000654
UBERON:0000086$$6478,zona pellucida,AS,ovary,UBERON:0000086
ASCTB-TEMP:cumulus-oophorus-oocyte-complex$$6479,cumulus oophorus oocyte complex,AS,ovary,ASCTB-TEMP:cumulus-oophorus-oocyte-complex
CL:0000654$$6480,primary oocyte,CT,ovary,CL:0000654
UBERON:0000086$$6481,zona pellucida,AS,ovary,UBERON:0000086
ASCTB-TEMP:cumulus-oophorus-oocyte-complex$$6482,cumulus oophorus oocyte complex,AS,ovary,ASCTB-TEMP:cumulus-oophorus-oocyte-complex
CL:0000654$$6483,primary oocyte,CT,ovary,CL:0000654
UBERON:0000086$$6484,zona pellucida,AS,ovary,UBERON:0000086
UBERON:0000039$$6485,follicular antrum,AS,ovary,UBERON:0000039
UBERON:0000038$$6486,follicular fluid,AS,ovary,UBERON:0000038
UBERON:0000155$$6487,theca cell layer,AS,ovary,UBERON:0000155
UBERON:0000156$$6488,theca externa,AS,ovary,UBERON:0000156
CL:0000503$$6489,theca cell,CT,ovary,CL:0000503
UBERON:0000157$$6490,theca interna,AS,ovary,UBERON:0000157
CL:0000503$$6491,theca cell,CT,ovary,CL:0000503
UBERON:0000155$$6492,theca cell layer,AS,ovary,UBERON:0000155
UBERON:0000156$$6493,theca externa,AS,ovary,UBERON:0000156
CL:0000503$$6494,theca cell,CT,ovary,CL:0000503
UBERON:0000157$$6495,theca interna,AS,ovary,UBERON:0000157
CL:0000503$$6496,theca cell,CT,ovary,CL:0000503
UBERON:0000155$$6497,theca cell layer,AS,ovary,UBERON:0000155
UBERON:0000156$$6498,theca externa,AS,ovary,UBERON:0000156
CL:0000503$$6499,theca cell,CT,ovary,CL:0000503
UBERON:0000157$$6500,theca interna,AS,ovary,UBERON:0000157
CL:0000503$$6501,theca cell,CT,ovary,CL:0000503
UBERON:0000155$$6502,theca cell layer,AS,ovary,UBERON:0000155
UBERON:0000156$$6503,theca externa,AS,ovary,UBERON:0000156
CL:0000503$$6504,theca cell,CT,ovary,CL:0000503
UBERON:0000157$$6505,theca interna,AS,ovary,UBERON:0000157
CL:0000503$$6506,theca cell,CT,ovary,CL:0000503
ASCTB-TEMP:cumulus-oophorus-oocyte-complex$$6507,cumulus oophorus oocyte complex,AS,ovary,ASCTB-TEMP:cumulus-oophorus-oocyte-complex
CL:0000654$$6508,primary oocyte,CT,ovary,CL:0000654
UBERON:0000086$$6509,zona pellucida,AS,ovary,UBERON:0000086
ASCTB-TEMP:cumulus-oophorus-oocyte-complex$$6510,cumulus oophorus oocyte complex,AS,ovary,ASCTB-TEMP:cumulus-oophorus-oocyte-complex
CL:0000654$$6511,primary oocyte,CT,ovary,CL:0000654
UBERON:0000086$$6512,zona pellucida,AS,ovary,UBERON:0000086
ASCTB-TEMP:cumulus-oophorus-oocyte-complex$$6513,cumulus oophorus oocyte complex,AS,ovary,ASCTB-TEMP:cumulus-oophorus-oocyte-complex
CL:0000654$$6514,primary oocyte,CT,ovary,CL:0000654
UBERON:0000086$$6515,zona pellucida,AS,ovary,UBERON:0000086
ASCTB-TEMP:cumulus-oophorus-oocyte-complex$$6516,cumulus oophorus oocyte complex,AS,ovary,ASCTB-TEMP:cumulus-oophorus-oocyte-complex
CL:0000654$$6517,primary oocyte,CT,ovary,CL:0000654
UBERON:0000086$$6518,zona pellucida,AS,ovary,UBERON:0000086
ASCTB-TEMP:cumulus-oophorus-oocyte-complex$$6519,cumulus oophorus oocyte complex,AS,ovary,ASCTB-TEMP:cumulus-oophorus-oocyte-complex
CL:0000654$$6520,primary oocyte,CT,ovary,CL:0000654
UBERON:0000086$$6521,zona pellucida,AS,ovary,UBERON:0000086
UBERON:0000039$$6522,follicular antrum,AS,ovary,UBERON:0000039
UBERON:0000038$$6523,follicular fluid,AS,ovary,UBERON:0000038
UBERON:0000155$$6524,theca cell layer,AS,ovary,UBERON:0000155
UBERON:0000156$$6525,theca externa,AS,ovary,UBERON:0000156
CL:0000503$$6526,theca cell,CT,ovary,CL:0000503
UBERON:0000157$$6527,theca interna,AS,ovary,UBERON:0000157
CL:0000503$$6528,theca cell,CT,ovary,CL:0000503
UBERON:0000155$$6529,theca cell layer,AS,ovary,UBERON:0000155
UBERON:0000156$$6530,theca externa,AS,ovary,UBERON:0000156
CL:0000503$$6531,theca cell,CT,ovary,CL:0000503
UBERON:0000157$$6532,theca interna,AS,ovary,UBERON:0000157
CL:0000503$$6533,theca cell,CT,ovary,CL:0000503
UBERON:0000155$$6534,theca cell layer,AS,ovary,UBERON:0000155
UBERON:0000156$$6535,theca externa,AS,ovary,UBERON:0000156
CL:0000503$$6536,theca cell,CT,ovary,CL:0000503
UBERON:0000157$$6537,theca interna,AS,ovary,UBERON:0000157
CL:0000503$$6538,theca cell,CT,ovary,CL:0000503
UBERON:0000155$$6539,theca cell layer,AS,ovary,UBERON:0000155
UBERON:0000156$$6540,theca externa,AS,ovary,UBERON:0000156
CL:0000503$$6541,theca cell,CT,ovary,CL:0000503
UBERON:0000157$$6542,theca interna,AS,ovary,UBERON:0000157
CL:0000503$$6543,theca cell,CT,ovary,CL:0000503
ASCTB-TEMP:cumulus-oophorus-oocyte-complex$$6544,cumulus oophorus oocyte complex,AS,ovary,ASCTB-TEMP:cumulus-oophorus-oocyte-complex
CL:0000654$$6545,primary oocyte,CT,ovary,CL:0000654
UBERON:0000086$$6546,zona pellucida,AS,ovary,UBERON:0000086
ASCTB-TEMP:cumulus-oophorus-oocyte-complex$$6547,cumulus oophorus oocyte complex,AS,ovary,ASCTB-TEMP:cumulus-oophorus-oocyte-complex
CL:0000654$$6548,primary oocyte,CT,ovary,CL:0000654
UBERON:0000086$$6549,zona pellucida,AS,ovary,UBERON:0000086
ASCTB-TEMP:cumulus-oophorus-oocyte-complex$$6550,cumulus oophorus oocyte complex,AS,ovary,ASCTB-TEMP:cumulus-oophorus-oocyte-complex
CL:0000654$$6551,primary oocyte,CT,ovary,CL:0000654
UBERON:0000086$$6552,zona pellucida,AS,ovary,UBERON:0000086
ASCTB-TEMP:cumulus-oophorus-oocyte-complex$$6553,cumulus oophorus oocyte complex,AS,ovary,ASCTB-TEMP:cumulus-oophorus-oocyte-complex
CL:0000654$$6554,primary oocyte,CT,ovary,CL:0000654
UBERON:0000086$$6555,zona pellucida,AS,ovary,UBERON:0000086
ASCTB-TEMP:cumulus-oophorus-oocyte-complex$$6556,cumulus oophorus oocyte complex,AS,ovary,ASCTB-TEMP:cumulus-oophorus-oocyte-complex
CL:0000654$$6557,primary oocyte,CT,ovary,CL:0000654
UBERON:0000086$$6558,zona pellucida,AS,ovary,UBERON:0000086
UBERON:0000039$$6559,follicular antrum,AS,ovary,UBERON:0000039
UBERON:0000038$$6560,follicular fluid,AS,ovary,UBERON:0000038
UBERON:0000155$$6561,theca cell layer,AS,ovary,UBERON:0000155
UBERON:0000156$$6562,theca externa,AS,ovary,UBERON:0000156
CL:0000503$$6563,theca cell,CT,ovary,CL:0000503
UBERON:0000157$$6564,theca interna,AS,ovary,UBERON:0000157
CL:0000503$$6565,theca cell,CT,ovary,CL:0000503
UBERON:0000155$$6566,theca cell layer,AS,ovary,UBERON:0000155
UBERON:0000156$$6567,theca externa,AS,ovary,UBERON:0000156
CL:0000503$$6568,theca cell,CT,ovary,CL:0000503
UBERON:0000157$$6569,theca interna,AS,ovary,UBERON:0000157
CL:0000503$$6570,theca cell,CT,ovary,CL:0000503
UBERON:0000155$$6571,theca cell layer,AS,ovary,UBERON:0000155
UBERON:0000156$$6572,theca externa,AS,ovary,UBERON:0000156
CL:0000503$$6573,theca cell,CT,ovary,CL:0000503
UBERON:0000157$$6574,theca interna,AS,ovary,UBERON:0000157
CL:0000503$$6575,theca cell,CT,ovary,CL:0000503
UBERON:0000155$$6576,theca cell layer,AS,ovary,UBERON:0000155
UBERON:0000156$$6577,theca externa,AS,ovary,UBERON:0000156
CL:0000503$$6578,theca cell,CT,ovary,CL:0000503
UBERON:0000157$$6579,theca interna,AS,ovary,UBERON:0000157
CL:0000503$$6580,theca cell,CT,ovary,CL:0000503
ASCTB-TEMP:cumulus-oophorus-oocyte-complex$$6581,cumulus oophorus oocyte complex,AS,ovary,ASCTB-TEMP:cumulus-oophorus-oocyte-complex
CL:0000654$$6582,primary oocyte,CT,ovary,CL:0000654
UBERON:0000086$$6583,zona pellucida,AS,ovary,UBERON:0000086
ASCTB-TEMP:cumulus-oophorus-oocyte-complex$$6584,cumulus oophorus oocyte complex,AS,ovary,ASCTB-TEMP:cumulus-oophorus-oocyte-complex
CL:0000654$$6585,primary oocyte,CT,ovary,CL:0000654
UBERON:0000086$$6586,zona pellucida,AS,ovary,UBERON:0000086
ASCTB-TEMP:cumulus-oophorus-oocyte-complex$$6587,cumulus oophorus oocyte complex,AS,ovary,ASCTB-TEMP:cumulus-oophorus-oocyte-complex
CL:0000654$$6588,primary oocyte,CT,ovary,CL:0000654
UBERON:0000086$$6589,zona pellucida,AS,ovary,UBERON:0000086
ASCTB-TEMP:cumulus-oophorus-oocyte-complex$$6590,cumulus oophorus oocyte complex,AS,ovary,ASCTB-TEMP:cumulus-oophorus-oocyte-complex
CL:0000654$$6591,primary oocyte,CT,ovary,CL:0000654
UBERON:0000086$$6592,zona pellucida,AS,ovary,UBERON:0000086
ASCTB-TEMP:cumulus-oophorus-oocyte-complex$$6593,cumulus oophorus oocyte complex,AS,ovary,ASCTB-TEMP:cumulus-oophorus-oocyte-complex
CL:0000654$$6594,primary oocyte,CT,ovary,CL:0000654
UBERON:0000086$$6595,zona pellucida,AS,ovary,UBERON:0000086
UBERON:0000039$$6596,follicular antrum,AS,ovary,UBERON:0000039
UBERON:0000038$$6597,follicular fluid,AS,ovary,UBERON:0000038
UBERON:0000155$$6598,theca cell layer,AS,ovary,UBERON:0000155
UBERON:0000156$$6599,theca externa,AS,ovary,UBERON:0000156
CL:0000503$$6600,theca cell,CT,ovary,CL:0000503
UBERON:0000157$$6601,theca interna,AS,ovary,UBERON:0000157
CL:0000503$$6602,theca cell,CT,ovary,CL:0000503
UBERON:0000155$$6603,theca cell layer,AS,ovary,UBERON:0000155
UBERON:0000156$$6604,theca externa,AS,ovary,UBERON:0000156
CL:0000503$$6605,theca cell,CT,ovary,CL:0000503
UBERON:0000157$$6606,theca interna,AS,ovary,UBERON:0000157
CL:0000503$$6607,theca cell,CT,ovary,CL:0000503
UBERON:0000155$$6608,theca cell layer,AS,ovary,UBERON:0000155
UBERON:0000156$$6609,theca externa,AS,ovary,UBERON:0000156
CL:0000503$$6610,theca cell,CT,ovary,CL:0000503
UBERON:0000157$$6611,theca interna,AS,ovary,UBERON:0000157
CL:0000503$$6612,theca cell,CT,ovary,CL:0000503
UBERON:0000155$$6613,theca cell layer,AS,ovary,UBERON:0000155
UBERON:0000156$$6614,theca externa,AS,ovary,UBERON:0000156
CL:0000503$$6615,theca cell,CT,ovary,CL:0000503
UBERON:0000157$$6616,theca interna,AS,ovary,UBERON:0000157
CL:0000503$$6617,theca cell,CT,ovary,CL:0000503
ASCTB-TEMP:cumulus-oophorus-oocyte-complex$$6618,cumulus oophorus oocyte complex,AS,ovary,ASCTB-TEMP:cumulus-oophorus-oocyte-complex
CL:0000654$$6619,primary oocyte,CT,ovary,CL:0000654
UBERON:0000086$$6620,zona pellucida,AS,ovary,UBERON:0000086
ASCTB-TEMP:cumulus-oophorus-oocyte-complex$$6621,cumulus oophorus oocyte complex,AS,ovary,ASCTB-TEMP:cumulus-oophorus-oocyte-complex
CL:0000654$$6622,primary oocyte,CT,ovary,CL:0000654
UBERON:0000086$$6623,zona pellucida,AS,ovary,UBERON:0000086
ASCTB-TEMP:cumulus-oophorus-oocyte-complex$$6624,cumulus oophorus oocyte complex,AS,ovary,ASCTB-TEMP:cumulus-oophorus-oocyte-complex
CL:0000654$$6625,primary oocyte,CT,ovary,CL:0000654
UBERON:0000086$$6626,zona pellucida,AS,ovary,UBERON:0000086
ASCTB-TEMP:cumulus-oophorus-oocyte-complex$$6627,cumulus oophorus oocyte complex,AS,ovary,ASCTB-TEMP:cumulus-oophorus-oocyte-complex
CL:0000654$$6628,primary oocyte,CT,ovary,CL:0000654
UBERON:0000086$$6629,zona pellucida,AS,ovary,UBERON:0000086
ASCTB-TEMP:cumulus-oophorus-oocyte-complex$$6630,cumulus oophorus oocyte complex,AS,ovary,ASCTB-TEMP:cumulus-oophorus-oocyte-complex
CL:0000654$$6631,primary oocyte,CT,ovary,CL:0000654
UBERON:0000086$$6632,zona pellucida,AS,ovary,UBERON:0000086
UBERON:0000039$$6633,follicular antrum,AS,ovary,UBERON:0000039
UBERON:0000038$$6634,follicular fluid,AS,ovary,UBERON:0000038
UBERON:0000155$$6635,theca cell layer,AS,ovary,UBERON:0000155
UBERON:0000156$$6636,theca externa,AS,ovary,UBERON:0000156
CL:0000503$$6637,theca cell,CT,ovary,CL:0000503
UBERON:0000157$$6638,theca interna,AS,ovary,UBERON:0000157
CL:0000503$$6639,theca cell,CT,ovary,CL:0000503
UBERON:0000155$$6640,theca cell layer,AS,ovary,UBERON:0000155
UBERON:0000156$$6641,theca externa,AS,ovary,UBERON:0000156
CL:0000503$$6642,theca cell,CT,ovary,CL:0000503
UBERON:0000157$$6643,theca interna,AS,ovary,UBERON:0000157
CL:0000503$$6644,theca cell,CT,ovary,CL:0000503
UBERON:0000155$$6645,theca cell layer,AS,ovary,UBERON:0000155
UBERON:0000156$$6646,theca externa,AS,ovary,UBERON:0000156
CL:0000503$$6647,theca cell,CT,ovary,CL:0000503
UBERON:0000157$$6648,theca interna,AS,ovary,UBERON:0000157
CL:0000503$$6649,theca cell,CT,ovary,CL:0000503
UBERON:0000155$$6650,theca cell layer,AS,ovary,UBERON:0000155
UBERON:0000156$$6651,theca externa,AS,ovary,UBERON:0000156
CL:0000503$$6652,theca cell,CT,ovary,CL:0000503
UBERON:0000157$$6653,theca interna,AS,ovary,UBERON:0000157
CL:0000503$$6654,theca cell,CT,ovary,CL:0000503
ASCTB-TEMP:cumulus-oophorus-oocyte-complex$$6655,cumulus oophorus oocyte complex,AS,ovary,ASCTB-TEMP:cumulus-oophorus-oocyte-complex
CL:0000654$$6656,primary oocyte,CT,ovary,CL:0000654
UBERON:0000086$$6657,zona pellucida,AS,ovary,UBERON:0000086
ASCTB-TEMP:cumulus-oophorus-oocyte-complex$$6658,cumulus oophorus oocyte complex,AS,ovary,ASCTB-TEMP:cumulus-oophorus-oocyte-complex
CL:0000654$$6659,primary oocyte,CT,ovary,CL:0000654
UBERON:0000086$$6660,zona pellucida,AS,ovary,UBERON:0000086
ASCTB-TEMP:cumulus-oophorus-oocyte-complex$$6661,cumulus oophorus oocyte complex,AS,ovary,ASCTB-TEMP:cumulus-oophorus-oocyte-complex
CL:0000654$$6662,primary oocyte,CT,ovary,CL:0000654
UBERON:0000086$$6663,zona pellucida,AS,ovary,UBERON:0000086
ASCTB-TEMP:cumulus-oophorus-oocyte-complex$$6664,cumulus oophorus oocyte complex,AS,ovary,ASCTB-TEMP:cumulus-oophorus-oocyte-complex
CL:0000654$$6665,primary oocyte,CT,ovary,CL:0000654
UBERON:0000086$$6666,zona pellucida,AS,ovary,UBERON:0000086
ASCTB-TEMP:cumulus-oophorus-oocyte-complex$$6667,cumulus oophorus oocyte complex,AS,ovary,ASCTB-TEMP:cumulus-oophorus-oocyte-complex
CL:0000654$$6668,primary oocyte,CT,ovary,CL:0000654
UBERON:0000086$$6669,zona pellucida,AS,ovary,UBERON:0000086
UBERON:0000039$$6670,follicular antrum,AS,ovary,UBERON:0000039
UBERON:0000038$$6671,follicular fluid,AS,ovary,UBERON:0000038
UBERON:0000155$$6672,theca cell layer,AS,ovary,UBERON:0000155
UBERON:0000156$$6673,theca externa,AS,ovary,UBERON:0000156
CL:0000503$$6674,theca cell,CT,ovary,CL:0000503
UBERON:0000157$$6675,theca interna,AS,ovary,UBERON:0000157
CL:0000503$$6676,theca cell,CT,ovary,CL:0000503
UBERON:0000155$$6677,theca cell layer,AS,ovary,UBERON:0000155
UBERON:0000156$$6678,theca externa,AS,ovary,UBERON:0000156
CL:0000503$$6679,theca cell,CT,ovary,CL:0000503
UBERON:0000157$$6680,theca interna,AS,ovary,UBERON:0000157
CL:0000503$$6681,theca cell,CT,ovary,CL:0000503
UBERON:0000155$$6682,theca cell layer,AS,ovary,UBERON:0000155
UBERON:0000156$$6683,theca externa,AS,ovary,UBERON:0000156
CL:0000503$$6684,theca cell,CT,ovary,CL:0000503
UBERON:0000157$$6685,theca interna,AS,ovary,UBERON:0000157
CL:0000503$$6686,theca cell,CT,ovary,CL:0000503
UBERON:0000155$$6687,theca cell layer,AS,ovary,UBERON:0000155
UBERON:0000156$$6688,theca externa,AS,ovary,UBERON:0000156
CL:0000503$$6689,theca cell,CT,ovary,CL:0000503
UBERON:0000157$$6690,theca interna,AS,ovary,UBERON:0000157
CL:0000503$$6691,theca cell,CT,ovary,CL:0000503
UBERON:0000039$$6692,follicular antrum,AS,ovary,UBERON:0000039
UBERON:0000038$$6693,follicular fluid,AS,ovary,UBERON:0000038
UBERON:0000155$$6694,theca cell layer,AS,ovary,UBERON:0000155
UBERON:0000156$$6695,theca externa,AS,ovary,UBERON:0000156
CL:0000503$$6696,theca cell,CT,ovary,CL:0000503
UBERON:0000157$$6697,theca interna,AS,ovary,UBERON:0000157
CL:0000503$$6698,theca cell,CT,ovary,CL:0000503
UBERON:0000039$$6699,follicular antrum,AS,ovary,UBERON:0000039
UBERON:0000038$$6700,follicular fluid,AS,ovary,UBERON:0000038
UBERON:0000155$$6701,theca cell layer,AS,ovary,UBERON:0000155
UBERON:0000156$$6702,theca externa,AS,ovary,UBERON:0000156
CL:0000503$$6703,theca cell,CT,ovary,CL:0000503
UBERON:0000157$$6704,theca interna,AS,ovary,UBERON:0000157
CL:0000503$$6705,theca cell,CT,ovary,CL:0000503
UBERON:0000039$$6706,follicular antrum,AS,ovary,UBERON:0000039
UBERON:0000038$$6707,follicular fluid,AS,ovary,UBERON:0000038
UBERON:0000155$$6708,theca cell layer,AS,ovary,UBERON:0000155
UBERON:0000156$$6709,theca externa,AS,ovary,UBERON:0000156
CL:0000503$$6710,theca cell,CT,ovary,CL:0000503
UBERON:0000157$$6711,theca interna,AS,ovary,UBERON:0000157
CL:0000503$$6712,theca cell,CT,ovary,CL:0000503
UBERON:0000039$$6713,follicular antrum,AS,ovary,UBERON:0000039
UBERON:0000038$$6714,follicular fluid,AS,ovary,UBERON:0000038
UBERON:0000155$$6715,theca cell layer,AS,ovary,UBERON:0000155
UBERON:0000156$$6716,theca externa,AS,ovary,UBERON:0000156
CL:0000503$$6717,theca cell,CT,ovary,CL:0000503
UBERON:0000157$$6718,theca interna,AS,ovary,UBERON:0000157
CL:0000503$$6719,theca cell,CT,ovary,CL:0000503
UBERON:0000039$$6720,follicular antrum,AS,ovary,UBERON:0000039
UBERON:0000038$$6721,follicular fluid,AS,ovary,UBERON:0000038
UBERON:0000155$$6722,theca cell layer,AS,ovary,UBERON:0000155
UBERON:0000156$$6723,theca externa,AS,ovary,UBERON:0000156
CL:0000503$$6724,theca cell,CT,ovary,CL:0000503
UBERON:0000157$$6725,theca interna,AS,ovary,UBERON:0000157
CL:0000503$$6726,theca cell,CT,ovary,CL:0000503
UBERON:0000039$$6727,follicular antrum,AS,ovary,UBERON:0000039
UBERON:0000038$$6728,follicular fluid,AS,ovary,UBERON:0000038
UBERON:0000155$$6729,theca cell layer,AS,ovary,UBERON:0000155
UBERON:0000156$$6730,theca externa,AS,ovary,UBERON:0000156
CL:0000503$$6731,theca cell,CT,ovary,CL:0000503
UBERON:0000157$$6732,theca interna,AS,ovary,UBERON:0000157
CL:0000503$$6733,theca cell,CT,ovary,CL:0000503
UBERON:0000039$$6734,follicular antrum,AS,ovary,UBERON:0000039
UBERON:0000038$$6735,follicular fluid,AS,ovary,UBERON:0000038
UBERON:0000155$$6736,theca cell layer,AS,ovary,UBERON:0000155
UBERON:0000156$$6737,theca externa,AS,ovary,UBERON:0000156
CL:0000503$$6738,theca cell,CT,ovary,CL:0000503
UBERON:0000157$$6739,theca interna,AS,ovary,UBERON:0000157
CL:0000503$$6740,theca cell,CT,ovary,CL:0000503
UBERON:0000039$$6741,follicular antrum,AS,ovary,UBERON:0000039
UBERON:0000038$$6742,follicular fluid,AS,ovary,UBERON:0000038
UBERON:0000155$$6743,theca cell layer,AS,ovary,UBERON:0000155
UBERON:0000156$$6744,theca externa,AS,ovary,UBERON:0000156
CL:0000503$$6745,theca cell,CT,ovary,CL:0000503
UBERON:0000157$$6746,theca interna,AS,ovary,UBERON:0000157
CL:0000503$$6747,theca cell,CT,ovary,CL:0000503
UBERON:0000039$$6748,follicular antrum,AS,ovary,UBERON:0000039
UBERON:0000038$$6749,follicular fluid,AS,ovary,UBERON:0000038
UBERON:0000155$$6750,theca cell layer,AS,ovary,UBERON:0000155
UBERON:0000156$$6751,theca externa,AS,ovary,UBERON:0000156
CL:0000503$$6752,theca cell,CT,ovary,CL:0000503
UBERON:0000157$$6753,theca interna,AS,ovary,UBERON:0000157
CL:0000503$$6754,theca cell,CT,ovary,CL:0000503
UBERON:0000039$$6755,follicular antrum,AS,ovary,UBERON:0000039
UBERON:0000038$$6756,follicular fluid,AS,ovary,UBERON:0000038
UBERON:0000155$$6757,theca cell layer,AS,ovary,UBERON:0000155
UBERON:0000156$$6758,theca externa,AS,ovary,UBERON:0000156
CL:0000503$$6759,theca cell,CT,ovary,CL:0000503
UBERON:0000157$$6760,theca interna,AS,ovary,UBERON:0000157
CL:0000503$$6761,theca cell,CT,ovary,CL:0000503
UBERON:0000039$$6762,follicular antrum,AS,ovary,UBERON:0000039
UBERON:0000038$$6763,follicular fluid,AS,ovary,UBERON:0000038
UBERON:0000155$$6764,theca cell layer,AS,ovary,UBERON:0000155
UBERON:0000156$$6765,theca externa,AS,ovary,UBERON:0000156
CL:0000503$$6766,theca cell,CT,ovary,CL:0000503
UBERON:0000157$$6767,theca interna,AS,ovary,UBERON:0000157
CL:0000503$$6768,theca cell,CT,ovary,CL:0000503
UBERON:0000039$$6769,follicular antrum,AS,ovary,UBERON:0000039
UBERON:0000038$$6770,follicular fluid,AS,ovary,UBERON:0000038
UBERON:0000155$$6771,theca cell layer,AS,ovary,UBERON:0000155
UBERON:0000156$$6772,theca externa,AS,ovary,UBERON:0000156
CL:0000503$$6773,theca cell,CT,ovary,CL:0000503
UBERON:0000157$$6774,theca interna,AS,ovary,UBERON:0000157
CL:0000503$$6775,theca cell,CT,ovary,CL:0000503
UBERON:0000039$$6776,follicular antrum,AS,ovary,UBERON:0000039
UBERON:0000038$$6777,follicular fluid,AS,ovary,UBERON:0000038
UBERON:0000155$$6778,theca cell layer,AS,ovary,UBERON:0000155
UBERON:0000156$$6779,theca externa,AS,ovary,UBERON:0000156
CL:0000503$$6780,theca cell,CT,ovary,CL:0000503
UBERON:0000157$$6781,theca interna,AS,ovary,UBERON:0000157
CL:0000503$$6782,theca cell,CT,ovary,CL:0000503
UBERON:0000039$$6783,follicular antrum,AS,ovary,UBERON:0000039
UBERON:0000038$$6784,follicular fluid,AS,ovary,UBERON:0000038
UBERON:0000155$$6785,theca cell layer,AS,ovary,UBERON:0000155
UBERON:0000156$$6786,theca externa,AS,ovary,UBERON:0000156
CL:0000503$$6787,theca cell,CT,ovary,CL:0000503
UBERON:0000157$$6788,theca interna,AS,ovary,UBERON:0000157
CL:0000503$$6789,theca cell,CT,ovary,CL:0000503
UBERON:0000039$$6790,follicular antrum,AS,ovary,UBERON:0000039
UBERON:0000038$$6791,follicular fluid,AS,ovary,UBERON:0000038
UBERON:0000155$$6792,theca cell layer,AS,ovary,UBERON:0000155
UBERON:0000156$$6793,theca externa,AS,ovary,UBERON:0000156
CL:0000503$$6794,theca cell,CT,ovary,CL:0000503
UBERON:0000157$$6795,theca interna,AS,ovary,UBERON:0000157
CL:0000503$$6796,theca cell,CT,ovary,CL:0000503
UBERON:0000039$$6797,follicular antrum,AS,ovary,UBERON:0000039
UBERON:0000038$$6798,follicular fluid,AS,ovary,UBERON:0000038
UBERON:0000155$$6799,theca cell layer,AS,ovary,UBERON:0000155
UBERON:0000156$$6800,theca externa,AS,ovary,UBERON:0000156
CL:0000503$$6801,theca cell,CT,ovary,CL:0000503
UBERON:0000157$$6802,theca interna,AS,ovary,UBERON:0000157
CL:0000503$$6803,theca cell,CT,ovary,CL:0000503
UBERON:0000039$$6804,follicular antrum,AS,ovary,UBERON:0000039
UBERON:0000038$$6805,follicular fluid,AS,ovary,UBERON:0000038
UBERON:0000155$$6806,theca cell layer,AS,ovary,UBERON:0000155
UBERON:0000156$$6807,theca externa,AS,ovary,UBERON:0000156
CL:0000503$$6808,theca cell,CT,ovary,CL:0000503
UBERON:0000157$$6809,theca interna,AS,ovary,UBERON:0000157
CL:0000503$$6810,theca cell,CT,ovary,CL:0000503
UBERON:0000039$$6811,follicular antrum,AS,ovary,UBERON:0000039
UBERON:0000038$$6812,follicular fluid,AS,ovary,UBERON:0000038
UBERON:0000155$$6813,theca cell layer,AS,ovary,UBERON:0000155
UBERON:0000156$$6814,theca externa,AS,ovary,UBERON:0000156
CL:0000503$$6815,theca cell,CT,ovary,CL:0000503
UBERON:0000157$$6816,theca interna,AS,ovary,UBERON:0000157
CL:0000503$$6817,theca cell,CT,ovary,CL:0000503
UBERON:0000039$$6818,follicular antrum,AS,ovary,UBERON:0000039
UBERON:0000038$$6819,follicular fluid,AS,ovary,UBERON:0000038
UBERON:0000155$$6820,theca cell layer,AS,ovary,UBERON:0000155
UBERON:0000156$$6821,theca externa,AS,ovary,UBERON:0000156
CL:0000503$$6822,theca cell,CT,ovary,CL:0000503
UBERON:0000157$$6823,theca interna,AS,ovary,UBERON:0000157
CL:0000503$$6824,theca cell,CT,ovary,CL:0000503
UBERON:0000039$$6825,follicular antrum,AS,ovary,UBERON:0000039
UBERON:0000038$$6826,follicular fluid,AS,ovary,UBERON:0000038
UBERON:0000155$$6827,theca cell layer,AS,ovary,UBERON:0000155
UBERON:0000156$$6828,theca externa,AS,ovary,UBERON:0000156
CL:0000503$$6829,theca cell,CT,ovary,CL:0000503
UBERON:0000157$$6830,theca interna,AS,ovary,UBERON:0000157
CL:0000503$$6831,theca cell,CT,ovary,CL:0000503
UBERON:0000039$$6832,follicular antrum,AS,ovary,UBERON:0000039
UBERON:0000038$$6833,follicular fluid,AS,ovary,UBERON:0000038
UBERON:0000155$$6834,theca cell layer,AS,ovary,UBERON:0000155
UBERON:0000156$$6835,theca externa,AS,ovary,UBERON:0000156
CL:0000503$$6836,theca cell,CT,ovary,CL:0000503
UBERON:0000157$$6837,theca interna,AS,ovary,UBERON:0000157
CL:0000503$$6838,theca cell,CT,ovary,CL:0000503
UBERON:0000039$$6839,follicular antrum,AS,ovary,UBERON:0000039
UBERON:0000038$$6840,follicular fluid,AS,ovary,UBERON:0000038
UBERON:0000155$$6841,theca cell layer,AS,ovary,UBERON:0000155
UBERON:0000156$$6842,theca externa,AS,ovary,UBERON:0000156
CL:0000503$$6843,theca cell,CT,ovary,CL:0000503
UBERON:0000157$$6844,theca interna,AS,ovary,UBERON:0000157
CL:0000503$$6845,theca cell,CT,ovary,CL:0000503
UBERON:0000039$$6846,follicular antrum,AS,ovary,UBERON:0000039
UBERON:0000038$$6847,follicular fluid,AS,ovary,UBERON:0000038
UBERON:0000155$$6848,theca cell layer,AS,ovary,UBERON:0000155
UBERON:0000156$$6849,theca externa,AS,ovary,UBERON:0000156
CL:0000503$$6850,theca cell,CT,ovary,CL:0000503
UBERON:0000157$$6851,theca interna,AS,ovary,UBERON:0000157
CL:0000503$$6852,theca cell,CT,ovary,CL:0000503
UBERON:0000039$$6853,follicular antrum,AS,ovary,UBERON:0000039
UBERON:0000038$$6854,follicular fluid,AS,ovary,UBERON:0000038
UBERON:0000155$$6855,theca cell layer,AS,ovary,UBERON:0000155
UBERON:0000156$$6856,theca externa,AS,ovary,UBERON:0000156
CL:0000503$$6857,theca cell,CT,ovary,CL:0000503
UBERON:0000157$$6858,theca interna,AS,ovary,UBERON:0000157
CL:0000503$$6859,theca cell,CT,ovary,CL:0000503
UBERON:0000039$$6860,follicular antrum,AS,ovary,UBERON:0000039
UBERON:0000038$$6861,follicular fluid,AS,ovary,UBERON:0000038
UBERON:0000155$$6862,theca cell layer,AS,ovary,UBERON:0000155
UBERON:0000156$$6863,theca externa,AS,ovary,UBERON:0000156
CL:0000503$$6864,theca cell,CT,ovary,CL:0000503
UBERON:0000157$$6865,theca interna,AS,ovary,UBERON:0000157
CL:0000503$$6866,theca cell,CT,ovary,CL:0000503
UBERON:0000039$$6867,follicular antrum,AS,ovary,UBERON:0000039
UBERON:0000038$$6868,follicular fluid,AS,ovary,UBERON:0000038
UBERON:0000155$$6869,theca cell layer,AS,ovary,UBERON:0000155
UBERON:0000156$$6870,theca externa,AS,ovary,UBERON:0000156
CL:0000503$$6871,theca cell,CT,ovary,CL:0000503
UBERON:0000157$$6872,theca interna,AS,ovary,UBERON:0000157
CL:0000503$$6873,theca cell,CT,ovary,CL:0000503
UBERON:0000039$$6874,follicular antrum,AS,ovary,UBERON:0000039
UBERON:0000038$$6875,follicular fluid,AS,ovary,UBERON:0000038
UBERON:0000155$$6876,theca cell layer,AS,ovary,UBERON:0000155
UBERON:0000156$$6877,theca externa,AS,ovary,UBERON:0000156
CL:0000503$$6878,theca cell,CT,ovary,CL:0000503
UBERON:0000157$$6879,theca interna,AS,ovary,UBERON:0000157
CL:0000503$$6880,theca cell,CT,ovary,CL:0000503
UBERON:0000039$$6881,follicular antrum,AS,ovary,UBERON:0000039
UBERON:0000038$$6882,follicular fluid,AS,ovary,UBERON:0000038
UBERON:0000155$$6883,theca cell layer,AS,ovary,UBERON:0000155
UBERON:0000156$$6884,theca externa,AS,ovary,UBERON:0000156
CL:0000503$$6885,theca cell,CT,ovary,CL:0000503
UBERON:0000157$$6886,theca interna,AS,ovary,UBERON:0000157
CL:0000503$$6887,theca cell,CT,ovary,CL:0000503
UBERON:0000039$$6888,follicular antrum,AS,ovary,UBERON:0000039
UBERON:0000038$$6889,follicular fluid,AS,ovary,UBERON:0000038
UBERON:0000155$$6890,theca cell layer,AS,ovary,UBERON:0000155
UBERON:0000156$$6891,theca externa,AS,ovary,UBERON:0000156
CL:0000503$$6892,theca cell,CT,ovary,CL:0000503
UBERON:0000157$$6893,theca interna,AS,ovary,UBERON:0000157
CL:0000503$$6894,theca cell,CT,ovary,CL:0000503
UBERON:0000039$$6895,follicular antrum,AS,ovary,UBERON:0000039
UBERON:0000038$$6896,follicular fluid,AS,ovary,UBERON:0000038
UBERON:0000155$$6897,theca cell layer,AS,ovary,UBERON:0000155
UBERON:0000156$$6898,theca externa,AS,ovary,UBERON:0000156
CL:0000503$$6899,theca cell,CT,ovary,CL:0000503
UBERON:0000157$$6900,theca interna,AS,ovary,UBERON:0000157
CL:0000503$$6901,theca cell,CT,ovary,CL:0000503
UBERON:0000039$$6902,follicular antrum,AS,ovary,UBERON:0000039
UBERON:0000038$$6903,follicular fluid,AS,ovary,UBERON:0000038
UBERON:0000155$$6904,theca cell layer,AS,ovary,UBERON:0000155
UBERON:0000156$$6905,theca externa,AS,ovary,UBERON:0000156
CL:0000503$$6906,theca cell,CT,ovary,CL:0000503
UBERON:0000157$$6907,theca interna,AS,ovary,UBERON:0000157
CL:0000503$$6908,theca cell,CT,ovary,CL:0000503
UBERON:0000039$$6909,follicular antrum,AS,ovary,UBERON:0000039
UBERON:0000038$$6910,follicular fluid,AS,ovary,UBERON:0000038
UBERON:0000155$$6911,theca cell layer,AS,ovary,UBERON:0000155
UBERON:0000156$$6912,theca externa,AS,ovary,UBERON:0000156
CL:0000503$$6913,theca cell,CT,ovary,CL:0000503
UBERON:0000157$$6914,theca interna,AS,ovary,UBERON:0000157
CL:0000503$$6915,theca cell,CT,ovary,CL:0000503
UBERON:0000039$$6916,follicular antrum,AS,ovary,UBERON:0000039
UBERON:0000038$$6917,follicular fluid,AS,ovary,UBERON:0000038
UBERON:0000155$$6918,theca cell layer,AS,ovary,UBERON:0000155
UBERON:0000156$$6919,theca externa,AS,ovary,UBERON:0000156
CL:0000503$$6920,theca cell,CT,ovary,CL:0000503
UBERON:0000157$$6921,theca interna,AS,ovary,UBERON:0000157
CL:0000503$$6922,theca cell,CT,ovary,CL:0000503
UBERON:0000039$$6923,follicular antrum,AS,ovary,UBERON:0000039
UBERON:0000038$$6924,follicular fluid,AS,ovary,UBERON:0000038
UBERON:0000155$$6925,theca cell layer,AS,ovary,UBERON:0000155
UBERON:0000156$$6926,theca externa,AS,ovary,UBERON:0000156
CL:0000503$$6927,theca cell,CT,ovary,CL:0000503
UBERON:0000157$$6928,theca interna,AS,ovary,UBERON:0000157
CL:0000503$$6929,theca cell,CT,ovary,CL:0000503
UBERON:0000039$$6930,follicular antrum,AS,ovary,UBERON:0000039
UBERON:0000038$$6931,follicular fluid,AS,ovary,UBERON:0000038
UBERON:0000155$$6932,theca cell layer,AS,ovary,UBERON:0000155
UBERON:0000156$$6933,theca externa,AS,ovary,UBERON:0000156
CL:0000503$$6934,theca cell,CT,ovary,CL:0000503
UBERON:0000157$$6935,theca interna,AS,ovary,UBERON:0000157
CL:0000503$$6936,theca cell,CT,ovary,CL:0000503
UBERON:0000039$$6937,follicular antrum,AS,ovary,UBERON:0000039
UBERON:0000038$$6938,follicular fluid,AS,ovary,UBERON:0000038
UBERON:0000155$$6939,theca cell layer,AS,ovary,UBERON:0000155
UBERON:0000156$$6940,theca externa,AS,ovary,UBERON:0000156
CL:0000503$$6941,theca cell,CT,ovary,CL:0000503
UBERON:0000157$$6942,theca interna,AS,ovary,UBERON:0000157
CL:0000503$$6943,theca cell,CT,ovary,CL:0000503
UBERON:0000039$$6944,follicular antrum,AS,ovary,UBERON:0000039
UBERON:0000038$$6945,follicular fluid,AS,ovary,UBERON:0000038
UBERON:0000155$$6946,theca cell layer,AS,ovary,UBERON:0000155
UBERON:0000156$$6947,theca externa,AS,ovary,UBERON:0000156
CL:0000503$$6948,theca cell,CT,ovary,CL:0000503
UBERON:0000157$$6949,theca interna,AS,ovary,UBERON:0000157
CL:0000503$$6950,theca cell,CT,ovary,CL:0000503
UBERON:0000039$$6951,follicular antrum,AS,ovary,UBERON:0000039
UBERON:0000038$$6952,follicular fluid,AS,ovary,UBERON:0000038
UBERON:0000155$$6953,theca cell layer,AS,ovary,UBERON:0000155
UBERON:0000156$$6954,theca externa,AS,ovary,UBERON:0000156
CL:0000503$$6955,theca cell,CT,ovary,CL:0000503
UBERON:0000157$$6956,theca interna,AS,ovary,UBERON:0000157
CL:0000503$$6957,theca cell,CT,ovary,CL:0000503
UBERON:0000039$$6958,follicular antrum,AS,ovary,UBERON:0000039
UBERON:0000038$$6959,follicular fluid,AS,ovary,UBERON:0000038
UBERON:0000155$$6960,theca cell layer,AS,ovary,UBERON:0000155
UBERON:0000156$$6961,theca externa,AS,ovary,UBERON:0000156
CL:0000503$$6962,theca cell,CT,ovary,CL:0000503
UBERON:0000157$$6963,theca interna,AS,ovary,UBERON:0000157
CL:0000503$$6964,theca cell,CT,ovary,CL:0000503
UBERON:0000039$$6965,follicular antrum,AS,ovary,UBERON:0000039
UBERON:0000038$$6966,follicular fluid,AS,ovary,UBERON:0000038
UBERON:0000155$$6967,theca cell layer,AS,ovary,UBERON:0000155
UBERON:0000156$$6968,theca externa,AS,ovary,UBERON:0000156
CL:0000503$$6969,theca cell,CT,ovary,CL:0000503
UBERON:0000157$$6970,theca interna,AS,ovary,UBERON:0000157
CL:0000503$$6971,theca cell,CT,ovary,CL:0000503
UBERON:0000039$$6972,follicular antrum,AS,ovary,UBERON:0000039
UBERON:0000038$$6973,follicular fluid,AS,ovary,UBERON:0000038
UBERON:0000155$$6974,theca cell layer,AS,ovary,UBERON:0000155
UBERON:0000156$$6975,theca externa,AS,ovary,UBERON:0000156
CL:0000503$$6976,theca cell,CT,ovary,CL:0000503
UBERON:0000157$$6977,theca interna,AS,ovary,UBERON:0000157
CL:0000503$$6978,theca cell,CT,ovary,CL:0000503
UBERON:0000039$$6979,follicular antrum,AS,ovary,UBERON:0000039
UBERON:0000038$$6980,follicular fluid,AS,ovary,UBERON:0000038
UBERON:0000155$$6981,theca cell layer,AS,ovary,UBERON:0000155
UBERON:0000156$$6982,theca externa,AS,ovary,UBERON:0000156
CL:0000503$$6983,theca cell,CT,ovary,CL:0000503
UBERON:0000157$$6984,theca interna,AS,ovary,UBERON:0000157
CL:0000503$$6985,theca cell,CT,ovary,CL:0000503
UBERON:0000039$$6986,follicular antrum,AS,ovary,UBERON:0000039
UBERON:0000038$$6987,follicular fluid,AS,ovary,UBERON:0000038
UBERON:0000155$$6988,theca cell layer,AS,ovary,UBERON:0000155
UBERON:0000156$$6989,theca externa,AS,ovary,UBERON:0000156
CL:0000503$$6990,theca cell,CT,ovary,CL:0000503
UBERON:0000157$$6991,theca interna,AS,ovary,UBERON:0000157
CL:0000503$$6992,theca cell,CT,ovary,CL:0000503
UBERON:0000039$$6993,follicular antrum,AS,ovary,UBERON:0000039
UBERON:0000038$$6994,follicular fluid,AS,ovary,UBERON:0000038
UBERON:0000155$$6995,theca cell layer,AS,ovary,UBERON:0000155
UBERON:0000156$$6996,theca externa,AS,ovary,UBERON:0000156
CL:0000503$$6997,theca cell,CT,ovary,CL:0000503
UBERON:0000157$$6998,theca interna,AS,ovary,UBERON:0000157
CL:0000503$$6999,theca cell,CT,ovary,CL:0000503
UBERON:0000039$$7000,follicular antrum,AS,ovary,UBERON:0000039
UBERON:0000038$$7001,follicular fluid,AS,ovary,UBERON:0000038
UBERON:0000155$$7002,theca cell layer,AS,ovary,UBERON:0000155
UBERON:0000156$$7003,theca externa,AS,ovary,UBERON:0000156
CL:0000503$$7004,theca cell,CT,ovary,CL:0000503
UBERON:0000157$$7005,theca interna,AS,ovary,UBERON:0000157
CL:0000503$$7006,theca cell,CT,ovary,CL:0000503
UBERON:0000039$$7007,follicular antrum,AS,ovary,UBERON:0000039
UBERON:0000038$$7008,follicular fluid,AS,ovary,UBERON:0000038
UBERON:0000155$$7009,theca cell layer,AS,ovary,UBERON:0000155
UBERON:0000156$$7010,theca externa,AS,ovary,UBERON:0000156
CL:0000503$$7011,theca cell,CT,ovary,CL:0000503
UBERON:0000157$$7012,theca interna,AS,ovary,UBERON:0000157
CL:0000503$$7013,theca cell,CT,ovary,CL:0000503
UBERON:0000039$$7014,follicular antrum,AS,ovary,UBERON:0000039
UBERON:0000038$$7015,follicular fluid,AS,ovary,UBERON:0000038
UBERON:0000155$$7016,theca cell layer,AS,ovary,UBERON:0000155
UBERON:0000156$$7017,theca externa,AS,ovary,UBERON:0000156
CL:0000503$$7018,theca cell,CT,ovary,CL:0000503
UBERON:0000157$$7019,theca interna,AS,ovary,UBERON:0000157
CL:0000503$$7020,theca cell,CT,ovary,CL:0000503
UBERON:0000039$$7021,follicular antrum,AS,ovary,UBERON:0000039
UBERON:0000038$$7022,follicular fluid,AS,ovary,UBERON:0000038
UBERON:0000155$$7023,theca cell layer,AS,ovary,UBERON:0000155
UBERON:0000156$$7024,theca externa,AS,ovary,UBERON:0000156
CL:0000503$$7025,theca cell,CT,ovary,CL:0000503
UBERON:0000157$$7026,theca interna,AS,ovary,UBERON:0000157
CL:0000503$$7027,theca cell,CT,ovary,CL:0000503
UBERON:0000039$$7028,follicular antrum,AS,ovary,UBERON:0000039
UBERON:0000038$$7029,follicular fluid,AS,ovary,UBERON:0000038
UBERON:0000155$$7030,theca cell layer,AS,ovary,UBERON:0000155
UBERON:0000156$$7031,theca externa,AS,ovary,UBERON:0000156
CL:0000503$$7032,theca cell,CT,ovary,CL:0000503
UBERON:0000157$$7033,theca interna,AS,ovary,UBERON:0000157
CL:0000503$$7034,theca cell,CT,ovary,CL:0000503
UBERON:0000039$$7035,follicular antrum,AS,ovary,UBERON:0000039
UBERON:0000038$$7036,follicular fluid,AS,ovary,UBERON:0000038
UBERON:0000155$$7037,theca cell layer,AS,ovary,UBERON:0000155
UBERON:0000156$$7038,theca externa,AS,ovary,UBERON:0000156
CL:0000503$$7039,theca cell,CT,ovary,CL:0000503
UBERON:0000157$$7040,theca interna,AS,ovary,UBERON:0000157
CL:0000503$$7041,theca cell,CT,ovary,CL:0000503
UBERON:0000039$$7042,follicular antrum,AS,ovary,UBERON:0000039
UBERON:0000038$$7043,follicular fluid,AS,ovary,UBERON:0000038
UBERON:0000155$$7044,theca cell layer,AS,ovary,UBERON:0000155
UBERON:0000156$$7045,theca externa,AS,ovary,UBERON:0000156
CL:0000503$$7046,theca cell,CT,ovary,CL:0000503
UBERON:0000157$$7047,theca interna,AS,ovary,UBERON:0000157
CL:0000503$$7048,theca cell,CT,ovary,CL:0000503
UBERON:0000039$$7049,follicular antrum,AS,ovary,UBERON:0000039
UBERON:0000038$$7050,follicular fluid,AS,ovary,UBERON:0000038
UBERON:0000155$$7051,theca cell layer,AS,ovary,UBERON:0000155
UBERON:0000156$$7052,theca externa,AS,ovary,UBERON:0000156
CL:0000503$$7053,theca cell,CT,ovary,CL:0000503
UBERON:0000157$$7054,theca interna,AS,ovary,UBERON:0000157
CL:0000503$$7055,theca cell,CT,ovary,CL:0000503
UBERON:0000039$$7056,follicular antrum,AS,ovary,UBERON:0000039
UBERON:0000038$$7057,follicular fluid,AS,ovary,UBERON:0000038
UBERON:0000155$$7058,theca cell layer,AS,ovary,UBERON:0000155
UBERON:0000156$$7059,theca externa,AS,ovary,UBERON:0000156
CL:0000503$$7060,theca cell,CT,ovary,CL:0000503
UBERON:0000157$$7061,theca interna,AS,ovary,UBERON:0000157
CL:0000503$$7062,theca cell,CT,ovary,CL:0000503
UBERON:0000039$$7063,follicular antrum,AS,ovary,UBERON:0000039
UBERON:0000038$$7064,follicular fluid,AS,ovary,UBERON:0000038
UBERON:0000155$$7065,theca cell layer,AS,ovary,UBERON:0000155
UBERON:0000156$$7066,theca externa,AS,ovary,UBERON:0000156
CL:0000503$$7067,theca cell,CT,ovary,CL:0000503
UBERON:0000157$$7068,theca interna,AS,ovary,UBERON:0000157
CL:0000503$$7069,theca cell,CT,ovary,CL:0000503
UBERON:0000039$$7070,follicular antrum,AS,ovary,UBERON:0000039
UBERON:0000038$$7071,follicular fluid,AS,ovary,UBERON:0000038
UBERON:0000155$$7072,theca cell layer,AS,ovary,UBERON:0000155
UBERON:0000156$$7073,theca externa,AS,ovary,UBERON:0000156
CL:0000503$$7074,theca cell,CT,ovary,CL:0000503
UBERON:0000157$$7075,theca interna,AS,ovary,UBERON:0000157
CL:0000503$$7076,theca cell,CT,ovary,CL:0000503
UBERON:0000039$$7077,follicular antrum,AS,ovary,UBERON:0000039
UBERON:0000038$$7078,follicular fluid,AS,ovary,UBERON:0000038
UBERON:0000155$$7079,theca cell layer,AS,ovary,UBERON:0000155
UBERON:0000156$$7080,theca externa,AS,ovary,UBERON:0000156
CL:0000503$$7081,theca cell,CT,ovary,CL:0000503
UBERON:0000157$$7082,theca interna,AS,ovary,UBERON:0000157
CL:0000503$$7083,theca cell,CT,ovary,CL:0000503
UBERON:0000039$$7084,follicular antrum,AS,ovary,UBERON:0000039
UBERON:0000038$$7085,follicular fluid,AS,ovary,UBERON:0000038
UBERON:0000155$$7086,theca cell layer,AS,ovary,UBERON:0000155
UBERON:0000156$$7087,theca externa,AS,ovary,UBERON:0000156
CL:0000503$$7088,theca cell,CT,ovary,CL:0000503
UBERON:0000157$$7089,theca interna,AS,ovary,UBERON:0000157
CL:0000503$$7090,theca cell,CT,ovary,CL:0000503
UBERON:0000039$$7091,follicular antrum,AS,ovary,UBERON:0000039
UBERON:0000038$$7092,follicular fluid,AS,ovary,UBERON:0000038
UBERON:0000155$$7093,theca cell layer,AS,ovary,UBERON:0000155
UBERON:0000156$$7094,theca externa,AS,ovary,UBERON:0000156
CL:0000503$$7095,theca cell,CT,ovary,CL:0000503
UBERON:0000157$$7096,theca interna,AS,ovary,UBERON:0000157
CL:0000503$$7097,theca cell,CT,ovary,CL:0000503
UBERON:0000039$$7098,follicular antrum,AS,ovary,UBERON:0000039
UBERON:0000038$$7099,follicular fluid,AS,ovary,UBERON:0000038
UBERON:0000155$$7100,theca cell layer,AS,ovary,UBERON:0000155
UBERON:0000156$$7101,theca externa,AS,ovary,UBERON:0000156
CL:0000503$$7102,theca cell,CT,ovary,CL:0000503
UBERON:0000157$$7103,theca interna,AS,ovary,UBERON:0000157
CL:0000503$$7104,theca cell,CT,ovary,CL:0000503
UBERON:0000039$$7105,follicular antrum,AS,ovary,UBERON:0000039
UBERON:0000038$$7106,follicular fluid,AS,ovary,UBERON:0000038
UBERON:0000155$$7107,theca cell layer,AS,ovary,UBERON:0000155
UBERON:0000156$$7108,theca externa,AS,ovary,UBERON:0000156
CL:0000503$$7109,theca cell,CT,ovary,CL:0000503
UBERON:0000157$$7110,theca interna,AS,ovary,UBERON:0000157
CL:0000503$$7111,theca cell,CT,ovary,CL:0000503
UBERON:0001306,cumulus oophorus,AS,ovary,UBERON:0001306
UBERON:0005170,granulosa cell layer,AS,ovary,UBERON:0005170
CL:0000711,cumulus cell,CT,ovary,CL:0000711
UBERON:0001306$$7112,cumulus oophorus,AS,ovary,UBERON:0001306
UBERON:0005170$$7113,granulosa cell layer,AS,ovary,UBERON:0005170
CL:0000711$$7114,cumulus cell,CT,ovary,CL:0000711
UBERON:0001306$$7115,cumulus oophorus,AS,ovary,UBERON:0001306
UBERON:0005170$$7116,granulosa cell layer,AS,ovary,UBERON:0005170
CL:0000711$$7117,cumulus cell,CT,ovary,CL:0000711
UBERON:0001306$$7118,cumulus oophorus,AS,ovary,UBERON:0001306
UBERON:0005170$$7119,granulosa cell layer,AS,ovary,UBERON:0005170
CL:0000711$$7120,cumulus cell,CT,ovary,CL:0000711
UBERON:0001306$$7121,cumulus oophorus,AS,ovary,UBERON:0001306
UBERON:0005170$$7122,granulosa cell layer,AS,ovary,UBERON:0005170
CL:0000711$$7123,cumulus cell,CT,ovary,CL:0000711
UBERON:0001306$$7124,cumulus oophorus,AS,ovary,UBERON:0001306
UBERON:0005170$$7125,granulosa cell layer,AS,ovary,UBERON:0005170
CL:0000711$$7126,cumulus cell,CT,ovary,CL:0000711
UBERON:0001306$$7127,cumulus oophorus,AS,ovary,UBERON:0001306
UBERON:0005170$$7128,granulosa cell layer,AS,ovary,UBERON:0005170
CL:0000711$$7129,cumulus cell,CT,ovary,CL:0000711
UBERON:0001306$$7130,cumulus oophorus,AS,ovary,UBERON:0001306
UBERON:0005170$$7131,granulosa cell layer,AS,ovary,UBERON:0005170
CL:0000711$$7132,cumulus cell,CT,ovary,CL:0000711
UBERON:0001306$$7133,cumulus oophorus,AS,ovary,UBERON:0001306
UBERON:0005170$$7134,granulosa cell layer,AS,ovary,UBERON:0005170
CL:0000711$$7135,cumulus cell,CT,ovary,CL:0000711
UBERON:0001306$$7136,cumulus oophorus,AS,ovary,UBERON:0001306
UBERON:0005170$$7137,granulosa cell layer,AS,ovary,UBERON:0005170
CL:0000711$$7138,cumulus cell,CT,ovary,CL:0000711
UBERON:0001306$$7139,cumulus oophorus,AS,ovary,UBERON:0001306
UBERON:0005170$$7140,granulosa cell layer,AS,ovary,UBERON:0005170
CL:0000711$$7141,cumulus cell,CT,ovary,CL:0000711
UBERON:0001306$$7142,cumulus oophorus,AS,ovary,UBERON:0001306
UBERON:0005170$$7143,granulosa cell layer,AS,ovary,UBERON:0005170
CL:0000711$$7144,cumulus cell,CT,ovary,CL:0000711
UBERON:0001306$$7145,cumulus oophorus,AS,ovary,UBERON:0001306
UBERON:0005170$$7146,granulosa cell layer,AS,ovary,UBERON:0005170
CL:0000711$$7147,cumulus cell,CT,ovary,CL:0000711
UBERON:0001306$$7148,cumulus oophorus,AS,ovary,UBERON:0001306
UBERON:0005170$$7149,granulosa cell layer,AS,ovary,UBERON:0005170
CL:0000711$$7150,cumulus cell,CT,ovary,CL:0000711
UBERON:0001306$$7151,cumulus oophorus,AS,ovary,UBERON:0001306
UBERON:0005170$$7152,granulosa cell layer,AS,ovary,UBERON:0005170
CL:0000711$$7153,cumulus cell,CT,ovary,CL:0000711
UBERON:0001306$$7154,cumulus oophorus,AS,ovary,UBERON:0001306
UBERON:0005170$$7155,granulosa cell layer,AS,ovary,UBERON:0005170
CL:0000711$$7156,cumulus cell,CT,ovary,CL:0000711
UBERON:0001306$$7157,cumulus oophorus,AS,ovary,UBERON:0001306
UBERON:0005170$$7158,granulosa cell layer,AS,ovary,UBERON:0005170
CL:0000711$$7159,cumulus cell,CT,ovary,CL:0000711
UBERON:0001306$$7160,cumulus oophorus,AS,ovary,UBERON:0001306
UBERON:0005170$$7161,granulosa cell layer,AS,ovary,UBERON:0005170
CL:0000711$$7162,cumulus cell,CT,ovary,CL:0000711
UBERON:0001306$$7163,cumulus oophorus,AS,ovary,UBERON:0001306
UBERON:0005170$$7164,granulosa cell layer,AS,ovary,UBERON:0005170
CL:0000711$$7165,cumulus cell,CT,ovary,CL:0000711
UBERON:0001306$$7166,cumulus oophorus,AS,ovary,UBERON:0001306
UBERON:0005170$$7167,granulosa cell layer,AS,ovary,UBERON:0005170
CL:0000711$$7168,cumulus cell,CT,ovary,CL:0000711
UBERON:0001306$$7169,cumulus oophorus,AS,ovary,UBERON:0001306
UBERON:0005170$$7170,granulosa cell layer,AS,ovary,UBERON:0005170
CL:0000711$$7171,cumulus cell,CT,ovary,CL:0000711
UBERON:0001306$$7172,cumulus oophorus,AS,ovary,UBERON:0001306
UBERON:0005170$$7173,granulosa cell layer,AS,ovary,UBERON:0005170
CL:0000711$$7174,cumulus cell,CT,ovary,CL:0000711
UBERON:0001306$$7175,cumulus oophorus,AS,ovary,UBERON:0001306
UBERON:0005170$$7176,granulosa cell layer,AS,ovary,UBERON:0005170
CL:0000711$$7177,cumulus cell,CT,ovary,CL:0000711
UBERON:0001306$$7178,cumulus oophorus,AS,ovary,UBERON:0001306
UBERON:0005170$$7179,granulosa cell layer,AS,ovary,UBERON:0005170
CL:0000711$$7180,cumulus cell,CT,ovary,CL:0000711
UBERON:0001306$$7181,cumulus oophorus,AS,ovary,UBERON:0001306
UBERON:0005170$$7182,granulosa cell layer,AS,ovary,UBERON:0005170
CL:0000711$$7183,cumulus cell,CT,ovary,CL:0000711
UBERON:0001306$$7184,cumulus oophorus,AS,ovary,UBERON:0001306
UBERON:0005170$$7185,granulosa cell layer,AS,ovary,UBERON:0005170
CL:0000711$$7186,cumulus cell,CT,ovary,CL:0000711
UBERON:0001306$$7187,cumulus oophorus,AS,ovary,UBERON:0001306
UBERON:0005170$$7188,granulosa cell layer,AS,ovary,UBERON:0005170
CL:0000711$$7189,cumulus cell,CT,ovary,CL:0000711
UBERON:0001306$$7190,cumulus oophorus,AS,ovary,UBERON:0001306
UBERON:0005170$$7191,granulosa cell layer,AS,ovary,UBERON:0005170
CL:0000711$$7192,cumulus cell,CT,ovary,CL:0000711
UBERON:0001306$$7193,cumulus oophorus,AS,ovary,UBERON:0001306
UBERON:0005170$$7194,granulosa cell layer,AS,ovary,UBERON:0005170
CL:0000711$$7195,cumulus cell,CT,ovary,CL:0000711
UBERON:0001306$$7196,cumulus oophorus,AS,ovary,UBERON:0001306
UBERON:0005170$$7197,granulosa cell layer,AS,ovary,UBERON:0005170
CL:0000711$$7198,cumulus cell,CT,ovary,CL:0000711
UBERON:0001306$$7199,cumulus oophorus,AS,ovary,UBERON:0001306
UBERON:0005170$$7200,granulosa cell layer,AS,ovary,UBERON:0005170
CL:0000711$$7201,cumulus cell,CT,ovary,CL:0000711
UBERON:0001306$$7202,cumulus oophorus,AS,ovary,UBERON:0001306
UBERON:0005170$$7203,granulosa cell layer,AS,ovary,UBERON:0005170
CL:0000711$$7204,cumulus cell,CT,ovary,CL:0000711
UBERON:0001306$$7205,cumulus oophorus,AS,ovary,UBERON:0001306
UBERON:0005170$$7206,granulosa cell layer,AS,ovary,UBERON:0005170
CL:0000711$$7207,cumulus cell,CT,ovary,CL:0000711
UBERON:0001306$$7208,cumulus oophorus,AS,ovary,UBERON:0001306
UBERON:0005170$$7209,granulosa cell layer,AS,ovary,UBERON:0005170
CL:0000711$$7210,cumulus cell,CT,ovary,CL:0000711
UBERON:0001306$$7211,cumulus oophorus,AS,ovary,UBERON:0001306
UBERON:0005170$$7212,granulosa cell layer,AS,ovary,UBERON:0005170
CL:0000711$$7213,cumulus cell,CT,ovary,CL:0000711
UBERON:0001306$$7214,cumulus oophorus,AS,ovary,UBERON:0001306
UBERON:0005170$$7215,granulosa cell layer,AS,ovary,UBERON:0005170
CL:0000711$$7216,cumulus cell,CT,ovary,CL:0000711
UBERON:0001306$$7217,cumulus oophorus,AS,ovary,UBERON:0001306
UBERON:0005170$$7218,granulosa cell layer,AS,ovary,UBERON:0005170
CL:0000711$$7219,cumulus cell,CT,ovary,CL:0000711
UBERON:0001306$$7220,cumulus oophorus,AS,ovary,UBERON:0001306
UBERON:0005170$$7221,granulosa cell layer,AS,ovary,UBERON:0005170
CL:0000711$$7222,cumulus cell,CT,ovary,CL:0000711
UBERON:0001306$$7223,cumulus oophorus,AS,ovary,UBERON:0001306
UBERON:0005170$$7224,granulosa cell layer,AS,ovary,UBERON:0005170
CL:0000711$$7225,cumulus cell,CT,ovary,CL:0000711
UBERON:0001306$$7226,cumulus oophorus,AS,ovary,UBERON:0001306
UBERON:0005170$$7227,granulosa cell layer,AS,ovary,UBERON:0005170
CL:0000711$$7228,cumulus cell,CT,ovary,CL:0000711
UBERON:0001306$$7229,cumulus oophorus,AS,ovary,UBERON:0001306
UBERON:0005170$$7230,granulosa cell layer,AS,ovary,UBERON:0005170
CL:0000711$$7231,cumulus cell,CT,ovary,CL:0000711
UBERON:0001306$$7232,cumulus oophorus,AS,ovary,UBERON:0001306
UBERON:0005170$$7233,granulosa cell layer,AS,ovary,UBERON:0005170
CL:0000711$$7234,cumulus cell,CT,ovary,CL:0000711
UBERON:0001306$$7235,cumulus oophorus,AS,ovary,UBERON:0001306
UBERON:0005170$$7236,granulosa cell layer,AS,ovary,UBERON:0005170
CL:0000711$$7237,cumulus cell,CT,ovary,CL:0000711
UBERON:0001306$$7238,cumulus oophorus,AS,ovary,UBERON:0001306
UBERON:0005170$$7239,granulosa cell layer,AS,ovary,UBERON:0005170
CL:0000711$$7240,cumulus cell,CT,ovary,CL:0000711
UBERON:0001306$$7241,cumulus oophorus,AS,ovary,UBERON:0001306
UBERON:0005170$$7242,granulosa cell layer,AS,ovary,UBERON:0005170
CL:0000711$$7243,cumulus cell,CT,ovary,CL:0000711
UBERON:0001306$$7244,cumulus oophorus,AS,ovary,UBERON:0001306
UBERON:0005170$$7245,granulosa cell layer,AS,ovary,UBERON:0005170
CL:0000711$$7246,cumulus cell,CT,ovary,CL:0000711
UBERON:0001306$$7247,cumulus oophorus,AS,ovary,UBERON:0001306
UBERON:0005170$$7248,granulosa cell layer,AS,ovary,UBERON:0005170
CL:0000711$$7249,cumulus cell,CT,ovary,CL:0000711
UBERON:0001306$$7250,cumulus oophorus,AS,ovary,UBERON:0001306
UBERON:0005170$$7251,granulosa cell layer,AS,ovary,UBERON:0005170
CL:0000711$$7252,cumulus cell,CT,ovary,CL:0000711
UBERON:0001306$$7253,cumulus oophorus,AS,ovary,UBERON:0001306
UBERON:0005170$$7254,granulosa cell layer,AS,ovary,UBERON:0005170
CL:0000711$$7255,cumulus cell,CT,ovary,CL:0000711
UBERON:0001306$$7256,cumulus oophorus,AS,ovary,UBERON:0001306
UBERON:0005170$$7257,granulosa cell layer,AS,ovary,UBERON:0005170
CL:0000711$$7258,cumulus cell,CT,ovary,CL:0000711
UBERON:0001306$$7259,cumulus oophorus,AS,ovary,UBERON:0001306
UBERON:0005170$$7260,granulosa cell layer,AS,ovary,UBERON:0005170
CL:0000711$$7261,cumulus cell,CT,ovary,CL:0000711
UBERON:0001306$$7262,cumulus oophorus,AS,ovary,UBERON:0001306
UBERON:0005170$$7263,granulosa cell layer,AS,ovary,UBERON:0005170
CL:0000711$$7264,cumulus cell,CT,ovary,CL:0000711
UBERON:0001306$$7265,cumulus oophorus,AS,ovary,UBERON:0001306
UBERON:0005170$$7266,granulosa cell layer,AS,ovary,UBERON:0005170
CL:0000711$$7267,cumulus cell,CT,ovary,CL:0000711
UBERON:0001306$$7268,cumulus oophorus,AS,ovary,UBERON:0001306
UBERON:0005170$$7269,granulosa cell layer,AS,ovary,UBERON:0005170
CL:0000711$$7270,cumulus cell,CT,ovary,CL:0000711
UBERON:0001306$$7271,cumulus oophorus,AS,ovary,UBERON:0001306
UBERON:0005170$$7272,granulosa cell layer,AS,ovary,UBERON:0005170
CL:0000711$$7273,cumulus cell,CT,ovary,CL:0000711
UBERON:0001306$$7274,cumulus oophorus,AS,ovary,UBERON:0001306
UBERON:0005170$$7275,granulosa cell layer,AS,ovary,UBERON:0005170
CL:0000711$$7276,cumulus cell,CT,ovary,CL:0000711
UBERON:0001306$$7277,cumulus oophorus,AS,ovary,UBERON:0001306
UBERON:0005170$$7278,granulosa cell layer,AS,ovary,UBERON:0005170
CL:0000711$$7279,cumulus cell,CT,ovary,CL:0000711
UBERON:0001306$$7280,cumulus oophorus,AS,ovary,UBERON:0001306
UBERON:0005170$$7281,granulosa cell layer,AS,ovary,UBERON:0005170
CL:0000711$$7282,cumulus cell,CT,ovary,CL:0000711
UBERON:0001306$$7283,cumulus oophorus,AS,ovary,UBERON:0001306
UBERON:0005170$$7284,granulosa cell layer,AS,ovary,UBERON:0005170
CL:0000711$$7285,cumulus cell,CT,ovary,CL:0000711
UBERON:0001306$$7286,cumulus oophorus,AS,ovary,UBERON:0001306
UBERON:0005170$$7287,granulosa cell layer,AS,ovary,UBERON:0005170
CL:0000711$$7288,cumulus cell,CT,ovary,CL:0000711
ASCTB-TEMP:corona-radiata,corona radiata,AS,ovary,ASCTB-TEMP:corona-radiata
CL:0000711$$7289,cumulus cell,CT,ovary,CL:0000711
ASCTB-TEMP:corona-radiata$$7290,corona radiata,AS,ovary,ASCTB-TEMP:corona-radiata
CL:0000711$$7291,cumulus cell,CT,ovary,CL:0000711
ASCTB-TEMP:corona-radiata$$7292,corona radiata,AS,ovary,ASCTB-TEMP:corona-radiata
CL:0000711$$7293,cumulus cell,CT,ovary,CL:0000711
ASCTB-TEMP:corona-radiata$$7294,corona radiata,AS,ovary,ASCTB-TEMP:corona-radiata
CL:0000711$$7295,cumulus cell,CT,ovary,CL:0000711
ASCTB-TEMP:corona-radiata$$7296,corona radiata,AS,ovary,ASCTB-TEMP:corona-radiata
CL:0000711$$7297,cumulus cell,CT,ovary,CL:0000711
ASCTB-TEMP:corona-radiata$$7298,corona radiata,AS,ovary,ASCTB-TEMP:corona-radiata
CL:0000711$$7299,cumulus cell,CT,ovary,CL:0000711
ASCTB-TEMP:corona-radiata$$7300,corona radiata,AS,ovary,ASCTB-TEMP:corona-radiata
CL:0000711$$7301,cumulus cell,CT,ovary,CL:0000711
ASCTB-TEMP:corona-radiata$$7302,corona radiata,AS,ovary,ASCTB-TEMP:corona-radiata
CL:0000711$$7303,cumulus cell,CT,ovary,CL:0000711
ASCTB-TEMP:corona-radiata$$7304,corona radiata,AS,ovary,ASCTB-TEMP:corona-radiata
CL:0000711$$7305,cumulus cell,CT,ovary,CL:0000711
ASCTB-TEMP:corona-radiata$$7306,corona radiata,AS,ovary,ASCTB-TEMP:corona-radiata
CL:0000711$$7307,cumulus cell,CT,ovary,CL:0000711
ASCTB-TEMP:corona-radiata$$7308,corona radiata,AS,ovary,ASCTB-TEMP:corona-radiata
CL:0000711$$7309,cumulus cell,CT,ovary,CL:0000711
ASCTB-TEMP:corona-radiata$$7310,corona radiata,AS,ovary,ASCTB-TEMP:corona-radiata
CL:0000711$$7311,cumulus cell,CT,ovary,CL:0000711
ASCTB-TEMP:corona-radiata$$7312,corona radiata,AS,ovary,ASCTB-TEMP:corona-radiata
CL:0000711$$7313,cumulus cell,CT,ovary,CL:0000711
ASCTB-TEMP:corona-radiata$$7314,corona radiata,AS,ovary,ASCTB-TEMP:corona-radiata
CL:0000711$$7315,cumulus cell,CT,ovary,CL:0000711
ASCTB-TEMP:corona-radiata$$7316,corona radiata,AS,ovary,ASCTB-TEMP:corona-radiata
CL:0000711$$7317,cumulus cell,CT,ovary,CL:0000711
ASCTB-TEMP:corona-radiata$$7318,corona radiata,AS,ovary,ASCTB-TEMP:corona-radiata
CL:0000711$$7319,cumulus cell,CT,ovary,CL:0000711
ASCTB-TEMP:corona-radiata$$7320,corona radiata,AS,ovary,ASCTB-TEMP:corona-radiata
CL:0000711$$7321,cumulus cell,CT,ovary,CL:0000711
ASCTB-TEMP:corona-radiata$$7322,corona radiata,AS,ovary,ASCTB-TEMP:corona-radiata
CL:0000711$$7323,cumulus cell,CT,ovary,CL:0000711
ASCTB-TEMP:corona-radiata$$7324,corona radiata,AS,ovary,ASCTB-TEMP:corona-radiata
CL:0000711$$7325,cumulus cell,CT,ovary,CL:0000711
ASCTB-TEMP:corona-radiata$$7326,corona radiata,AS,ovary,ASCTB-TEMP:corona-radiata
CL:0000711$$7327,cumulus cell,CT,ovary,CL:0000711
ASCTB-TEMP:corona-radiata$$7328,corona radiata,AS,ovary,ASCTB-TEMP:corona-radiata
CL:0000711$$7329,cumulus cell,CT,ovary,CL:0000711
ASCTB-TEMP:corona-radiata$$7330,corona radiata,AS,ovary,ASCTB-TEMP:corona-radiata
CL:0000711$$7331,cumulus cell,CT,ovary,CL:0000711
ASCTB-TEMP:corona-radiata$$7332,corona radiata,AS,ovary,ASCTB-TEMP:corona-radiata
CL:0000711$$7333,cumulus cell,CT,ovary,CL:0000711
ASCTB-TEMP:corona-radiata$$7334,corona radiata,AS,ovary,ASCTB-TEMP:corona-radiata
CL:0000711$$7335,cumulus cell,CT,ovary,CL:0000711
ASCTB-TEMP:corona-radiata$$7336,corona radiata,AS,ovary,ASCTB-TEMP:corona-radiata
CL:0000711$$7337,cumulus cell,CT,ovary,CL:0000711
ASCTB-TEMP:corona-radiata$$7338,corona radiata,AS,ovary,ASCTB-TEMP:corona-radiata
CL:0000711$$7339,cumulus cell,CT,ovary,CL:0000711
ASCTB-TEMP:corona-radiata$$7340,corona radiata,AS,ovary,ASCTB-TEMP:corona-radiata
CL:0000711$$7341,cumulus cell,CT,ovary,CL:0000711
ASCTB-TEMP:corona-radiata$$7342,corona radiata,AS,ovary,ASCTB-TEMP:corona-radiata
CL:0000711$$7343,cumulus cell,CT,ovary,CL:0000711
ASCTB-TEMP:corona-radiata$$7344,corona radiata,AS,ovary,ASCTB-TEMP:corona-radiata
CL:0000711$$7345,cumulus cell,CT,ovary,CL:0000711
ASCTB-TEMP:corona-radiata$$7346,corona radiata,AS,ovary,ASCTB-TEMP:corona-radiata
CL:0000711$$7347,cumulus cell,CT,ovary,CL:0000711
ASCTB-TEMP:corona-radiata$$7348,corona radiata,AS,ovary,ASCTB-TEMP:corona-radiata
CL:0000711$$7349,cumulus cell,CT,ovary,CL:0000711
ASCTB-TEMP:corona-radiata$$7350,corona radiata,AS,ovary,ASCTB-TEMP:corona-radiata
CL:0000711$$7351,cumulus cell,CT,ovary,CL:0000711
ASCTB-TEMP:corona-radiata$$7352,corona radiata,AS,ovary,ASCTB-TEMP:corona-radiata
CL:0000711$$7353,cumulus cell,CT,ovary,CL:0000711
ASCTB-TEMP:corona-radiata$$7354,corona radiata,AS,ovary,ASCTB-TEMP:corona-radiata
CL:0000711$$7355,cumulus cell,CT,ovary,CL:0000711
ASCTB-TEMP:corona-radiata$$7356,corona radiata,AS,ovary,ASCTB-TEMP:corona-radiata
CL:0000711$$7357,cumulus cell,CT,ovary,CL:0000711
ASCTB-TEMP:corona-radiata$$7358,corona radiata,AS,ovary,ASCTB-TEMP:corona-radiata
CL:0000711$$7359,cumulus cell,CT,ovary,CL:0000711
ASCTB-TEMP:corona-radiata$$7360,corona radiata,AS,ovary,ASCTB-TEMP:corona-radiata
CL:0000711$$7361,cumulus cell,CT,ovary,CL:0000711
ASCTB-TEMP:corona-radiata$$7362,corona radiata,AS,ovary,ASCTB-TEMP:corona-radiata
CL:0000711$$7363,cumulus cell,CT,ovary,CL:0000711
ASCTB-TEMP:corona-radiata$$7364,corona radiata,AS,ovary,ASCTB-TEMP:corona-radiata
CL:0000711$$7365,cumulus cell,CT,ovary,CL:0000711
ASCTB-TEMP:corona-radiata$$7366,corona radiata,AS,ovary,ASCTB-TEMP:corona-radiata
CL:0000711$$7367,cumulus cell,CT,ovary,CL:0000711
ASCTB-TEMP:corona-radiata$$7368,corona radiata,AS,ovary,ASCTB-TEMP:corona-radiata
CL:0000711$$7369,cumulus cell,CT,ovary,CL:0000711
ASCTB-TEMP:corona-radiata$$7370,corona radiata,AS,ovary,ASCTB-TEMP:corona-radiata
CL:0000711$$7371,cumulus cell,CT,ovary,CL:0000711
ASCTB-TEMP:corona-radiata$$7372,corona radiata,AS,ovary,ASCTB-TEMP:corona-radiata
CL:0000711$$7373,cumulus cell,CT,ovary,CL:0000711
ASCTB-TEMP:corona-radiata$$7374,corona radiata,AS,ovary,ASCTB-TEMP:corona-radiata
CL:0000711$$7375,cumulus cell,CT,ovary,CL:0000711
ASCTB-TEMP:corona-radiata$$7376,corona radiata,AS,ovary,ASCTB-TEMP:corona-radiata
CL:0000711$$7377,cumulus cell,CT,ovary,CL:0000711
ASCTB-TEMP:corona-radiata$$7378,corona radiata,AS,ovary,ASCTB-TEMP:corona-radiata
CL:0000711$$7379,cumulus cell,CT,ovary,CL:0000711
ASCTB-TEMP:corona-radiata$$7380,corona radiata,AS,ovary,ASCTB-TEMP:corona-radiata
CL:0000711$$7381,cumulus cell,CT,ovary,CL:0000711
ASCTB-TEMP:corona-radiata$$7382,corona radiata,AS,ovary,ASCTB-TEMP:corona-radiata
CL:0000711$$7383,cumulus cell,CT,ovary,CL:0000711
ASCTB-TEMP:corona-radiata$$7384,corona radiata,AS,ovary,ASCTB-TEMP:corona-radiata
CL:0000711$$7385,cumulus cell,CT,ovary,CL:0000711
ASCTB-TEMP:corona-radiata$$7386,corona radiata,AS,ovary,ASCTB-TEMP:corona-radiata
CL:0000711$$7387,cumulus cell,CT,ovary,CL:0000711
ASCTB-TEMP:corona-radiata$$7388,corona radiata,AS,ovary,ASCTB-TEMP:corona-radiata
CL:0000711$$7389,cumulus cell,CT,ovary,CL:0000711
ASCTB-TEMP:corona-radiata$$7390,corona radiata,AS,ovary,ASCTB-TEMP:corona-radiata
CL:0000711$$7391,cumulus cell,CT,ovary,CL:0000711
ASCTB-TEMP:corona-radiata$$7392,corona radiata,AS,ovary,ASCTB-TEMP:corona-radiata
CL:0000711$$7393,cumulus cell,CT,ovary,CL:0000711
ASCTB-TEMP:corona-radiata$$7394,corona radiata,AS,ovary,ASCTB-TEMP:corona-radiata
CL:0000711$$7395,cumulus cell,CT,ovary,CL:0000711
ASCTB-TEMP:corona-radiata$$7396,corona radiata,AS,ovary,ASCTB-TEMP:corona-radiata
CL:0000711$$7397,cumulus cell,CT,ovary,CL:0000711
ASCTB-TEMP:corona-radiata$$7398,corona radiata,AS,ovary,ASCTB-TEMP:corona-radiata
CL:0000711$$7399,cumulus cell,CT,ovary,CL:0000711
ASCTB-TEMP:corona-radiata$$7400,corona radiata,AS,ovary,ASCTB-TEMP:corona-radiata
CL:0000711$$7401,cumulus cell,CT,ovary,CL:0000711
ASCTB-TEMP:corona-radiata$$7402,corona radiata,AS,ovary,ASCTB-TEMP:corona-radiata
CL:0000711$$7403,cumulus cell,CT,ovary,CL:0000711
ASCTB-TEMP:corona-radiata$$7404,corona radiata,AS,ovary,ASCTB-TEMP:corona-radiata
CL:0000711$$7405,cumulus cell,CT,ovary,CL:0000711
ASCTB-TEMP:corona-radiata$$7406,corona radiata,AS,ovary,ASCTB-TEMP:corona-radiata
CL:0000711$$7407,cumulus cell,CT,ovary,CL:0000711
UBERON:0002373,palatine tonsil,AS,palatine_tonsil,UBERON:0002373
UBERON:0010423,primary lymphoid nodule of tonsil,AS,palatine_tonsil,UBERON:0010423
UBERON:0012181,tonsil crypt,AS,palatine_tonsil,UBERON:0012181
UBERON:0005207,tonsil capsule,AS,palatine_tonsil,UBERON:0005207
UBERON:0013696,tonsil epithelium,AS,palatine_tonsil,UBERON:0013696
CL:1001577,Tonsil squamous cell,CT,palatine_tonsil,CL:1001577
FMA:55221,diffuse lymphoid tissue,AS,palatine_tonsil,FMA:55221
CL:0000084$$7408,T cell,CT,palatine_tonsil,CL:0000084
CL:0000624$$7409,"CD4-positive, alpha-beta T cell",CT,palatine_tonsil,CL:0000624
CL:0000625$$7410,"CD8-positive, alpha-beta T cell",CT,palatine_tonsil,CL:0000625
CL:0000057$$7411,Fibroblast,CT,palatine_tonsil,CL:0000057
CL:0000432,Reticular cell,CT,palatine_tonsil,CL:0000432
CL:0000236$$7412,B cell,CT,palatine_tonsil,CL:0000236
CL:0000451$$7413,Dendritic Cell,CT,palatine_tonsil,CL:0000451
CL:0000235$$7414,Macrophage,CT,palatine_tonsil,CL:0000235
CL:0000786$$7415,Plasma Cell,CT,palatine_tonsil,CL:0000786
ASCTB-TEMP:plasma-cell-cd21,plasma cell CD21,CT,palatine_tonsil,ASCTB-TEMP:plasma-cell-cd21
UBERON:0001981,blood vessel,AS,palatine_tonsil,UBERON:0001981
UBERON:0001610$$7416,lingual artery,AS,palatine_tonsil,UBERON:0001610
CL:0000071$$7417,blood vessel endothelial cell,CT,palatine_tonsil,CL:0000071
FMA:49555,Ascending palatine artery,AS,palatine_tonsil,FMA:49555
CL:0000071$$7418,blood vessel endothelial cell,CT,palatine_tonsil,CL:0000071
UBERON:0001612$$7419,facial artery,AS,palatine_tonsil,UBERON:0001612
CL:0000071$$7420,blood vessel endothelial cell,CT,palatine_tonsil,CL:0000071
FMA:49497,Ascending pharyngeal artery,AS,palatine_tonsil,FMA:49497
CL:0000071$$7421,blood vessel endothelial cell,CT,palatine_tonsil,CL:0000071
UBERON:0001070$$7422,external carotid artery,AS,palatine_tonsil,UBERON:0001070
CL:0000071$$7423,blood vessel endothelial cell,CT,palatine_tonsil,CL:0000071
ASCTB-TEMP:peritonsillar-plexus-of-veins,peritonsillar plexus of veins,AS,palatine_tonsil,ASCTB-TEMP:peritonsillar-plexus-of-veins
CL:0000071$$7424,blood vessel endothelial cell,CT,palatine_tonsil,CL:0000071
ASCTB-TEMP:tonsil-t-cell-zone,tonsil T cell zone,AS,palatine_tonsil,ASCTB-TEMP:tonsil-t-cell-zone
CL:0000084$$7425,T cell,CT,palatine_tonsil,CL:0000084
CL:0000624$$7426,CD4-positive alpha-beta T cells,CT,palatine_tonsil,CL:0000624
CL:0000625$$7427,CD8-positive alpha-beta T cells,CT,palatine_tonsil,CL:0000625
CL:0000451$$7428,Dendritic Cell,CT,palatine_tonsil,CL:0000451
ASCTB-TEMP:tonsil-follicle,tonsil follicle,AS,palatine_tonsil,ASCTB-TEMP:tonsil-follicle
ASCTB-TEMP:tonsil-secondary-follicle,tonsil secondary follicle,AS,palatine_tonsil,ASCTB-TEMP:tonsil-secondary-follicle
CL:0000236$$7429,B cell,CT,palatine_tonsil,CL:0000236
ASCTB-TEMP:cycling-b,Cycling B,CT,palatine_tonsil,ASCTB-TEMP:cycling-b
CL:0000624$$7430,CD4-positive alpha-beta T cells,CT,palatine_tonsil,CL:0000624
CL:0000815$$7431,regulatory T cell,CT,palatine_tonsil,CL:0000815
CL:0000786$$7432,Plasma Cell,CT,palatine_tonsil,CL:0000786
CL:0000084$$7433,T Cell,CT,palatine_tonsil,CL:0000084
UBERON:0010754,germinal center,AS,palatine_tonsil,UBERON:0010754
CL:0000236$$7434,B cell,CT,palatine_tonsil,CL:0000236
ASCTB-TEMP:cycling-b$$7435,Cycling B,CT,palatine_tonsil,ASCTB-TEMP:cycling-b
CL:0000624$$7436,CD4-positive alpha-beta T cells,CT,palatine_tonsil,CL:0000624
CL:0000815$$7437,regulatory T cell,CT,palatine_tonsil,CL:0000815
CL:0000786$$7438,Plasma Cell,CT,palatine_tonsil,CL:0000786
CL:0000084$$7439,T Cell,CT,palatine_tonsil,CL:0000084
CL:0000235$$7440,Macrophage,CT,palatine_tonsil,CL:0000235
CL:0000844,germinal center B cell,CT,palatine_tonsil,CL:0000844
ASCTB-TEMP:germinal-center-b-cell-cd21,germinal center B cell CD21,CT,palatine_tonsil,ASCTB-TEMP:germinal-center-b-cell-cd21
ASCTB-TEMP:tonsil-germinal-center-mantle-zone,tonsil germinal center mantle zone,AS,palatine_tonsil,ASCTB-TEMP:tonsil-germinal-center-mantle-zone
CL:0000236$$7441,B cell,CT,palatine_tonsil,CL:0000236
CL:0000084$$7442,T cell,CT,palatine_tonsil,CL:0000084
CL:0000235$$7443,Macrophage,CT,palatine_tonsil,CL:0000235
UBERON:0013688,tonsil germinal center,AS,palatine_tonsil,UBERON:0013688
CL:0000236$$7444,B cell,CT,palatine_tonsil,CL:0000236
ASCTB-TEMP:centroblast,Centroblast,CT,palatine_tonsil,ASCTB-TEMP:centroblast
ASCTB-TEMP:cycling-b$$7445,Cycling B,CT,palatine_tonsil,ASCTB-TEMP:cycling-b
CL:0000624$$7446,CD4-positive alpha-beta T cells,CT,palatine_tonsil,CL:0000624
CL:0000815$$7447,regulatory T cell,CT,palatine_tonsil,CL:0000815
CL:0000786$$7448,Plasma Cell,CT,palatine_tonsil,CL:0000786
CL:0000084$$7449,T Cell,CT,palatine_tonsil,CL:0000084
CL:0000235$$7450,Macrophage,CT,palatine_tonsil,CL:0000235
CL:0000844$$7451,germinal center B cell,CT,palatine_tonsil,CL:0000844
ASCTB-TEMP:germinal-center-b-cell-cd21$$7452,germinal center B cell CD21,CT,palatine_tonsil,ASCTB-TEMP:germinal-center-b-cell-cd21
ASCTB-TEMP:tonsil-germinal-center-light-zone,tonsil germinal center light zone,AS,palatine_tonsil,ASCTB-TEMP:tonsil-germinal-center-light-zone
ASCTB-TEMP:tonsil-germinal-center-dark-zone,tonsil germinal center dark zone,AS,palatine_tonsil,ASCTB-TEMP:tonsil-germinal-center-dark-zone
UBERON:0001264,Pancreas,AS,pancreas,UBERON:0001264
UBERON:0009708,dorsal pancreas,AS,pancreas,UBERON:0009708
UBERON:0001069,head of pancreas,AS,pancreas,UBERON:0001069
UBERON:0007324,pancreatic lobule,AS,pancreas,UBERON:0007324
UBERON:0001978,parenchyma of pancreas,AS,pancreas,UBERON:0001978
UBERON:0000017,exocrine pancreas,AS,pancreas,UBERON:0000017
UBERON:0001263,Pancreatic acinus,AS,pancreas,UBERON:0001263
CL:1001599,pancreas exocrine glandular cell,CT,pancreas,CL:1001599
CL:0002064,pancreatic acinar cell,CT,pancreas,CL:0002064
UBERON:0007329,pancreatic duct,AS,pancreas,UBERON:0007329
UBERON:0001064,Ventral pancreatic duct,AS,pancreas,UBERON:0001064
UBERON:0004915,sphincter of hepatopancreatic ampulla,AS,pancreas,UBERON:0004915
CL:0000192$$7453,smooth muscle cell,CT,pancreas,CL:0000192
UBERON:0012271,major duodenal papilla,AS,pancreas,UBERON:0012271
CL:0002079,pancreatic ductal cell,CT,pancreas,CL:0002079
CL:1001433,epithelial cell of exocrine pancreas,CT,pancreas,CL:1001433
CL:0000146$$7454,simple columnar epithelial cell,CT,pancreas,CL:0000146
UBERON:0004913,hepatopancreatic ampulla,AS,pancreas,UBERON:0004913
CL:0002079$$7455,pancreatic ductal cell,CT,pancreas,CL:0002079
CL:1001433$$7456,epithelial cell of exocrine pancreas,CT,pancreas,CL:1001433
ASCTB-TEMP:low-columnar-cell,Low columnar cell,CT,pancreas,ASCTB-TEMP:low-columnar-cell
UBERON:0014716,interlobular duct,AS,pancreas,UBERON:0014716
UBERON:0014719,intralobular duct,AS,pancreas,UBERON:0014719
UBERON:0014726,intercalated duct of pancreas,AS,pancreas,UBERON:0014726
CL:0002079$$7457,pancreatic ductal cell,CT,pancreas,CL:0002079
CL:1001433$$7458,epithelial cell of exocrine pancreas,CT,pancreas,CL:1001433
ASCTB-TEMP:low-columnar-cell$$7459,Low columnar cell,CT,pancreas,ASCTB-TEMP:low-columnar-cell
ASCTB-TEMP:cuboidal-cell,Cuboidal cell,CT,pancreas,ASCTB-TEMP:cuboidal-cell
CL:0002080,pancreatic centro-acinar cell,CT,pancreas,CL:0002080
CL:0000075$$7460,columnar/cuboidal epithelial cell,CT,pancreas,CL:0000075
CL:1000322,pancreatic goblet cell,CT,pancreas,CL:1000322
CL:0000577,type EC enteroendocrine cell,CT,pancreas,CL:0000577
UBERON:0005429,Dorsal pancreatic duct,AS,pancreas,UBERON:0005429
CL:0000192$$7461,smooth muscle cell,CT,pancreas,CL:0000192
UBERON:2005346,extrapancreatic duct,AS,pancreas,UBERON:2005346
UBERON:0001174,common bile duct,AS,pancreas,UBERON:0001174
CL:0002079$$7462,pancreatic ductal cell,CT,pancreas,CL:0002079
CL:1001433$$7463,epithelial cell of exocrine pancreas,CT,pancreas,CL:1001433
CL:0000146$$7464,simple columnar epithelial cell,CT,pancreas,CL:0000146
CL:0000542$$7465,lymphocyte,CT,pancreas,CL:0000542
CL:0000236$$7466,B cell,CT,pancreas,CL:0000236
CL:0000084$$7467,T cell,CT,pancreas,CL:0000084
CL:0000094$$7468,granulocyte,CT,pancreas,CL:0000094
CL:0000775$$7469,neutrophil,CT,pancreas,CL:0000775
CL:0000235$$7470,macrophage,CT,pancreas,CL:0000235
CL:0000451$$7471,dendritic cell,CT,pancreas,CL:0000451
UBERON:0000016,endocrine pancreas,AS,pancreas,UBERON:0000016
UBERON:0000006,islet of Langerhans,AS,pancreas,UBERON:0000006
CL:0008024,pancreatic endocrine cell,CT,pancreas,CL:0008024
CL:0000171,pancreatic A cell,CT,pancreas,CL:0000171
CL:0000169,type B pancreatic cell,CT,pancreas,CL:0000169
CL:0000173,pancreatic D cell,CT,pancreas,CL:0000173
CL:0002275,pancreatic PP cell,CT,pancreas,CL:0002275
CL:0005019,pancreatic epsilon cell,CT,pancreas,CL:0005019
CL:0000509,gastrin secreting cell,CT,pancreas,CL:0000509
CL:0000542$$7472,lymphocyte,CT,pancreas,CL:0000542
CL:0000236$$7473,B cell,CT,pancreas,CL:0000236
CL:0000084$$7474,T cell,CT,pancreas,CL:0000084
CL:0000235$$7475,macrophage,CT,pancreas,CL:0000235
CL:0000451$$7476,dendritic cell,CT,pancreas,CL:0000451
UBERON:0018234,stroma of pancreas,AS,pancreas,UBERON:0018234
CL:0002574,stromal cell of pancreas,CT,pancreas,CL:0002574
CL:0000057$$7477,fibroblast,CT,pancreas,CL:0000057
CL:0002410,pancreatic stellate cell,CT,pancreas,CL:0002410
CL:0000136$$7478,fat cell,CT,pancreas,CL:0000136
UBERON:0009752,pancreas mesenchyme,AS,pancreas,UBERON:0009752
UBERON:0000482$$7479,basal lamina of epithelium,AS,pancreas,UBERON:0000482
GO:0031012,extracellular matrix,AS,pancreas,GO:0031012
UBERON:0002384$$7480,connective tissue,AS,pancreas,UBERON:0002384
GO:0031012$$7481,extracellular matrix,AS,pancreas,GO:0031012
FMA:14517,neck of pancreas,AS,pancreas,FMA:14517
UBERON:0007324$$7482,pancreatic lobule,AS,pancreas,UBERON:0007324
UBERON:0001978$$7483,parenchyma of pancreas,AS,pancreas,UBERON:0001978
UBERON:0000017$$7484,exocrine pancreas,AS,pancreas,UBERON:0000017
UBERON:0001263$$7485,Pancreatic acinus,AS,pancreas,UBERON:0001263
UBERON:0007329$$7486,pancreatic duct,AS,pancreas,UBERON:0007329
UBERON:0001064$$7487,Ventral pancreatic duct,AS,pancreas,UBERON:0001064
UBERON:0004915$$7488,sphincter of hepatopancreatic ampulla,AS,pancreas,UBERON:0004915
UBERON:0012271$$7489,major duodenal papilla,AS,pancreas,UBERON:0012271
UBERON:0004913$$7490,hepatopancreatic ampulla,AS,pancreas,UBERON:0004913
UBERON:0014716$$7491,interlobular duct,AS,pancreas,UBERON:0014716
UBERON:0014719$$7492,intralobular duct,AS,pancreas,UBERON:0014719
UBERON:0014726$$7493,intercalated duct of pancreas,AS,pancreas,UBERON:0014726
UBERON:0005429$$7494,Dorsal pancreatic duct,AS,pancreas,UBERON:0005429
UBERON:0005429$$7495,dorsal pancreatic duct,AS,pancreas,UBERON:0005429
UBERON:2005346$$7496,extrapancreatic duct,AS,pancreas,UBERON:2005346
UBERON:0001174$$7497,common bile duct,AS,pancreas,UBERON:0001174
UBERON:0012271$$7498,major duodenal papilla,AS,pancreas,UBERON:0012271
UBERON:0000016$$7499,endocrine pancreas,AS,pancreas,UBERON:0000016
UBERON:0000006$$7500,islet of Langerhans,AS,pancreas,UBERON:0000006
UBERON:0018234$$7501,stroma of pancreas,AS,pancreas,UBERON:0018234
UBERON:0009752$$7502,pancreas mesenchyme,AS,pancreas,UBERON:0009752
UBERON:0000482$$7503,basal lamina of epithelium,AS,pancreas,UBERON:0000482
GO:0031012$$7504,extracellular matrix,AS,pancreas,GO:0031012
UBERON:0002384$$7505,connective tissue,AS,pancreas,UBERON:0002384
GO:0031012$$7506,extracellular matrix,AS,pancreas,GO:0031012
UBERON:0009709,ventral pancreas,AS,pancreas,UBERON:0009709
UBERON:0001069$$7507,head of pancreas,AS,pancreas,UBERON:0001069
UBERON:0007324$$7508,pancreatic lobule,AS,pancreas,UBERON:0007324
UBERON:0001978$$7509,parenchyma of pancreas,AS,pancreas,UBERON:0001978
UBERON:0000017$$7510,exocrine pancreas,AS,pancreas,UBERON:0000017
UBERON:0001263$$7511,Pancreatic acinus,AS,pancreas,UBERON:0001263
UBERON:0007329$$7512,pancreatic duct,AS,pancreas,UBERON:0007329
UBERON:0001064$$7513,Ventral pancreatic duct,AS,pancreas,UBERON:0001064
UBERON:0004915$$7514,sphincter of hepatopancreatic ampulla,AS,pancreas,UBERON:0004915
UBERON:0012271$$7515,major duodenal papilla,AS,pancreas,UBERON:0012271
UBERON:0004913$$7516,hepatopancreatic ampulla,AS,pancreas,UBERON:0004913
UBERON:0014716$$7517,interlobular duct,AS,pancreas,UBERON:0014716
UBERON:0014719$$7518,intralobular duct,AS,pancreas,UBERON:0014719
UBERON:0014726$$7519,intercalated duct of pancreas,AS,pancreas,UBERON:0014726
UBERON:0000016$$7520,endocrine pancreas,AS,pancreas,UBERON:0000016
UBERON:0000006$$7521,islet of Langerhans,AS,pancreas,UBERON:0000006
UBERON:0018234$$7522,stroma of pancreas,AS,pancreas,UBERON:0018234
UBERON:0009752$$7523,pancreas mesenchyme,AS,pancreas,UBERON:0009752
UBERON:0000482$$7524,basal lamina of epithelium,AS,pancreas,UBERON:0000482
GO:0031012$$7525,extracellular matrix,AS,pancreas,GO:0031012
UBERON:0002384$$7526,connective tissue,AS,pancreas,UBERON:0002384
GO:0031012$$7527,extracellular matrix,AS,pancreas,GO:0031012
UBERON:0010373,uncinate process of pancreas,AS,pancreas,UBERON:0010373
UBERON:0007324$$7528,pancreatic lobule,AS,pancreas,UBERON:0007324
UBERON:0001978$$7529,parenchyma of pancreas,AS,pancreas,UBERON:0001978
UBERON:0000017$$7530,exocrine pancreas,AS,pancreas,UBERON:0000017
UBERON:0001263$$7531,Pancreatic acinus,AS,pancreas,UBERON:0001263
UBERON:0007329$$7532,pancreatic duct,AS,pancreas,UBERON:0007329
UBERON:0001064$$7533,Ventral pancreatic duct,AS,pancreas,UBERON:0001064
UBERON:0004915$$7534,sphincter of hepatopancreatic ampulla,AS,pancreas,UBERON:0004915
UBERON:0012271$$7535,major duodenal papilla,AS,pancreas,UBERON:0012271
UBERON:0004913$$7536,hepatopancreatic ampulla,AS,pancreas,UBERON:0004913
UBERON:0014716$$7537,interlobular duct,AS,pancreas,UBERON:0014716
UBERON:0014719$$7538,intralobular duct,AS,pancreas,UBERON:0014719
UBERON:0014726$$7539,intercalated duct of pancreas,AS,pancreas,UBERON:0014726
UBERON:0000016$$7540,endocrine pancreas,AS,pancreas,UBERON:0000016
UBERON:0000006$$7541,islet of Langerhans,AS,pancreas,UBERON:0000006
UBERON:0018234$$7542,stroma of pancreas,AS,pancreas,UBERON:0018234
UBERON:0009752$$7543,pancreas mesenchyme,AS,pancreas,UBERON:0009752
UBERON:0000482$$7544,basal lamina of epithelium,AS,pancreas,UBERON:0000482
GO:0031012$$7545,extracellular matrix,AS,pancreas,GO:0031012
UBERON:0002384$$7546,connective tissue,AS,pancreas,UBERON:0002384
GO:0031012$$7547,extracellular matrix,AS,pancreas,GO:0031012
UBERON:0001150,body of pancreas,AS,pancreas,UBERON:0001150
UBERON:0007324$$7548,pancreatic lobule,AS,pancreas,UBERON:0007324
UBERON:0001978$$7549,parenchyma of pancreas,AS,pancreas,UBERON:0001978
UBERON:0000017$$7550,exocrine pancreas,AS,pancreas,UBERON:0000017
UBERON:0001263$$7551,Pancreatic acinus,AS,pancreas,UBERON:0001263
UBERON:0007329$$7552,pancreatic duct,AS,pancreas,UBERON:0007329
UBERON:0001064$$7553,Ventral pancreatic duct,AS,pancreas,UBERON:0001064
UBERON:0014716$$7554,interlobular duct,AS,pancreas,UBERON:0014716
UBERON:0014719$$7555,intralobular duct,AS,pancreas,UBERON:0014719
UBERON:0014726$$7556,intercalated duct of pancreas,AS,pancreas,UBERON:0014726
UBERON:0000016$$7557,endocrine pancreas,AS,pancreas,UBERON:0000016
UBERON:0000006$$7558,islet of Langerhans,AS,pancreas,UBERON:0000006
UBERON:0018234$$7559,stroma of pancreas,AS,pancreas,UBERON:0018234
UBERON:0009752$$7560,pancreas mesenchyme,AS,pancreas,UBERON:0009752
UBERON:0000482$$7561,basal lamina of epithelium,AS,pancreas,UBERON:0000482
GO:0031012$$7562,extracellular matrix,AS,pancreas,GO:0031012
UBERON:0002384$$7563,connective tissue,AS,pancreas,UBERON:0002384
GO:0031012$$7564,extracellular matrix,AS,pancreas,GO:0031012
UBERON:0001151,tail of pancreas,AS,pancreas,UBERON:0001151
UBERON:0007324$$7565,pancreatic lobule,AS,pancreas,UBERON:0007324
UBERON:0001978$$7566,parenchyma of pancreas,AS,pancreas,UBERON:0001978
UBERON:0000017$$7567,exocrine pancreas,AS,pancreas,UBERON:0000017
UBERON:0001263$$7568,Pancreatic acinus,AS,pancreas,UBERON:0001263
UBERON:0007329$$7569,pancreatic duct,AS,pancreas,UBERON:0007329
UBERON:0001064$$7570,Ventral pancreatic duct,AS,pancreas,UBERON:0001064
UBERON:0014716$$7571,interlobular duct,AS,pancreas,UBERON:0014716
UBERON:0014719$$7572,intralobular duct,AS,pancreas,UBERON:0014719
UBERON:0014726$$7573,intercalated duct of pancreas,AS,pancreas,UBERON:0014726
UBERON:0000016$$7574,endocrine pancreas,AS,pancreas,UBERON:0000016
UBERON:0000006$$7575,islet of Langerhans,AS,pancreas,UBERON:0000006
UBERON:0018234$$7576,stroma of pancreas,AS,pancreas,UBERON:0018234
UBERON:0009752$$7577,pancreas mesenchyme,AS,pancreas,UBERON:0009752
UBERON:0000482$$7578,basal lamina of epithelium,AS,pancreas,UBERON:0000482
GO:0031012$$7579,extracellular matrix,AS,pancreas,GO:0031012
UBERON:0002384$$7580,connective tissue,AS,pancreas,UBERON:0002384
GO:0031012$$7581,extracellular matrix,AS,pancreas,GO:0031012
UBERON:0001987,placenta,AS,placenta,UBERON:0001987
UBERON:0002331,umbilical cord,AS,placenta,UBERON:0002331
UBERON:0002066,umbilical vein,AS,placenta,UBERON:0002066
CL:0000071$$7582,blood vessel endothelial cell,CT,placenta,CL:0000071
CL:0000669$$7583,pericyte,CT,placenta,CL:0000669
CL:0000359$$7584,vascular associated smooth muscle cell,CT,placenta,CL:0000359
UBERON:0001310$$7585,umbilical artery,AS,placenta,UBERON:0001310
CL:0000071$$7586,blood vessel endothelial cell,CT,placenta,CL:0000071
CL:0000669$$7587,pericyte,CT,placenta,CL:0000669
CL:0000359$$7588,vascular associated smooth muscle cell,CT,placenta,CL:0000359
UBERON:0003422,mesenchyme of umbilical cord,AS,placenta,UBERON:0003422
CL:0002568,mesenchymal stem cell of Wharton's jelly,CT,placenta,CL:0002568
UBERON:8600038,placental disc,AS,placenta,UBERON:8600038
UBERON:8600019,placental basal plate,AS,placenta,UBERON:8600019
CL:4033062,interstitial extravillous trophoblast cell,CT,placenta,CL:4033062
UBERON:0000305,amnion,AS,placenta,UBERON:0000305
UBERON:0003254,amniotic ectoderm,AS,placenta,UBERON:0003254
CL:0002536,epithelial cell of amnion,CT,placenta,CL:0002536
UBERON:0003262,amniotic mesoderm,AS,placenta,UBERON:0003262
CL:2000061,placental amniotic mesenchymal stromal cell,CT,placenta,CL:2000061
UBERON:0004027,chorionic plate,AS,placenta,UBERON:0004027
UBERON:0003254$$7589,amniotic ectoderm,AS,placenta,UBERON:0003254
CL:0002536$$7590,epithelial cell of amnion,CT,placenta,CL:0002536
UBERON:0003262$$7591,amniotic mesoderm,AS,placenta,UBERON:0003262
CL:2000061$$7592,placental amniotic mesenchymal stromal cell,CT,placenta,CL:2000061
UBERON:0005630,fetal membrane,AS,placenta,UBERON:0005630
UBERON:0003124,chorion membrane,AS,placenta,UBERON:0003124
ASCTB-TEMP:chorionic-mesoderm,chorionic mesoderm,AS,placenta,ASCTB-TEMP:chorionic-mesoderm
CL:0002558,fibroblast of villous mesenchyme,CT,placenta,CL:0002558
ASCTB-TEMP:chorionic-ectoderm-from-chorion-,chorionic ectoderm (from chorion),AS,placenta,ASCTB-TEMP:chorionic-ectoderm-from-chorion-
CL:0000523,mononuclear cytotrophoblast cell,CT,placenta,CL:0000523
CL:0008036,extravillous trophoblast,CT,placenta,CL:0008036
UBERON:0001295,endometrium,AS,placenta,UBERON:0001295
UBERON:0002451,endometrial gland,AS,placenta,UBERON:0002451
CL:0009084,epithelial cell of endometrial gland,CT,placenta,CL:0009084
UBERON:0002337,endometrial stroma,AS,placenta,UBERON:0002337
CL:0002255,stromal cell of endometrium,CT,placenta,CL:0002255
CL:0002343,"decidual natural killer cell, human",CT,placenta,CL:0002343
CL:4033064,uterine resident macrophage,CT,placenta,CL:4033064
CL:0000815$$7593,regulatory T cell,CT,placenta,CL:0000815
CL:0000910$$7594,cytotoxic T cell,CT,placenta,CL:0000910
CL:0000236$$7595,B cell,CT,placenta,CL:0000236
UBERON:0015172,endometrial blood vessel,AS,placenta,UBERON:0015172
CL:2000091,endometrial microvascular endothelial cell,CT,placenta,CL:2000091
CL:4033063,endovascular extravillous trophoblast cell,CT,placenta,CL:4033063
UBERON:8600042,endometrial lymphatic vessel,AS,placenta,UBERON:8600042
CL:0002138$$7596,endothelial cell of lymphatic vessel,CT,placenta,CL:0002138
UBERON:0000305$$7597,amnion,AS,placenta,UBERON:0000305
UBERON:0003254$$7598,amniotic ectoderm,AS,placenta,UBERON:0003254
CL:0002536$$7599,epithelial cell of amnion,CT,placenta,CL:0002536
UBERON:0003262$$7600,amniotic mesoderm,AS,placenta,UBERON:0003262
CL:2000061$$7601,placental amniotic mesenchymal stromal cell,CT,placenta,CL:2000061
ASCTB-TEMP:chorionic-mesoderm$$7602,chorionic mesoderm,AS,placenta,ASCTB-TEMP:chorionic-mesoderm
CL:0002558$$7603,fibroblast of villous mesenchyme,CT,placenta,CL:0002558
ASCTB-TEMP:chorionic-ectoderm-from-chorionic-plate-,chorionic ectoderm (from chorionic plate),AS,placenta,ASCTB-TEMP:chorionic-ectoderm-from-chorionic-plate-
CL:0000523$$7604,mononuclear cytotrophoblast cell,CT,placenta,CL:0000523
CL:0000525,syncytiotrophoblast cell,CT,placenta,CL:0000525
CL:0008036$$7605,extravillous trophoblast,CT,placenta,CL:0008036
ASCTB-TEMP:cell-island,cell island,AS,placenta,ASCTB-TEMP:cell-island
CL:0008036$$7606,extravillous trophoblast,CT,placenta,CL:0008036
CL:0000523$$7607,mononuclear cytotrophoblast cell,CT,placenta,CL:0000523
CL:0000525$$7608,syncytiotrophoblast cell,CT,placenta,CL:0000525
CL:0000071$$7609,blood vessel endothelial cell,CT,placenta,CL:0000071
CL:0002558$$7610,fibroblast of villous mesenchyme,CT,placenta,CL:0002558
UBERON:8600020,placental septum,AS,placenta,UBERON:8600020
CL:0008036$$7611,extravillous trophoblast,CT,placenta,CL:0008036
UBERON:8600021,chorionic plate blood vessel,AS,placenta,UBERON:8600021
CL:0000071$$7612,blood vessel endothelial cell,CT,placenta,CL:0000071
CL:0000669$$7613,pericyte,CT,placenta,CL:0000669
CL:0000359$$7614,vascular associated smooth muscle cell,CT,placenta,CL:0000359
UBERON:8600021$$7615,chorionic plate blood vessel,AS,placenta,UBERON:8600021
CL:0000071$$7616,blood vessel endothelial cell,CT,placenta,CL:0000071
CL:0000669$$7617,pericyte,CT,placenta,CL:0000669
CL:0000359$$7618,vascular associated smooth muscle cell,CT,placenta,CL:0000359
UBERON:0001295$$7619,endometrium,AS,placenta,UBERON:0001295
UBERON:0002451$$7620,endometrial gland,AS,placenta,UBERON:0002451
CL:0009084$$7621,epithelial cell of endometrial gland,CT,placenta,CL:0009084
UBERON:0002337$$7622,endometrial stroma,AS,placenta,UBERON:0002337
CL:0002255$$7623,stromal cell of endometrium,CT,placenta,CL:0002255
CL:0002343$$7624,"decidual natural killer cell, human",CT,placenta,CL:0002343
CL:4033064$$7625,uterine resident macrophage,CT,placenta,CL:4033064
CL:0000815$$7626,regulatory T cell,CT,placenta,CL:0000815
CL:0000910$$7627,cytotoxic T cell,CT,placenta,CL:0000910
CL:0000236$$7628,B cell,CT,placenta,CL:0000236
UBERON:0015172$$7629,endometrial blood vessel,AS,placenta,UBERON:0015172
CL:2000091$$7630,endometrial microvascular endothelial cell,CT,placenta,CL:2000091
CL:4033063$$7631,endovascular extravillous trophoblast cell,CT,placenta,CL:4033063
UBERON:8600042$$7632,endometrial lymphatic vessel,AS,placenta,UBERON:8600042
CL:0002138$$7633,endothelial cell of lymphatic vessel,CT,placenta,CL:0002138
UBERON:8600026,chorionic villous tree,AS,placenta,UBERON:8600026
UBERON:8600028,chorionic mesenchymal villus,AS,placenta,UBERON:8600028
ASCTB-TEMP:chorionic-ectoderm-from-chorionic-plate-$$7634,chorionic ectoderm (from chorionic plate),AS,placenta,ASCTB-TEMP:chorionic-ectoderm-from-chorionic-plate-
CL:0000523$$7635,mononuclear cytotrophoblast cell,CT,placenta,CL:0000523
CL:0000525$$7636,syncytiotrophoblast cell,CT,placenta,CL:0000525
CL:0008036$$7637,extravillous trophoblast,CT,placenta,CL:0008036
UBERON:8600039,chorionic villous mesenchyme,AS,placenta,UBERON:8600039
CL:3000001,Hofbauer cell,CT,placenta,CL:3000001
CL:0002558$$7638,fibroblast of villous mesenchyme,CT,placenta,CL:0002558
UBERON:8600027,chorionic stem villus,AS,placenta,UBERON:8600027
UBERON:8600040,chorionic stem villous blood vessel,AS,placenta,UBERON:8600040
CL:0000071$$7639,blood vessel endothelial cell,CT,placenta,CL:0000071
CL:0000669$$7640,pericyte,CT,placenta,CL:0000669
CL:0000359$$7641,vascular associated smooth muscle cell,CT,placenta,CL:0000359
ASCTB-TEMP:chorionic-ectoderm-from-chorionic-plate-$$7642,chorionic ectoderm (from chorionic plate),AS,placenta,ASCTB-TEMP:chorionic-ectoderm-from-chorionic-plate-
CL:0000523$$7643,mononuclear cytotrophoblast cell,CT,placenta,CL:0000523
CL:0000525$$7644,syncytiotrophoblast cell,CT,placenta,CL:0000525
CL:0008036$$7645,extravillous trophoblast,CT,placenta,CL:0008036
UBERON:8600039$$7646,chorionic villous mesenchyme,AS,placenta,UBERON:8600039
CL:3000001$$7647,Hofbauer cell,CT,placenta,CL:3000001
CL:0002558$$7648,fibroblast of villous mesenchyme,CT,placenta,CL:0002558
UBERON:8600041,chorionic terminal villous capillary,AS,placenta,UBERON:8600041
CL:2000062,placental villus capillary endothelial cell,CT,placenta,CL:2000062
CL:0000669$$7649,pericyte,CT,placenta,CL:0000669
UBERON:8600029,chorionic immature intermediate villus,AS,placenta,UBERON:8600029
ASCTB-TEMP:chorionic-ectoderm-from-chorionic-plate-$$7650,chorionic ectoderm (from chorionic plate),AS,placenta,ASCTB-TEMP:chorionic-ectoderm-from-chorionic-plate-
CL:0000523$$7651,mononuclear cytotrophoblast cell,CT,placenta,CL:0000523
CL:0000525$$7652,syncytiotrophoblast cell,CT,placenta,CL:0000525
CL:0008036$$7653,extravillous trophoblast,CT,placenta,CL:0008036
UBERON:8600039$$7654,chorionic villous mesenchyme,AS,placenta,UBERON:8600039
CL:3000001$$7655,Hofbauer cell,CT,placenta,CL:3000001
CL:0002558$$7656,fibroblast of villous mesenchyme,CT,placenta,CL:0002558
UBERON:0022358,placenta blood vessel,AS,placenta,UBERON:0022358
CL:0000071$$7657,blood vessel endothelial cell,CT,placenta,CL:0000071
CL:0000669$$7658,pericyte,CT,placenta,CL:0000669
CL:0000359$$7659,vascular associated smooth muscle cell,CT,placenta,CL:0000359
UBERON:8600040$$7660,chorionic stem villous blood vessel,AS,placenta,UBERON:8600040
CL:0000071$$7661,blood vessel endothelial cell,CT,placenta,CL:0000071
CL:0000669$$7662,pericyte,CT,placenta,CL:0000669
CL:0000359$$7663,vascular associated smooth muscle cell,CT,placenta,CL:0000359
UBERON:8600031,chorionic mature intermediate villus,AS,placenta,UBERON:8600031
ASCTB-TEMP:chorionic-ectoderm-from-chorionic-plate-$$7664,chorionic ectoderm (from chorionic plate),AS,placenta,ASCTB-TEMP:chorionic-ectoderm-from-chorionic-plate-
CL:0000523$$7665,mononuclear cytotrophoblast cell,CT,placenta,CL:0000523
CL:0000525$$7666,syncytiotrophoblast cell,CT,placenta,CL:0000525
CL:0008036$$7667,extravillous trophoblast,CT,placenta,CL:0008036
UBERON:8600039$$7668,chorionic villous mesenchyme,AS,placenta,UBERON:8600039
CL:3000001$$7669,Hofbauer cell,CT,placenta,CL:3000001
CL:0002558$$7670,fibroblast of villous mesenchyme,CT,placenta,CL:0002558
UBERON:8600041$$7671,chorionic terminal villous capillary,AS,placenta,UBERON:8600041
CL:2000062$$7672,placental villus capillary endothelial cell,CT,placenta,CL:2000062
CL:0000669$$7673,pericyte,CT,placenta,CL:0000669
UBERON:8600030,chorionic terminal villus,AS,placenta,UBERON:8600030
ASCTB-TEMP:chorionic-ectoderm-from-chorionic-plate-$$7674,chorionic ectoderm (from chorionic plate),AS,placenta,ASCTB-TEMP:chorionic-ectoderm-from-chorionic-plate-
CL:0000523$$7675,mononuclear cytotrophoblast cell,CT,placenta,CL:0000523
CL:0000525$$7676,syncytiotrophoblast cell,CT,placenta,CL:0000525
CL:0008036$$7677,extravillous trophoblast,CT,placenta,CL:0008036
UBERON:8600039$$7678,chorionic villous mesenchyme,AS,placenta,UBERON:8600039
CL:3000001$$7679,Hofbauer cell,CT,placenta,CL:3000001
CL:0002558$$7680,fibroblast of villous mesenchyme,CT,placenta,CL:0002558
UBERON:8600041$$7681,chorionic terminal villous capillary,AS,placenta,UBERON:8600041
CL:2000062$$7682,placental villus capillary endothelial cell,CT,placenta,CL:2000062
CL:0000669$$7683,pericyte,CT,placenta,CL:0000669
UBERON:0001295$$7684,endometrium,AS,placenta,UBERON:0001295
UBERON:0002451$$7685,endometrial gland,AS,placenta,UBERON:0002451
CL:0009084$$7686,epithelial cell of endometrial gland,CT,placenta,CL:0009084
UBERON:0002337$$7687,endometrial stroma,AS,placenta,UBERON:0002337
CL:0002255$$7688,stromal cell of endometrium,CT,placenta,CL:0002255
CL:0002343$$7689,"decidual natural killer cell, human",CT,placenta,CL:0002343
CL:4033064$$7690,uterine resident macrophage,CT,placenta,CL:4033064
CL:0000815$$7691,regulatory T cell,CT,placenta,CL:0000815
CL:0000910$$7692,cytotoxic T cell,CT,placenta,CL:0000910
CL:0000236$$7693,B cell,CT,placenta,CL:0000236
UBERON:0015172$$7694,endometrial blood vessel,AS,placenta,UBERON:0015172
CL:2000091$$7695,endometrial microvascular endothelial cell,CT,placenta,CL:2000091
CL:4033063$$7696,endovascular extravillous trophoblast cell,CT,placenta,CL:4033063
UBERON:8600042$$7697,endometrial lymphatic vessel,AS,placenta,UBERON:8600042
CL:0002138$$7698,endothelial cell of lymphatic vessel,CT,placenta,CL:0002138
UBERON:0002367,prostate gland,AS,prostate,UBERON:0002367
UBERON:0000428,prostate epithelium,AS,prostate,UBERON:0000428
UBERON:0004179,Prostate Glandular Acinus,AS,prostate,UBERON:0004179
CL:0002340,luminal cell of prostate epithelium,CT,prostate,CL:0002340
CL:0002341,basal cell of prostate epithelium,CT,prostate,CL:0002341
CL:0017002,prostate neuroendocrine cell,CT,prostate,CL:0017002
CL:0005006,ionocyte,CT,prostate,CL:0005006
ASCTB-TEMP:ionocyte-epithelia,ionocyte cell of prostate,CT,prostate,ASCTB-TEMP:ionocyte-epithelia
UBERON:0004184,prostate gland stroma,AS,prostate,UBERON:0004184
UBERON:0004243,prostate gland smooth muscle,AS,prostate,UBERON:0004243
CL:1000487,smooth muscle cell of prostate,CT,prostate,CL:1000487
CL:1000301,fibroblast of subepithelial connective tissue of prostatic gland,CT,prostate,CL:1000301
CL:1000299,fibroblast of connective tissue of prostate,CT,prostate,CL:1000299
UBERON:0004537,blood vasculature,AS,prostate,UBERON:0004537
UBERON:0001981$$7699,blood vessel,AS,prostate,UBERON:0001981
UBERON:0004638,blood vessel endothelium,AS,prostate,UBERON:0004638
CL:0000071$$7700,blood vessel endothelial cell,CT,prostate,CL:0000071
CL:1000413$$7701,endothelial cell of artery,CT,prostate,CL:1000413
CL:0002144$$7702,capillary endothelial cell,CT,prostate,CL:0002144
CL:0002543$$7703,vein endothelial cell,CT,prostate,CL:0002543
UBERON:0004536,lymph vasculature,AS,prostate,UBERON:0004536
UBERON:0001473$$7704,lymphatic vessel,AS,prostate,UBERON:0001473
CL:0002138$$7705,endothelial cell of lymphatic vessel,CT,prostate,CL:0002138
CL:0009115,lymph node lymphatic vessel endothelial cell,CT,prostate,CL:0009115
UBERON:0007798,vascular system,AS,prostate,UBERON:0007798
UBERON:0001981$$7706,blood vessel,AS,prostate,UBERON:0001981
UBERON:0004237,blood vessel smooth muscle,AS,prostate,UBERON:0004237
CL:0000359$$7707,vascular associated smooth muscle cell,CT,prostate,CL:0000359
CL:0000669$$7708,pericyte,CT,prostate,CL:0000669
UBERON:0001335,prostatic urethra,AS,prostate,UBERON:0001335
CL:1000486,basal cell of urothelium,CT,prostate,CL:1000486
ASCTB-TEMP:basal-cell-of-prostatic-urethra,basal cell of prostatic urethral epithelium,CT,prostate,ASCTB-TEMP:basal-cell-of-prostatic-urethra
CL:4032000,club-like cell of the urethral epithelium,CT,prostate,CL:4032000
CL:0017011,hillock cell of prostatic urethral epithelium,CT,prostate,CL:0017011
UBERON:0002097,skin of body,AS,skin,UBERON:0002097
UBERON:0001003$$7709,skin epidermis,AS,skin,UBERON:0001003
UBERON:0013487,epidermal ridge of digit,AS,skin,UBERON:0013487
UBERON:0002027,stratum corneum of epidermis,AS,skin,UBERON:0002027
CL:0002153,corneocyte,CT,skin,CL:0002153
UBERON:0002069,stratum granulosum of epidermis,AS,skin,UBERON:0002069
CL:0000312$$7710,keratinocyte,CT,skin,CL:0000312
CL:0002457,epidermal Langerhans cell,CT,skin,CL:0002457
UBERON:0002026,stratum spinosum of epidermis,AS,skin,UBERON:0002026
CL:0000649,prickle cell,CT,skin,CL:0000649
CL:0002457$$7711,epidermal Langerhans cell,CT,skin,CL:0002457
CL:0000242$$7712,Merkel cell,CT,skin,CL:0000242
UBERON:0002025,stratum basale of epidermis,AS,skin,UBERON:0002025
CL:0000646,basal cell,CT,skin,CL:0000646
CL:0002457$$7713,epidermal Langerhans cell,CT,skin,CL:0002457
CL:0000242$$7714,Merkel cell,CT,skin,CL:0000242
CL:1000458,melanocyte of skin,CT,skin,CL:1000458
CL:0000312$$7715,keratinocyte,CT,skin,CL:0000312
CL:4033056,onychocyte,CT,skin,CL:4033056
UBERON:0008198,Nail plate,AS,skin,UBERON:0008198
UBERON:0002073$$7716,hair follicle,AS,skin,UBERON:0002073
UBERON:0005932,bulb of hair follicle,AS,skin,UBERON:0005932
CL:0002562,hair germinal matrix cell,CT,skin,CL:0002562
CL:0002483,hair follicle melanocyte,CT,skin,CL:0002483
UBERON:0000412,dermal papilla,AS,skin,UBERON:0000412
UBERON:0005942,hair outer root sheath,AS,skin,UBERON:0005942
UBERON:0005941,hair inner root sheath,AS,skin,UBERON:0005941
UBERON:0002074,hair shaft,AS,skin,UBERON:0002074
UBERON:0002076,cuticle of hair,AS,skin,UBERON:0002076
UBERON:0002077,cortex of hair,AS,skin,UBERON:0002077
UBERON:0005184,hair medulla,AS,skin,UBERON:0005184
UBERON:0002033,arrector muscle of hair,AS,skin,UBERON:0002033
ASCTB-TEMP:connective-tissue-sheath,connective tissue sheath,AS,skin,ASCTB-TEMP:connective-tissue-sheath
UBERON:0005968,infundibulum of hair follicle,AS,skin,UBERON:0005968
UBERON:0005975,hair follicle bulge,AS,skin,UBERON:0005975
UBERON:0001821$$7717,sebaceous gland,AS,skin,UBERON:0001821
CL:0000317$$7718,sebum secreting cell,CT,skin,CL:0000317
UBERON:0001820,sweat gland,AS,skin,UBERON:0001820
UBERON:0000423$$7719,eccrine sweat gland,AS,skin,UBERON:0000423
CL:1000417$$7720,myoepithelial cell of sweat gland,CT,skin,CL:1000417
UBERON:0008974$$7721,apocrine gland,AS,skin,UBERON:0008974
CL:1000417$$7722,myoepithelial cell of sweat gland,CT,skin,CL:1000417
UBERON:0002067$$7723,dermis,AS,skin,UBERON:0002067
UBERON:0002073$$7724,hair follicle,AS,skin,UBERON:0002073
CL:0002337,keratinocyte stem cell,CT,skin,CL:0002337
UBERON:0001992,UBERON:0002067,AS,skin,UBERON:0001992
UBERON:0000412$$7725,dermal papilla,AS,skin,UBERON:0000412
CL:1000417$$7726,myoepithelial cell of sweat gland,CT,skin,CL:1000417
CL:0002620,skin fibroblast,CT,skin,CL:0002620
CL:0000097$$7727,mast cell,CT,skin,CL:0000097
CL:0001006,dermal dendritic cell,CT,skin,CL:0001006
CL:0000235$$7728,macrophage,CT,skin,CL:0000235
CL:0000545$$7729,T-helper 1 cell,CT,skin,CL:0000545
CL:0000910$$7730,cytotoxic T cell,CT,skin,CL:0000910
CL:0000815$$7731,regulatory T cell,CT,skin,CL:0000815
CL:0000623$$7732,natural killer cell,CT,skin,CL:0000623
CL:0001067,group 1 innate lymphoid cell,CT,skin,CL:0001067
CL:0001069,group 2 innate lymphoid cell,CT,skin,CL:0001069
CL:0001071,group 3 innate lymphoid cell,CT,skin,CL:0001071
CL:0000236$$7733,B cell,CT,skin,CL:0000236
CL:0000786$$7734,plasma cell,CT,skin,CL:0000786
CL:0000775$$7735,neutrophil,CT,skin,CL:0000775
CL:0000771$$7736,eosinophil,CT,skin,CL:0000771
UBERON:0007121,skin nerve field,AS,skin,UBERON:0007121
CL:0000540$$7737,Neuron,CT,skin,CL:0000540
CL:0002573$$7738,Schwann cell,CT,skin,CL:0002573
CL:0002576$$7739,perineurial cell,CT,skin,CL:0002576
UBERON:0035549,vasculature of integument,AS,skin,UBERON:0035549
CL:0000115$$7740,endothelial cell,CT,skin,CL:0000115
CL:0000359$$7741,vascular associated smooth muscle cell,CT,skin,CL:0000359
CL:0002292$$7742,type I cell of carotid body,CT,skin,CL:0002292
CL:0000669$$7743,pericyte,CT,skin,CL:0000669
CL:0002138$$7744,endothelial cell of lymphatic vessel,CT,skin,CL:0002138
UBERON:0002072,hypodermis,AS,skin,UBERON:0002072
CL:0002138$$7745,endothelial cell of lymphatic vessel,CT,skin,CL:0002138
CL:0002521,subcutaneous adipocyte,CT,skin,CL:0002521
CL:0002620$$7746,skin fibroblast,CT,skin,CL:0002620
CL:0000235$$7747,macrophage,CT,skin,CL:0000235
CL:0000097$$7748,mast cell,CT,skin,CL:0000097
CL:0000545$$7749,T-helper 1 cell,CT,skin,CL:0000545
CL:0000910$$7750,cytotoxic T cell,CT,skin,CL:0000910
CL:0000815$$7751,regulatory T cell,CT,skin,CL:0000815
CL:0000236$$7752,B cell,CT,skin,CL:0000236
CL:0000775$$7753,neutrophil,CT,skin,CL:0000775
CL:0000771$$7754,eosinophil,CT,skin,CL:0000771
UBERON:0007121$$7755,skin nerve field,AS,skin,UBERON:0007121
CL:0000540$$7756,Neuron,CT,skin,CL:0000540
CL:0002573$$7757,Schwann cell,CT,skin,CL:0002573
CL:0002576$$7758,perineurial cell,CT,skin,CL:0002576
UBERON:0035549$$7759,vasculature of integument,AS,skin,UBERON:0035549
CL:0000115$$7760,endothelial cell,CT,skin,CL:0000115
CL:0000359$$7761,vascular associated smooth muscle cell,CT,skin,CL:0000359
CL:0002292$$7762,type I cell of carotid body,CT,skin,CL:0002292
UBERON:0002108,small intestine,AS,small_intestine,UBERON:0002108
UBERON:0002114,duodenum,AS,small_intestine,UBERON:0002114
UBERON:8410000,duodeno-jejunal junction,AS,small_intestine,UBERON:8410000
UBERON:0013644,duodenal ampulla,AS,small_intestine,UBERON:0013644
FMA:17101,Mucosa of duodenal ampulla,AS,small_intestine,FMA:17101
FMA:17107,Submucosa of duodenal ampulla,AS,small_intestine,FMA:17107
FMA:17113,Muscle layer of duodenal ampulla,AS,small_intestine,FMA:17113
ASCTB-TEMP:serosa,serosa,AS,small_intestine,ASCTB-TEMP:serosa
FMA:14926,superior part of duodenum,AS,small_intestine,FMA:14926
UBERON:0000320,duodenal mucosa,AS,small_intestine,UBERON:0000320
UBERON:0001213,intestinal villus,AS,small_intestine,UBERON:0001213
UBERON:0008346,duodenal epithelium,AS,small_intestine,UBERON:0008346
CL:1000344,paneth cell of epithelium proper of small intestine,CT,small_intestine,CL:1000344
CL:1000324,duodenal goblet cell,CT,small_intestine,CL:1000324
CL:0009080,tuft cell of small intestine,CT,small_intestine,CL:0009080
CL:0000212,absorptive cell,CT,small_intestine,CL:0000212
CL:0000584,enterocyte,CT,small_intestine,CL:0000584
CL:0000163,endocrine cell,CT,small_intestine,CL:0000163
CL:0000034,stem cell,CT,small_intestine,CL:0000034
ASCTB-TEMP:bche-butyrylcholinesterase-cell,BCHE (butyrylcholinesterase) cell,CT,small_intestine,ASCTB-TEMP:bche-butyrylcholinesterase-cell
UBERON:0015834,duodenum lamina propria,AS,small_intestine,UBERON:0015834
CL:0000115$$7763,endothelial cell,CT,small_intestine,CL:0000115
ASCTB-TEMP:lymphatic,lymphatic,CT,small_intestine,ASCTB-TEMP:lymphatic
CL:0000186$$7764,myofibroblast cell,CT,small_intestine,CL:0000186
CL:0000057$$7765,fibroblast,CT,small_intestine,CL:0000057
ASCTB-TEMP:nerve$$7766,nerve,CT,small_intestine,ASCTB-TEMP:nerve
CL:0000682$$7767,M cell of gut,CT,small_intestine,CL:0000682
CL:0000236$$7768,B cell,CT,small_intestine,CL:0000236
CL:0000786$$7769,plasma cell,CT,small_intestine,CL:0000786
ASCTB-TEMP:cd4-t,CD4+ T,CT,small_intestine,ASCTB-TEMP:cd4-t
ASCTB-TEMP:regulatory-cd4-t,regulatory CD4+ T,CT,small_intestine,ASCTB-TEMP:regulatory-cd4-t
ASCTB-TEMP:cd8-t,CD8+ T,CT,small_intestine,ASCTB-TEMP:cd8-t
CL:0000235$$7770,macrophage,CT,small_intestine,CL:0000235
CL:0000771$$7771,eosinophil,CT,small_intestine,CL:0000771
CL:0000097$$7772,mast cell,CT,small_intestine,CL:0000097
CL:0000775$$7773,neutrophil,CT,small_intestine,CL:0000775
CL:0000623$$7774,natural killer cell,CT,small_intestine,CL:0000623
CL:0000451$$7775,dendritic cell,CT,small_intestine,CL:0000451
CL:0001065$$7776,innate lymphoid cell,CT,small_intestine,CL:0001065
UBERON:0012494,muscularis mucosae of duodenum,AS,small_intestine,UBERON:0012494
UBERON:0003332,submucosa of duodenum,AS,small_intestine,UBERON:0003332
ASCTB-TEMP:nerves,nerves,AS,small_intestine,ASCTB-TEMP:nerves
ASCTB-TEMP:endoethlial,endoethlial,AS,small_intestine,ASCTB-TEMP:endoethlial
ASCTB-TEMP:lymphatic$$7777,lymphatic,AS,small_intestine,ASCTB-TEMP:lymphatic
UBERON:8410064,submucous nerve plexus of small intestine,AS,small_intestine,UBERON:8410064
ASCTB-TEMP:nerve$$7778,nerve,CT,small_intestine,ASCTB-TEMP:nerve
ASCTB-TEMP:muscle,muscle,CT,small_intestine,ASCTB-TEMP:muscle
UBERON:0012401,small intestine smooth muscle circular layer,AS,small_intestine,UBERON:0012401
UBERON:0003336,serosa of duodenum,AS,small_intestine,UBERON:0003336
CL:0000077$$7779,mesothelial cell,CT,small_intestine,CL:0000077
CL:0000057$$7780,fibroblast,CT,small_intestine,CL:0000057
CL:0000115$$7781,endothelial cell,CT,small_intestine,CL:0000115
FMA:14928,descending part of duodenum,AS,small_intestine,FMA:14928
ASCTB-TEMP:mucosa,mucosa,AS,small_intestine,ASCTB-TEMP:mucosa
ASCTB-TEMP:submucosa,submucosa,AS,small_intestine,ASCTB-TEMP:submucosa
ASCTB-TEMP:muscularis-propria,muscularis propria,AS,small_intestine,ASCTB-TEMP:muscularis-propria
ASCTB-TEMP:serosa$$7782,serosa,AS,small_intestine,ASCTB-TEMP:serosa
FMA:14929,horizontal part of duodenum,AS,small_intestine,FMA:14929
ASCTB-TEMP:mucosa$$7783,mucosa,AS,small_intestine,ASCTB-TEMP:mucosa
ASCTB-TEMP:submucosa$$7784,submucosa,AS,small_intestine,ASCTB-TEMP:submucosa
ASCTB-TEMP:muscularis-propria$$7785,muscularis propria,AS,small_intestine,ASCTB-TEMP:muscularis-propria
ASCTB-TEMP:serosa$$7786,serosa,AS,small_intestine,ASCTB-TEMP:serosa
FMA:14930,ascending part of duodenum,AS,small_intestine,FMA:14930
ASCTB-TEMP:mucosa$$7787,mucosa,AS,small_intestine,ASCTB-TEMP:mucosa
ASCTB-TEMP:submucosa$$7788,submucosa,AS,small_intestine,ASCTB-TEMP:submucosa
FMA:17116,Muscle layer of ascending part of duodenum,AS,small_intestine,FMA:17116
ASCTB-TEMP:serosa$$7789,serosa,AS,small_intestine,ASCTB-TEMP:serosa
UBERON:0002115,jejunum,AS,small_intestine,UBERON:0002115
UBERON:0000399,jejunal mucosa,AS,small_intestine,UBERON:0000399
UBERON:0001213$$7790,intestinal villus,AS,small_intestine,UBERON:0001213
UBERON:0000400,jejunal epithelium,AS,small_intestine,UBERON:0000400
CL:0000036$$7791,epithelial fate stem cell,CT,small_intestine,CL:0000036
CL:1000344$$7792,paneth cell of epithelium proper of small intestine,CT,small_intestine,CL:1000344
CL:0000163$$7793,endocrine cell,CT,small_intestine,CL:0000163
CL:0000212$$7794,absorptive cell,CT,small_intestine,CL:0000212
CL:1000325,jejunal goblet cell,CT,small_intestine,CL:1000325
CL:0000584$$7795,enterocyte,CT,small_intestine,CL:0000584
CL:0009080$$7796,tuft cell of small intestine,CT,small_intestine,CL:0009080
ASCTB-TEMP:lamina-propria-gut-associated-lymphoid-tissue-galt-,Lamina propria/Gut associated lymphoid tissue (GALT),AS,small_intestine,ASCTB-TEMP:lamina-propria-gut-associated-lymphoid-tissue-galt-
CL:0000115$$7797,endothelial cell,CT,small_intestine,CL:0000115
ASCTB-TEMP:lymphatics,lymphatics,CT,small_intestine,ASCTB-TEMP:lymphatics
CL:0000186$$7798,myofibroblast,CT,small_intestine,CL:0000186
CL:0000057$$7799,fibroblast,CT,small_intestine,CL:0000057
ASCTB-TEMP:nerves$$7800,nerves,CT,small_intestine,ASCTB-TEMP:nerves
CL:0000682$$7801,M cell of gut,CT,small_intestine,CL:0000682
CL:0000236$$7802,B cell,CT,small_intestine,CL:0000236
CL:0000786$$7803,plasma cell,CT,small_intestine,CL:0000786
ASCTB-TEMP:cd4-t$$7804,CD4+ T,CT,small_intestine,ASCTB-TEMP:cd4-t
ASCTB-TEMP:regulatory-cd4-t$$7805,regulatory CD4+ T,CT,small_intestine,ASCTB-TEMP:regulatory-cd4-t
ASCTB-TEMP:cd8-t$$7806,CD8+ T,CT,small_intestine,ASCTB-TEMP:cd8-t
CL:0000235$$7807,macrophage,CT,small_intestine,CL:0000235
CL:0000771$$7808,eosinophil,CT,small_intestine,CL:0000771
CL:0000097$$7809,mast cell,CT,small_intestine,CL:0000097
CL:0000775$$7810,neutrophil,CT,small_intestine,CL:0000775
CL:0000623$$7811,natural killer cell,CT,small_intestine,CL:0000623
CL:0000451$$7812,dendritic cell,CT,small_intestine,CL:0000451
CL:0001065$$7813,innate lymphoid cell,CT,small_intestine,CL:0001065
UBERON:0016519,muscularis mucosae of jejunum,AS,small_intestine,UBERON:0016519
ASCTB-TEMP:muscle$$7814,muscle,CT,small_intestine,ASCTB-TEMP:muscle
UBERON:0003333,submucosa of jejunum,AS,small_intestine,UBERON:0003333
ASCTB-TEMP:nerves$$7815,nerves,CT,small_intestine,ASCTB-TEMP:nerves
CL:0000115$$7816,endothelial cell,CT,small_intestine,CL:0000115
ASCTB-TEMP:lymphatic$$7817,lymphatic,CT,small_intestine,ASCTB-TEMP:lymphatic
ASCTB-TEMP:muscle$$7818,muscle,CT,small_intestine,ASCTB-TEMP:muscle
UBERON:0012377,muscle layer of jejunum,AS,small_intestine,UBERON:0012377
ASCTB-TEMP:muscle$$7819,muscle,CT,small_intestine,ASCTB-TEMP:muscle
CL:0002088$$7820,interstitial cell of Cajal,CT,small_intestine,CL:0002088
CL:0000057$$7821,fibroblast,CT,small_intestine,CL:0000057
CL:0000115$$7822,endothelial cell,CT,small_intestine,CL:0000115
ASCTB-TEMP:nerves$$7823,nerves,CT,small_intestine,ASCTB-TEMP:nerves
ASCTB-TEMP:myenteric-plexus-of-auerbach,myenteric nerve plexus of small intestine,AS,small_intestine,ASCTB-TEMP:myenteric-plexus-of-auerbach
ASCTB-TEMP:nerves$$7824,nerves,CT,small_intestine,ASCTB-TEMP:nerves
ASCTB-TEMP:muscle$$7825,muscle,CT,small_intestine,ASCTB-TEMP:muscle
UBERON:0003337,serosa of jejunum,AS,small_intestine,UBERON:0003337
CL:0000077$$7826,mesothelial cell,CT,small_intestine,CL:0000077
ASCTB-TEMP:connective-tissue,connective tissue,AS,small_intestine,ASCTB-TEMP:connective-tissue
CL:0000057$$7827,fibroblast,CT,small_intestine,CL:0000057
CL:0000115$$7828,endothelial cell,CT,small_intestine,CL:0000115
UBERON:0002116,ileum,AS,small_intestine,UBERON:0002116
UBERON:0000331,ileal mucosa,AS,small_intestine,UBERON:0000331
UBERON:0001213$$7829,intestinal villus,AS,small_intestine,UBERON:0001213
UBERON:0008345,ileal epithelium,AS,small_intestine,UBERON:0008345
ASCTB-TEMP:lamina-propria-gut-associated-lymphoid-tissue-galt-$$7830,Lamina propria/Gut associated lymphoid tissue (GALT),AS,small_intestine,ASCTB-TEMP:lamina-propria-gut-associated-lymphoid-tissue-galt-
ASCTB-TEMP:muscularis-mucosa,muscularis mucosa,AS,small_intestine,ASCTB-TEMP:muscularis-mucosa
UBERON:0004946,submucosa of ileum,AS,small_intestine,UBERON:0004946
ASCTB-TEMP:submucosa$$7831,submucosa,AS,small_intestine,ASCTB-TEMP:submucosa
ASCTB-TEMP:submucosal-plexus-of-meissner,submucosal plexus of Meissner,AS,small_intestine,ASCTB-TEMP:submucosal-plexus-of-meissner
ASCTB-TEMP:muscularis-externa,muscularis externa,AS,small_intestine,ASCTB-TEMP:muscularis-externa
ASCTB-TEMP:circular-longitudinal-muscle,circular/longitudinal muscle,AS,small_intestine,ASCTB-TEMP:circular-longitudinal-muscle
ASCTB-TEMP:myenteric-plexus-of-auerbach$$7832,myenteric plexus of Auerbach,AS,small_intestine,ASCTB-TEMP:myenteric-plexus-of-auerbach
ASCTB-TEMP:serosa$$7833,serosa,AS,small_intestine,ASCTB-TEMP:serosa
ASCTB-TEMP:connective-tissue$$7834,connective tissue,AS,small_intestine,ASCTB-TEMP:connective-tissue
FMA:14966,distal part of ileum,AS,small_intestine,FMA:14966
ASCTB-TEMP:mucosa$$7835,mucosa,AS,small_intestine,ASCTB-TEMP:mucosa
UBERON:0001213$$7836,intestinal villus,AS,small_intestine,UBERON:0001213
ASCTB-TEMP:epithelium,Epithelium,AS,small_intestine,ASCTB-TEMP:epithelium
ASCTB-TEMP:epithelial-stem-cells,epithelial stem cells,CT,small_intestine,ASCTB-TEMP:epithelial-stem-cells
CL:1000344$$7837,paneth cell of epithelium proper of small intestine,CT,small_intestine,CL:1000344
CL:0000163$$7838,endocrine cell,CT,small_intestine,CL:0000163
CL:0000212$$7839,absorptive cell,CT,small_intestine,CL:0000212
CL:1000326,ileal goblet cell,CT,small_intestine,CL:1000326
CL:0000584$$7840,enterocyte,CT,small_intestine,CL:0000584
CL:0009080$$7841,tuft cell of small intestine,CT,small_intestine,CL:0009080
ASCTB-TEMP:lamina-propria-gut-associated-lymphoid-tissue-galt-$$7842,Lamina propria/Gut associated lymphoid tissue (GALT),AS,small_intestine,ASCTB-TEMP:lamina-propria-gut-associated-lymphoid-tissue-galt-
CL:0000115$$7843,endothelial cell,CT,small_intestine,CL:0000115
ASCTB-TEMP:lymphatics$$7844,lymphatics,CT,small_intestine,ASCTB-TEMP:lymphatics
CL:0000186$$7845,myofibroblast,CT,small_intestine,CL:0000186
CL:0000057$$7846,fibroblast,CT,small_intestine,CL:0000057
ASCTB-TEMP:nerves$$7847,nerves,CT,small_intestine,ASCTB-TEMP:nerves
CL:0000682$$7848,M cell of gut,CT,small_intestine,CL:0000682
CL:0000236$$7849,B cell,CT,small_intestine,CL:0000236
CL:0000786$$7850,plasma cell,CT,small_intestine,CL:0000786
ASCTB-TEMP:cd4-t$$7851,CD4+ T,CT,small_intestine,ASCTB-TEMP:cd4-t
ASCTB-TEMP:regulatory-cd4-t$$7852,regulatory CD4+ T,CT,small_intestine,ASCTB-TEMP:regulatory-cd4-t
ASCTB-TEMP:cd8-t$$7853,CD8+ T,CT,small_intestine,ASCTB-TEMP:cd8-t
CL:0000235$$7854,macrophage,CT,small_intestine,CL:0000235
CL:0000771$$7855,eosinophil,CT,small_intestine,CL:0000771
CL:0000097$$7856,mast cell,CT,small_intestine,CL:0000097
CL:0000775$$7857,neutrophil,CT,small_intestine,CL:0000775
CL:0000623$$7858,natural killer cell,CT,small_intestine,CL:0000623
CL:0000451$$7859,dendritic cell,CT,small_intestine,CL:0000451
CL:0001065$$7860,innate lymphoid cell,CT,small_intestine,CL:0001065
ASCTB-TEMP:muscularis-mucosa$$7861,muscularis mucosa,AS,small_intestine,ASCTB-TEMP:muscularis-mucosa
ASCTB-TEMP:muscle$$7862,muscle,CT,small_intestine,ASCTB-TEMP:muscle
ASCTB-TEMP:submucosa$$7863,submucosa,AS,small_intestine,ASCTB-TEMP:submucosa
ASCTB-TEMP:nerves$$7864,nerves,CT,small_intestine,ASCTB-TEMP:nerves
CL:0000115$$7865,endothelial cell,CT,small_intestine,CL:0000115
ASCTB-TEMP:lymphatic$$7866,lymphatic,CT,small_intestine,ASCTB-TEMP:lymphatic
ASCTB-TEMP:submucosal-plexus-of-meissner$$7867,submucosal plexus of Meissner,AS,small_intestine,ASCTB-TEMP:submucosal-plexus-of-meissner
ASCTB-TEMP:nerves$$7868,nerves,CT,small_intestine,ASCTB-TEMP:nerves
ASCTB-TEMP:muscle$$7869,muscle,CT,small_intestine,ASCTB-TEMP:muscle
ASCTB-TEMP:muscularis-externa$$7870,muscularis externa,AS,small_intestine,ASCTB-TEMP:muscularis-externa
ASCTB-TEMP:circular-longitudinal-muscle$$7871,circular/longitudinal muscle,AS,small_intestine,ASCTB-TEMP:circular-longitudinal-muscle
ASCTB-TEMP:muscle$$7872,muscle,CT,small_intestine,ASCTB-TEMP:muscle
CL:0002088$$7873,interstitial cell of Cajal,CT,small_intestine,CL:0002088
CL:0000057$$7874,fibroblast,CT,small_intestine,CL:0000057
CL:0000115$$7875,endothelial cell,CT,small_intestine,CL:0000115
ASCTB-TEMP:nerves$$7876,nerves,CT,small_intestine,ASCTB-TEMP:nerves
ASCTB-TEMP:myenteric-plexus-of-auerbach$$7877,myenteric plexus of Auerbach,AS,small_intestine,ASCTB-TEMP:myenteric-plexus-of-auerbach
ASCTB-TEMP:nerves$$7878,nerves,CT,small_intestine,ASCTB-TEMP:nerves
ASCTB-TEMP:muscle$$7879,muscle,CT,small_intestine,ASCTB-TEMP:muscle
ASCTB-TEMP:serosa$$7880,serosa,AS,small_intestine,ASCTB-TEMP:serosa
CL:0000077$$7881,mesothelial,CT,small_intestine,CL:0000077
CL:0000057$$7882,fibroblast,CT,small_intestine,CL:0000057
CL:0000115$$7883,endothelial cell,CT,small_intestine,CL:0000115
UBERON:0002240,spinal cord,AS,spinal_cord,UBERON:0002240
UBERON:0002726,cervical spinal cord,AS,spinal_cord,UBERON:0002726
UBERON:0005841,cervical spinal cord dorsal column,AS,spinal_cord,UBERON:0005841
UBERON:0029626,cervical spinal cord gray commissure,AS,spinal_cord,UBERON:0029626
UBERON:0005849,cervical spinal cord lateral column,AS,spinal_cord,UBERON:0005849
UBERON:0014619,cervical spinal cord lateral horn,AS,spinal_cord,UBERON:0014619
UBERON:0005854,cervical spinal cord ventral column,AS,spinal_cord,UBERON:0005854
UBERON:0007836,cervical spinal cord ventral commissure,AS,spinal_cord,UBERON:0007836
UBERON:0014621,cervical spinal cord ventral horn,AS,spinal_cord,UBERON:0014621
UBERON:0014614,cervical spinal cord white matter,AS,spinal_cord,UBERON:0014614
UBERON:0002792,lumbar spinal cord,AS,spinal_cord,UBERON:0002792
UBERON:0014543,lumbar division of spinal cord central canal,AS,spinal_cord,UBERON:0014543
CL:0000065$$7884,Ependymal Cell,CT,spinal_cord,CL:0000065
UBERON:0026386,lumbar spinal cord white matter,AS,spinal_cord,UBERON:0026386
CL:0000128$$7885,Oligodendrocyte,CT,spinal_cord,CL:0000128
CL:0002453$$7886,Oligodendrocyte Precursor Cell,CT,spinal_cord,CL:0002453
CL:0000127$$7887,Astrocyte,CT,spinal_cord,CL:0000127
CL:0000129$$7888,microglial cell,CT,spinal_cord,CL:0000129
CL:0000115$$7889,Endothelial Cell,CT,spinal_cord,CL:0000115
UBERON:0005850,lumbar spinal cord lateral column,AS,spinal_cord,UBERON:0005850
UBERON:0003038,thoracic spinal cord,AS,spinal_cord,UBERON:0003038
UBERON:0005839,thoracic spinal cord dorsal column,AS,spinal_cord,UBERON:0005839
UBERON:0026293,thoracic spinal cord gray commissure,AS,spinal_cord,UBERON:0026293
UBERON:0005847,thoracic spinal cord lateral column,AS,spinal_cord,UBERON:0005847
UBERON:0014607,thoracic spinal cord lateral horn,AS,spinal_cord,UBERON:0014607
UBERON:0005852,thoracic spinal cord ventral column,AS,spinal_cord,UBERON:0005852
UBERON:0007837,thoracic spinal cord ventral commissure,AS,spinal_cord,UBERON:0007837
UBERON:0014610,thoracic spinal cord ventral horn,AS,spinal_cord,UBERON:0014610
UBERON:0014637,thoracic spinal cord white matter,AS,spinal_cord,UBERON:0014637
UBERON:0014541,thoracic division of spinal cord central canal,AS,spinal_cord,UBERON:0014541
UBERON:0005843,sacral spinal cord,AS,spinal_cord,UBERON:0005843
UBERON:0014547,sacral division of spinal cord central canal,AS,spinal_cord,UBERON:0014547
UBERON:0005840,sacral spinal cord dorsal column,AS,spinal_cord,UBERON:0005840
UBERON:0033939,sacral spinal cord dorsal horn,AS,spinal_cord,UBERON:0033939
UBERON:0031111,sacral spinal cord gray commissure,AS,spinal_cord,UBERON:0031111
UBERON:0005848,sacral spinal cord lateral column,AS,spinal_cord,UBERON:0005848
UBERON:0029538,sacral spinal cord lateral horn,AS,spinal_cord,UBERON:0029538
UBERON:0005853,sacral spinal cord ventral column,AS,spinal_cord,UBERON:0005853
UBERON:0007835,sacral spinal cord ventral commissure,AS,spinal_cord,UBERON:0007835
UBERON:0032748,sacral spinal cord ventral horn,AS,spinal_cord,UBERON:0032748
UBERON:0026246,sacral spinal cord white matter,AS,spinal_cord,UBERON:0026246
UBERON:0014620,cervical spinal cord dorsal horn,AS,spinal_cord,UBERON:0014620
UBERON:0014622,apex of cervical spinal cord dorsal horn,AS,spinal_cord,UBERON:0014622
UBERON:0014623,substantia gelatinosa of cervical spinal cord dorsal horn,AS,spinal_cord,UBERON:0014623
UBERON:0014613,cervical spinal cord gray matter,AS,spinal_cord,UBERON:0014613
UBERON:0014619$$7890,cervical spinal cord lateral horn,AS,spinal_cord,UBERON:0014619
UBERON:0014621$$7891,cervical spinal cord ventral horn,AS,spinal_cord,UBERON:0014621
UBERON:0007836$$7892,cervical spinal cord ventral commissure,AS,spinal_cord,UBERON:0007836
UBERON:0029626$$7893,cervical spinal cord gray commissure,AS,spinal_cord,UBERON:0029626
UBERON:0007714,cervical subsegment of spinal cord,AS,spinal_cord,UBERON:0007714
UBERON:0006469,C1 segment of cervical spinal cord,AS,spinal_cord,UBERON:0006469
UBERON:0006489,C2 segment of cervical spinal cord,AS,spinal_cord,UBERON:0006489
UBERON:0006488,C3 segment of cervical spinal cord,AS,spinal_cord,UBERON:0006488
UBERON:0006490,C4 segment of cervical spinal cord,AS,spinal_cord,UBERON:0006490
UBERON:0006491,C5 segment of cervical spinal cord,AS,spinal_cord,UBERON:0006491
UBERON:0006492,C6 segment of cervical spinal cord,AS,spinal_cord,UBERON:0006492
UBERON:0006493,C7 segment of cervical spinal cord,AS,spinal_cord,UBERON:0006493
UBERON:0006470,C8 segment of cervical spinal cord,AS,spinal_cord,UBERON:0006470
UBERON:0029636,lumbar spinal cord gray matter,AS,spinal_cord,UBERON:0029636
UBERON:0033483,lumbar spinal cord gray commissure,AS,spinal_cord,UBERON:0033483
UBERON:0007834,lumbar spinal cord ventral commissure,AS,spinal_cord,UBERON:0007834
UBERON:0014638,lumbar spinal cord dorsal horn,AS,spinal_cord,UBERON:0014638
CL:0000540$$7894,neuron,CT,spinal_cord,CL:0000540
CL:0000128$$7895,Oligodendrocyte,CT,spinal_cord,CL:0000128
CL:0000127$$7896,Astrocyte,CT,spinal_cord,CL:0000127
CL:0000129$$7897,microglial cell,CT,spinal_cord,CL:0000129
CL:0000115$$7898,Endothelial Cell,CT,spinal_cord,CL:0000115
UBERON:0030276,lumbar spinal cord ventral horn,AS,spinal_cord,UBERON:0030276
CL:0000540$$7899,neuron,CT,spinal_cord,CL:0000540
CL:0000100,motor neuron,CT,spinal_cord,CL:0000100
CL:0000128$$7900,Oligodendrocyte,CT,spinal_cord,CL:0000128
CL:0000127$$7901,Astrocyte,CT,spinal_cord,CL:0000127
CL:0000129$$7902,microglial cell,CT,spinal_cord,CL:0000129
CL:0000115$$7903,Endothelial Cell,CT,spinal_cord,CL:0000115
UBERON:0031906,lumbar spinal cord lateral horn,AS,spinal_cord,UBERON:0031906
CL:0000540$$7904,neuron,CT,spinal_cord,CL:0000540
CL:0000128$$7905,Oligodendrocyte,CT,spinal_cord,CL:0000128
CL:0000127$$7906,Astrocyte,CT,spinal_cord,CL:0000127
CL:0000129$$7907,microglial cell,CT,spinal_cord,CL:0000129
CL:0000115$$7908,Endothelial Cell,CT,spinal_cord,CL:0000115
UBERON:0007716,lumbar subsegment of spinal cord,AS,spinal_cord,UBERON:0007716
UBERON:0006448,first lumbar spinal cord segment,AS,spinal_cord,UBERON:0006448
UBERON:0006450,second lumbar spinal cord segment,AS,spinal_cord,UBERON:0006450
UBERON:0006449,third lumbar spinal cord segment,AS,spinal_cord,UBERON:0006449
UBERON:0006451,fourth lumbar spinal cord segment,AS,spinal_cord,UBERON:0006451
UBERON:0006447,fifth lumbar spinal cord segment,AS,spinal_cord,UBERON:0006447
UBERON:0007715,thoracic subsegment of spinal cord,AS,spinal_cord,UBERON:0007715
UBERON:0006457,first thoracic spinal cord segment,AS,spinal_cord,UBERON:0006457
UBERON:0006458,second thoracic spinal cord segment,AS,spinal_cord,UBERON:0006458
UBERON:0006459,third thoracic spinal cord segment,AS,spinal_cord,UBERON:0006459
UBERON:0006452,fourth thoracic spinal cord segment,AS,spinal_cord,UBERON:0006452
UBERON:0006453,fifth thoracic spinal cord segment,AS,spinal_cord,UBERON:0006453
UBERON:0006454,sixth thoracic spinal cord segment,AS,spinal_cord,UBERON:0006454
UBERON:0006455,seventh thoracic spinal cord segment,AS,spinal_cord,UBERON:0006455
UBERON:0006456,eighth thoracic spinal cord segment,AS,spinal_cord,UBERON:0006456
UBERON:0006465,ninth thoracic spinal cord segment,AS,spinal_cord,UBERON:0006465
UBERON:0006466,tenth thoracic spinal cord segment,AS,spinal_cord,UBERON:0006466
UBERON:0006467,eleventh thoracic spinal cord segment,AS,spinal_cord,UBERON:0006467
UBERON:0006468,twelfth thoracic spinal cord segment,AS,spinal_cord,UBERON:0006468
UBERON:0014609,thoracic spinal cord dorsal horn,AS,spinal_cord,UBERON:0014609
UBERON:0014612,substantia gelatinosa of thoracic spinal cord dorsal horn,AS,spinal_cord,UBERON:0014612
UBERON:0014611,apex of thoracic spinal cord dorsal horn,AS,spinal_cord,UBERON:0014611
UBERON:0014636,thoracic spinal cord gray matter,AS,spinal_cord,UBERON:0014636
UBERON:0014607$$7909,thoracic spinal cord lateral horn,AS,spinal_cord,UBERON:0014607
UBERON:0014610$$7910,thoracic spinal cord ventral horn,AS,spinal_cord,UBERON:0014610
UBERON:0007837$$7911,thoracic spinal cord ventral commissure,AS,spinal_cord,UBERON:0007837
UBERON:0026293$$7912,thoracic spinal cord gray commissure,AS,spinal_cord,UBERON:0026293
UBERON:0007717,sacral subsegment of spinal cord,AS,spinal_cord,UBERON:0007717
UBERON:0006460,first sacral spinal cord segment,AS,spinal_cord,UBERON:0006460
UBERON:0006461,second sacral spinal cord segment,AS,spinal_cord,UBERON:0006461
UBERON:0006462,third sacral spinal cord segment,AS,spinal_cord,UBERON:0006462
UBERON:0006463,fourth sacral spinal cord segment,AS,spinal_cord,UBERON:0006463
UBERON:0006464,fifth sacral spinal cord segment,AS,spinal_cord,UBERON:0006464
UBERON:0029503,sacral spinal cord gray matter,AS,spinal_cord,UBERON:0029503
UBERON:0007835$$7913,sacral spinal cord ventral commissure,AS,spinal_cord,UBERON:0007835
UBERON:0031111$$7914,sacral spinal cord gray commissure,AS,spinal_cord,UBERON:0031111
UBERON:0032748$$7915,sacral spinal cord ventral horn,AS,spinal_cord,UBERON:0032748
UBERON:0029538$$7916,sacral spinal cord lateral horn,AS,spinal_cord,UBERON:0029538
UBERON:0033939$$7917,sacral spinal cord dorsal horn,AS,spinal_cord,UBERON:0033939
UBERON:0014620$$7918,cervical spinal cord dorsal horn,AS,spinal_cord,UBERON:0014620
UBERON:0014622$$7919,apex of cervical spinal cord dorsal horn,AS,spinal_cord,UBERON:0014622
UBERON:0014623$$7920,substantia gelatinosa of cervical spinal cord dorsal horn,AS,spinal_cord,UBERON:0014623
UBERON:0014633,substantia gelatinosa of lumbar spinal cord dorsal horn,AS,spinal_cord,UBERON:0014633
UBERON:0014632,apex of lumbar spinal cord dorsal horn,AS,spinal_cord,UBERON:0014632
UBERON:0014609$$7921,thoracic spinal cord dorsal horn,AS,spinal_cord,UBERON:0014609
UBERON:0014612$$7922,substantia gelatinosa of thoracic spinal cord dorsal horn,AS,spinal_cord,UBERON:0014612
UBERON:0014611$$7923,apex of thoracic spinal cord dorsal horn,AS,spinal_cord,UBERON:0014611
UBERON:0002106,spleen,AS,spleen,UBERON:0002106
UBERON:1000023,spleen pulp,AS,spleen,UBERON:1000023
UBERON:0001194$$7924,Splenic Artery,AS,spleen,UBERON:0001194
CL:2000053,splenic endothelial cell,CT,spleen,CL:2000053
UBERON:0012373,Sympathetic nerve plexus,AS,spleen,UBERON:0012373
CL:4033050,catecholaminergic neuron,CT,spleen,CL:4033050
UBERON:0010401$$7925,Spleen central arteriole,AS,spleen,UBERON:0010401
UBERON:0012373$$7926,Sympathetic nerve plexus,AS,spleen,UBERON:0012373
CL:4033050$$7927,catecholaminergic neuron,CT,spleen,CL:4033050
UBERON:0013132$$7928,Penicillar Arteriole,AS,spleen,UBERON:0013132
CL:2000053$$7929,splenic endothelial cell,CT,spleen,CL:2000053
CL:0000788$$7930,naive B Cell,CT,spleen,CL:0000788
CL:0000787$$7931,memory B cell,CT,spleen,CL:0000787
CL:0000972,class switched memory B cell,CT,spleen,CL:0000972
CL:0000499$$7932,stromal cell,CT,spleen,CL:0000499
ASCTB-TEMP:adventitial-stromal-cell,Adventitial Stromal Cell,CT,spleen,ASCTB-TEMP:adventitial-stromal-cell
ASCTB-TEMP:splenic-stromal-cell-non-frc-non-fdc-,Splenic Stromal Cell (non-FRC/non-FDC),CT,spleen,ASCTB-TEMP:splenic-stromal-cell-non-frc-non-fdc-
CL:0000192$$7933,smooth muscle cell,CT,spleen,CL:0000192
ASCTB-TEMP:splenic-smooth-muscle-cell,Splenic Smooth Muscle Cell,CT,spleen,ASCTB-TEMP:splenic-smooth-muscle-cell
UBERON:0001250,red pulp of spleen,AS,spleen,UBERON:0001250
ASCTB-TEMP:arterial-capillary,Arterial Capillary,AS,spleen,ASCTB-TEMP:arterial-capillary
CL:2000053$$7934,splenic endothelial cell,CT,spleen,CL:2000053
ASCTB-TEMP:sheathed-capillary-of-spleen$$7935,Sheathed capillary of spleen,AS,spleen,ASCTB-TEMP:sheathed-capillary-of-spleen
CL:2000053$$7936,splenic endothelial cell,CT,spleen,CL:2000053
CL:0008034A,mural cell,CT,spleen,CL:0008034A
ASCTB-TEMP:splenic-pericyte,Splenic Pericyte,CT,spleen,ASCTB-TEMP:splenic-pericyte
CL:0000499$$7937,stromal cell,CT,spleen,CL:0000499
ASCTB-TEMP:splenic-stromal-sheath-cell,Splenic Stromal Sheath Cell,CT,spleen,ASCTB-TEMP:splenic-stromal-sheath-cell
CL:0000874,splenic red pulp macrophage,CT,spleen,CL:0000874
CL:0000788$$7938,naive B Cell,CT,spleen,CL:0000788
CL:0000787$$7939,memory B cell,CT,spleen,CL:0000787
CL:0000972$$7940,class switched memory B cell,CT,spleen,CL:0000972
UBERON:0003910$$7941,splenic sinusoid,AS,spleen,UBERON:0003910
ASCTB-TEMP:ring-fiber,Ring Fiber,AS,spleen,ASCTB-TEMP:ring-fiber
CL:0000499$$7942,stromal cell,CT,spleen,CL:0000499
ASCTB-TEMP:reticular-cell-of-splenic-sinusoid,Reticular Cell of splenic sinusoid,CT,spleen,ASCTB-TEMP:reticular-cell-of-splenic-sinusoid
CL:0002543$$7943,vein endothelial cell,CT,spleen,CL:0002543
ASCTB-TEMP:splenic-littoral-cell,Splenic Littoral Cell,CT,spleen,ASCTB-TEMP:splenic-littoral-cell
ASCTB-TEMP:splenic-red-pulp-stroma,Splenic Red Pulp Stroma,AS,spleen,ASCTB-TEMP:splenic-red-pulp-stroma
CL:0000499$$7944,stromal cell,CT,spleen,CL:0000499
ASCTB-TEMP:splenic-red-pulp-stromal-cell,Splenic Red Pulp Stromal Cell,CT,spleen,ASCTB-TEMP:splenic-red-pulp-stromal-cell
UBERON:0003713$$7945,splenic vein,AS,spleen,UBERON:0003713
CL:2000053$$7946,splenic endothelial cell,CT,spleen,CL:2000053
ASCTB-TEMP:red-pulp-venule-of-spleen$$7947,Red pulp venule of spleen,AS,spleen,ASCTB-TEMP:red-pulp-venule-of-spleen
CL:2000053$$7948,splenic endothelial cell,CT,spleen,CL:2000053
UBERON:0001266,splenic cord,AS,spleen,UBERON:0001266
CL:0000874$$7949,splenic red pulp macrophage,CT,spleen,CL:0000874
CL:0000037$$7950,hematopoietic stem cell,CT,spleen,CL:0000037
CL:0001055,"CD14-positive, CD16-low monocyte",CT,spleen,CL:0001055
CL:0000232,erythrocyte,CT,spleen,CL:0000232
CL:0000236$$7951,B cell,CT,spleen,CL:0000236
CL:0000625$$7952,"CD8-positive, alpha-beta T cell",CT,spleen,CL:0000625
CL:0000909$$7953,"CD8-positive, alpha-beta memory T cell",CT,spleen,CL:0000909
CL:0000786$$7954,plasma cell,CT,spleen,CL:0000786
CL:0000980$$7955,plasmablast,CT,spleen,CL:0000980
CL:0001056$$7956,"dendritic cell, human",CT,spleen,CL:0001056
CL:0000233,platelet,CT,spleen,CL:0000233
CL:0000623$$7957,natural killer cell,CT,spleen,CL:0000623
CL:0000499$$7958,stromal cell,CT,spleen,CL:0000499
ADDED,Splenic Stromal Cell (non-FRC/non-FDC),CT,spleen,ADDED
CL:1000489,reticular cell of splenic cord,CT,spleen,CL:1000489
ASCTB-TEMP:red-pulp-white-pulp-border,Red Pulp-White Pulp Border,AS,spleen,ASCTB-TEMP:red-pulp-white-pulp-border
UBERON:0005353,spleen perifollicular zone,AS,spleen,UBERON:0005353
CL:0000232$$7959,erythrocyte,CT,spleen,CL:0000232
CL:0001055$$7960,"CD14-positive, CD16-low monocyte",CT,spleen,CL:0001055
CL:0000775$$7961,neutrophil,CT,spleen,CL:0000775
CL:0000738$$7962,leukocyte,CT,spleen,CL:0000738
ASCTB-TEMP:splenic-perifollicular-zone-macrophage,Splenic perifollicular zone macrophage,CT,spleen,ASCTB-TEMP:splenic-perifollicular-zone-macrophage
ASCTB-TEMP:sheathed-capillary-of-spleen$$7963,Sheathed capillary of spleen,AS,spleen,ASCTB-TEMP:sheathed-capillary-of-spleen
CL:0000499$$7964,stromal cell,CT,spleen,CL:0000499
CL:0002394$$7965,CD141-positive myeloid dendritic cell,CT,spleen,CL:0002394
CL:0002399$$7966,CD1c-positive myeloid dendritic cell,CT,spleen,CL:0002399
CL:0011031,monocyte-derived dendritic cell,CT,spleen,CL:0011031
CL:0001058$$7967,"plasmacytoid dendritic cell, human",CT,spleen,CL:0001058
CL:0000990$$7968,conventional dendritic cell,CT,spleen,CL:0000990
ASCTB-TEMP:dec205-dc,DEC205+ DC,CT,spleen,ASCTB-TEMP:dec205-dc
UBERON:0001959,white pulp of spleen,AS,spleen,UBERON:0001959
UBERON:0010401$$7969,Spleen central arteriole,AS,spleen,UBERON:0010401
CL:2000053$$7970,splenic endothelial cell,CT,spleen,CL:2000053
ASCTB-TEMP:white-pulp-lymphatic-vessels,White Pulp Lymphatic Vessels,AS,spleen,ASCTB-TEMP:white-pulp-lymphatic-vessels
CL:0002138$$7971,endothelial cell of lymphatic vessel,CT,spleen,CL:0002138
UBERON:0004041,spleen primary B follicle,AS,spleen,UBERON:0004041
CL:0000442$$7972,follicular dendritic cell,CT,spleen,CL:0000442
CL:0000788$$7973,naive B cell,CT,spleen,CL:0000788
CL:0000787$$7974,memory B cell,CT,spleen,CL:0000787
CL:0000876,splenic white pulp macrophage,CT,spleen,CL:0000876
CL:0000990$$7975,conventional dendritic cell,CT,spleen,CL:0000990
ASCTB-TEMP:dec205-dc$$7976,DEC205+ DC,CT,spleen,ASCTB-TEMP:dec205-dc
UBERON:0004042,spleen secondary B follicle,AS,spleen,UBERON:0004042
UBERON:0005196,spleen germinal center,AS,spleen,UBERON:0005196
CL:0000442$$7977,follicular dendritic cell,CT,spleen,CL:0000442
CL:0000844$$7978,germinal center B cell,CT,spleen,CL:0000844
CL:0002038$$7979,T follicular helper cell,CT,spleen,CL:0002038
CL:0009113$$7980,T follicular regulatory cell,CT,spleen,CL:0009113
CL:0000877,splenic tingible body macrophage,CT,spleen,CL:0000877
CL:0000980$$7981,plasmablast,CT,spleen,CL:0000980
UBERON:0010421,spleen B cell corona,AS,spleen,UBERON:0010421
ASCTB-TEMP:inner-mantle-zone,Inner Mantle Zone,AS,spleen,ASCTB-TEMP:inner-mantle-zone
CL:0000236$$7982,B cell,CT,spleen,CL:0000236
ASCTB-TEMP:mantle-zone-b-cell,Mantle Zone B Cell,CT,spleen,ASCTB-TEMP:mantle-zone-b-cell
CL:0000818$$7983,transitional stage B cell,CT,spleen,CL:0000818
CL:0000442$$7984,follicular dendritic cell,CT,spleen,CL:0000442
CL:2000053$$7985,splenic endothelial cell,CT,spleen,CL:2000053
CL:0008034A$$7986,mural cell,CT,spleen,CL:0008034A
ASCTB-TEMP:splenic-pericyte$$7987,Splenic Pericyte,CT,spleen,ASCTB-TEMP:splenic-pericyte
ASCTB-TEMP:superficial-mantle-zone,Superficial Mantle Zone,AS,spleen,ASCTB-TEMP:superficial-mantle-zone
CL:0000788$$7988,naive B cell,CT,spleen,CL:0000788
CL:0000787$$7989,memory B cell,CT,spleen,CL:0000787
CL:0000442$$7990,follicular dendritic cell,CT,spleen,CL:0000442
CL:0008034A$$7991,mural cell,CT,spleen,CL:0008034A
ASCTB-TEMP:splenic-pericyte$$7992,Splenic Pericyte,CT,spleen,ASCTB-TEMP:splenic-pericyte
CL:2000053$$7993,splenic endothelial cell,CT,spleen,CL:2000053
UBERON:0001251,Marginal Zone of Spleen,AS,spleen,UBERON:0001251
CL:0000972$$7994,class switched memory B cell,CT,spleen,CL:0000972
CL:0000787$$7995,memory B cell,CT,spleen,CL:0000787
CL:0000845,marginal zone B cell of spleen,CT,spleen,CL:0000845
CL:0000818$$7996,transitional stage B cell,CT,spleen,CL:0000818
CL:0000442$$7997,follicular dendritic cell,CT,spleen,CL:0000442
CL:0000872,splenic marginal zone macrophage,CT,spleen,CL:0000872
CL:0000499$$7998,stromal cell,CT,spleen,CL:0000499
ASCTB-TEMP:splenic-stromal-cell-non-frc-non-fdc-$$7999,Splenic Stromal Cell (non-FRC/non-FDC),CT,spleen,ASCTB-TEMP:splenic-stromal-cell-non-frc-non-fdc-
CL:0001058$$8000,"plasmacytoid dendritic cell, human",CT,spleen,CL:0001058
CL:0000492,CD4-positive helper T cell,CT,spleen,CL:0000492
CL:0000786$$8001,plasma cell,CT,spleen,CL:0000786
CL:0001078,"group 3 innate lymphoid cell, human",CT,spleen,CL:0001078
CL:0000775$$8002,neutrophil,CT,spleen,CL:0000775
CL:2000053$$8003,splenic endothelial cell,CT,spleen,CL:2000053
CL:1000489$$8004,reticular cell of splenic cord,CT,spleen,CL:1000489
ASCTB-TEMP:inner-pals,Inner PALS,AS,spleen,ASCTB-TEMP:inner-pals
CL:2000053$$8005,splenic endothelial cell,CT,spleen,CL:2000053
CL:0000499$$8006,stromal cell,CT,spleen,CL:0000499
ASCTB-TEMP:adventitial-stromal-cell$$8007,Adventitial Stromal Cell,CT,spleen,ASCTB-TEMP:adventitial-stromal-cell
CL:4033050$$8008,catecholaminergic neuron,CT,spleen,CL:4033050
UBERON:0001960,periarterial lymphatic sheath,AS,spleen,UBERON:0001960
ASCTB-TEMP:inner-pals$$8009,Inner PALS,AS,spleen,ASCTB-TEMP:inner-pals
CL:0000895$$8010,"naive thymus-derived CD4-positive, alpha-beta T cell",CT,spleen,CL:0000895
CL:0000492$$8011,CD4-positive helper T cell,CT,spleen,CL:0000492
CL:0000900$$8012,"naive thymus-derived CD8-positive, alpha-beta T cell",CT,spleen,CL:0000900
CL:0001050$$8013,"effector CD8-positive, alpha-beta T cell",CT,spleen,CL:0001050
CL:0000794,"CD8-positive, alpha-beta cytotoxic T cell",CT,spleen,CL:0000794
CL:0000815$$8014,regulatory T cell,CT,spleen,CL:0000815
CL:1000489$$8015,reticular cell of splenic cord,CT,spleen,CL:1000489
CL:0000990$$8016,conventional dendritic cell,CT,spleen,CL:0000990
ASCTB-TEMP:interdigitating-dendritic-cells,Interdigitating Dendritic Cells,CT,spleen,ASCTB-TEMP:interdigitating-dendritic-cells
CL:0000876$$8017,splenic white pulp macrophage,CT,spleen,CL:0000876
UBERON:0012373$$8018,Sympathetic nerve plexus,AS,spleen,UBERON:0012373
CL:4033050$$8019,catecholaminergic neuron,CT,spleen,CL:4033050
CL:0002138$$8020,endothelial cell of lymphatic vessel,CT,spleen,CL:0002138
CL:0000192$$8021,smooth muscle cell,CT,spleen,CL:0000192
ASCTB-TEMP:splenic-smooth-muscle-cell$$8022,Splenic Smooth Muscle Cell,CT,spleen,ASCTB-TEMP:splenic-smooth-muscle-cell
ASCTB-TEMP:outer-pals,Outer PALS,AS,spleen,ASCTB-TEMP:outer-pals
CL:0000895$$8023,"naive thymus-derived CD4-positive, alpha-beta T cell",CT,spleen,CL:0000895
CL:0000492$$8024,CD4-positive helper T cell,CT,spleen,CL:0000492
CL:0000900$$8025,"naive thymus-derived CD8-positive, alpha-beta T cell",CT,spleen,CL:0000900
CL:0001050$$8026,"effector CD8-positive, alpha-beta T cell",CT,spleen,CL:0001050
CL:0000794$$8027,"CD8-positive, alpha-beta cytotoxic T cell",CT,spleen,CL:0000794
CL:0000815$$8028,regulatory T cell,CT,spleen,CL:0000815
CL:1000489$$8029,reticular cell of splenic cord,CT,spleen,CL:1000489
CL:0000818$$8030,transitional stage B cell,CT,spleen,CL:0000818
CL:0000909$$8031,"CD8-positive, alpha-beta memory T cell",CT,spleen,CL:0000909
CL:0000897$$8032,"CD4-positive, alpha-beta memory T cell",CT,spleen,CL:0000897
CL:0000186$$8033,myofibroblast cell,CT,spleen,CL:0000186
CL:0001058$$8034,"plasmacytoid dendritic cell, human",CT,spleen,CL:0001058
CL:0000499$$8035,stromal cell,CT,spleen,CL:0000499
ASCTB-TEMP:splenic-stromal-cell-non-frc-non-fdc-$$8036,Splenic Stromal Cell (non-FRC/non-FDC),CT,spleen,ASCTB-TEMP:splenic-stromal-cell-non-frc-non-fdc-
CL:0002394$$8037,CD141-positive myeloid dendritic cell,CT,spleen,CL:0002394
CL:0002399$$8038,CD1c-positive myeloid dendritic cell,CT,spleen,CL:0002399
CL:0000876$$8039,splenic white pulp macrophage,CT,spleen,CL:0000876
ASCTB-TEMP:dec205-dc$$8040,DEC205+ DC,CT,spleen,ASCTB-TEMP:dec205-dc
CL:0000990$$8041,conventional dendritic cell,CT,spleen,CL:0000990
CL:0000980$$8042,plasmablast,CT,spleen,CL:0000980
CL:0000623$$8043,natural killer cell,CT,spleen,CL:0000623
CL:0000798$$8044,gamma-delta T cell,CT,spleen,CL:0000798
UBERON:0001248,hilum of spleen,AS,spleen,UBERON:0001248
UBERON:0001194$$8045,splenic artery,AS,spleen,UBERON:0001194
CL:1000413$$8046,endothelial cell of artery,CT,spleen,CL:1000413
UBERON:0003713$$8047,splenic vein,AS,spleen,UBERON:0003713
CL:0002543$$8048,vein endothelial cell,CT,spleen,CL:0002543
UBERON:0012373$$8049,Sympathetic nerve plexus,AS,spleen,UBERON:0012373
CL:4033050$$8050,catecholaminergic neuron,CT,spleen,CL:4033050
UBERON:0001473$$8051,lymphatic vessel,AS,spleen,UBERON:0001473
CL:0002138$$8052,endothelial cell of lymphatic vessel,CT,spleen,CL:0002138
UBERON:0004641,spleen capsule,AS,spleen,UBERON:0004641
ASCTB-TEMP:connective-tissue$$8053,Connective tissue,AS,spleen,ASCTB-TEMP:connective-tissue
CL:0000186$$8054,myofibroblast cell,CT,spleen,CL:0000186
ASCTB-TEMP:subcapsule,Subcapsule,AS,spleen,ASCTB-TEMP:subcapsule
CL:0000990$$8055,conventional dendritic cell,CT,spleen,CL:0000990
ASCTB-TEMP:subcapsular-dendritic-cell,Subcapsular Dendritic Cell,CT,spleen,ASCTB-TEMP:subcapsular-dendritic-cell
UBERON:0001473$$8056,lymphatic vessel,AS,spleen,UBERON:0001473
CL:0002138$$8057,endothelial cell of lymphatic vessel,CT,spleen,CL:0002138
UBERON:0001265,trabecula of spleen,AS,spleen,UBERON:0001265
UBERON:0010399$$8058,Spleen Trabecular Artery,AS,spleen,UBERON:0010399
CL:2000053$$8059,splenic endothelial cell,CT,spleen,CL:2000053
UBERON:0010400$$8060,Spleen Trabecular Vein,AS,spleen,UBERON:0010400
CL:2000053$$8061,splenic endothelial cell,CT,spleen,CL:2000053
UBERON:0012373$$8062,Sympathetic nerve plexus,AS,spleen,UBERON:0012373
CL:4033050$$8063,catecholaminergic neuron,CT,spleen,CL:4033050
UBERON:0001473$$8064,lymphatic vessel,AS,spleen,UBERON:0001473
CL:0002138$$8065,endothelial cell of lymphatic vessel,CT,spleen,CL:0002138
CL:0000186$$8066,myofibroblast cell,CT,spleen,CL:0000186
UBERON:0002370,thymus,AS,thymus,UBERON:0002370
UBERON:0002122,capsule of thymus,AS,thymus,UBERON:0002122
UBERON:0002384$$8067,connective tissue,AS,thymus,UBERON:0002384
CL:0009078,thymic fibroblast type 1,CT,thymus,CL:0009078
CL:0000866,thymic macrophage,CT,thymus,CL:0000866
UBERON:0001021$$8068,nerve,AS,thymus,UBERON:0001021
UBERON:8410062,parasympathetic cholinergic nerve,AS,thymus,UBERON:8410062
CL:3000002,sympathetic noradrenergic neuron,CT,thymus,CL:3000002
UBERON:0004791,thymus trabecula,AS,thymus,UBERON:0004791
UBERON:0001021$$8069,nerve,AS,thymus,UBERON:0001021
UBERON:8410062$$8070,parasympathetic cholinergic nerve,AS,thymus,UBERON:8410062
UBERON:0018243$$8071,thymic artery,AS,thymus,UBERON:0018243
CL:0000071$$8072,blood vessel endothelial cell,CT,thymus,CL:0000071
CL:3000002$$8073,sympathetic noradrenergic neuron,CT,thymus,CL:3000002
UBERON:0001013,adipose tissue,AS,thymus,UBERON:0001013
CL:0001070,beige adipocyte,CT,thymus,CL:0001070
CL:0000866$$8074,thymic macrophage,CT,thymus,CL:0000866
UBERON:0002384$$8075,connective tissue,AS,thymus,UBERON:0002384
CL:0009079,thymic fibroblast type 2,CT,thymus,CL:0009079
CL:0000764$$8076,erythroid lineage cell,CT,thymus,CL:0000764
CL:0000097$$8077,mast cell,CT,thymus,CL:0000097
CL:0000771$$8078,eosinophil,CT,thymus,CL:0000771
UBERON:0005483,thymus lobe,AS,thymus,UBERON:0005483
UBERON:0002125,thymus lobule,AS,thymus,UBERON:0002125
UBERON:0003846,thymus epithelium,AS,thymus,UBERON:0003846
UBERON:0006936,thymus subcapsular epithelium,AS,thymus,UBERON:0006936
CL:0009077,subcapsular thymic epithelial cell,CT,thymus,CL:0009077
CL:0002425,early T lineage precursor,CT,thymus,CL:0002425
CL:0009081,specified double negative thymocyte (Homo sapiens),CT,thymus,CL:0009081
CL:0009082,committed double negative thymocyte (Homo sapiens),CT,thymus,CL:0009082
CL:0009083,rearranging double negative thymocyte (Homo sapiens),CT,thymus,CL:0009083
CL:0000883,thymic cortical macrophage,CT,thymus,CL:0000883
UBERON:0001021$$8079,nerve,AS,thymus,UBERON:0001021
UBERON:8410062$$8080,parasympathetic cholinergic nerve,AS,thymus,UBERON:8410062
UBERON:0018243$$8081,thymic artery,AS,thymus,UBERON:0018243
CL:0000071$$8082,blood vessel endothelial cell,CT,thymus,CL:0000071
CL:3000002$$8083,sympathetic noradrenergic neuron,CT,thymus,CL:3000002
UBERON:0002123,cortex of thymus,AS,thymus,UBERON:0002123
CL:0000809,"double-positive, alpha-beta thymocyte",CT,thymus,CL:0000809
CL:0000942,thymic plasmacytoid dendritic cell,CT,thymus,CL:0000942
CL:0000764$$8084,erythroid lineage cell,CT,thymus,CL:0000764
UBERON:0001021$$8085,nerve,AS,thymus,UBERON:0001021
UBERON:8410062$$8086,parasympathetic cholinergic nerve,AS,thymus,UBERON:8410062
UBERON:0018243$$8087,thymic artery,AS,thymus,UBERON:0018243
CL:0000071$$8088,blood vessel endothelial cell,CT,thymus,CL:0000071
CL:3000002$$8089,sympathetic noradrenergic neuron,CT,thymus,CL:3000002
UBERON:0003846$$8090,thymus epithelium,AS,thymus,UBERON:0003846
CL:0002364,cortical thymic epithelial cell,CT,thymus,CL:0002364
UBERON:0003988,thymus corticomedullary boundary,AS,thymus,UBERON:0003988
CL:0000970,unswitched memory B cell,CT,thymus,CL:0000970
CL:0000972$$8091,class switched memory B cell,CT,thymus,CL:0000972
CL:0000980$$8092,plasmablast,CT,thymus,CL:0000980
CL:0000786$$8093,plasma cell,CT,thymus,CL:0000786
CL:0000771$$8094,eosinophil,CT,thymus,CL:0000771
CL:0000576$$8095,monocyte,CT,thymus,CL:0000576
CL:0002436,mature CD4 single-positive thymocyte,CT,thymus,CL:0002436
CL:0002437$$8096,mature CD8 single-positive thymocyte,CT,thymus,CL:0002437
CL:0001070$$8097,beige adipocyte,CT,thymus,CL:0001070
UBERON:8410062$$8098,parasympathetic cholinergic nerve,AS,thymus,UBERON:8410062
UBERON:0018243$$8099,thymic artery,AS,thymus,UBERON:0018243
CL:0000071$$8100,blood vessel endothelial cell,CT,thymus,CL:0000071
UBERON:0001591$$8101,thymic vein,AS,thymus,UBERON:0001591
CL:0000071$$8102,blood vessel endothelial cell,CT,thymus,CL:0000071
CL:3000002$$8103,sympathetic noradrenergic neuron,CT,thymus,CL:3000002
CL:0000866$$8104,thymic macrophage,CT,thymus,CL:0000866
CL:0002059,CD8alpha-positive thymic conventional dendritic cell,CT,thymus,CL:0002059
CL:0002460,CD8alpha-negative thymic conventional dendritic cell,CT,thymus,CL:0002460
UBERON:0010397$$8105,efferent lymphatic vessel,AS,thymus,UBERON:0010397
CL:0002138$$8106,endothelial cell of lymphatic vessel,CT,thymus,CL:0002138
CL:0009070,corticomedullary thymic epithelial cell,CT,thymus,CL:0009070
UBERON:0002124,medulla of thymus,AS,thymus,UBERON:0002124
CL:0002436$$8107,mature CD4 single-positive thymocyte,CT,thymus,CL:0002436
CL:0000934,"CD4-positive, alpha-beta cytotoxic T cell",CT,thymus,CL:0000934
CL:0000897$$8108,"CD4-positive, alpha-beta memory T cell",CT,thymus,CL:0000897
CL:0002437$$8109,mature CD8 single-positive thymocyte,CT,thymus,CL:0002437
CL:0000909$$8110,"CD8-positive, alpha-beta memory T cell",CT,thymus,CL:0000909
CL:0009068,CD8aa(I) thymocyte,CT,thymus,CL:0009068
CL:0009069,CD8aa(II) thymocyte,CT,thymus,CL:0009069
CL:0002038$$8111,T follicular helper cell,CT,thymus,CL:0002038
CL:0002677,naive regulatory T cell,CT,thymus,CL:0002677
CL:0000798$$8112,gamma-delta T cell,CT,thymus,CL:0000798
CL:0000899$$8113,T-helper 17 cell,CT,thymus,CL:0000899
CL:0000940$$8114,mucosal invariant T cell,CT,thymus,CL:0000940
CL:0000914$$8115,immature NK T cell,CT,thymus,CL:0000914
CL:0002059$$8116,CD8alpha-positive thymic conventional dendritic cell,CT,thymus,CL:0002059
CL:0002460$$8117,CD8alpha-negative thymic conventional dendritic cell,CT,thymus,CL:0002460
CL:0000942$$8118,thymic plasmacytoid dendritic cell,CT,thymus,CL:0000942
CL:0000882,thymic medullary macrophage,CT,thymus,CL:0000882
CL:0000788$$8119,naive B cell,CT,thymus,CL:0000788
CL:0001078$$8120,"group 3 innate lymphoid cell, human",CT,thymus,CL:0001078
CL:0000623$$8121,natural killer cell,CT,thymus,CL:0000623
CL:0000771$$8122,eosinophil,CT,thymus,CL:0000771
UBERON:0001021$$8123,nerve,AS,thymus,UBERON:0001021
UBERON:8410062$$8124,parasympathetic cholinergic nerve,AS,thymus,UBERON:8410062
UBERON:0001591$$8125,thymic vein,AS,thymus,UBERON:0001591
CL:0000071$$8126,blood vessel endothelial cell,CT,thymus,CL:0000071
CL:3000002$$8127,sympathetic noradrenergic neuron,CT,thymus,CL:3000002
UBERON:0003846$$8128,thymus epithelium,AS,thymus,UBERON:0003846
CL:0009071,medullary thymic epithelial cell type 1,CT,thymus,CL:0009071
CL:0009072,medullary thymic epithelial cell type 2,CT,thymus,CL:0009072
CL:0009073,medullary thymic epithelial cell type 3,CT,thymus,CL:0009073
UBERON:0003987,Hassall's corpuscle,AS,thymus,UBERON:0003987
CL:0009073$$8129,medullary thymic epithelial cell type 3,CT,thymus,CL:0009073
CL:0009074,medullary thymic epithelial cell type 4,CT,thymus,CL:0009074
CL:0009075,myo-medullary thymic epithelial cell,CT,thymus,CL:0009075
CL:0009076,neuro-medullary thymic epithelial cell,CT,thymus,CL:0009076
UBERON:0003126,trachea,AS,trachea,UBERON:0003126
UBERON:0001901,epithelium of trachea,AS,trachea,UBERON:0001901
CL:0002145,ciliated columnar cell of tracheobronchial tree,CT,trachea,CL:0002145
CL:1000223$$8130,lung neuroendocrine cell,CT,trachea,CL:1000223
CL:0002207,brush cell of trachea,CT,trachea,CL:0002207
CL:1000348,basal cell of epithelium of trachea,CT,trachea,CL:1000348
CL:1000329,tracheal goblet cell,CT,trachea,CL:1000329
UBERON:0003387,smooth muscle of trachea,AS,trachea,UBERON:0003387
UBERON:0006680,trachealis,AS,trachea,UBERON:0006680
CL:0019019$$8131,tracheobronchial smooth muscle cell,CT,trachea,CL:0019019
UBERON:0002202,submucosa of trachea,AS,trachea,UBERON:0002202
UBERON:0005203,trachea gland,AS,trachea,UBERON:0005203
UBERON:8600012$$8132,submucosal gland acini,AS,trachea,UBERON:8600012
CL:1000330,serous cell of epithelium of trachea,CT,trachea,CL:1000330
UBERON:8600013$$8133,submucosal gland collecting duct,AS,trachea,UBERON:8600013
CL:4033023$$8134,airway submucosal gland collecting duct epithelial cell,CT,trachea,CL:4033023
UBERON:8600011,terminal ciliated ducts for tracheal submucosal gland,AS,trachea,UBERON:8600011
LMHA:00142,ciliated cell of terminal ciliated ducts of submucosal glands,CT,trachea,LMHA:00142
CL:4033024$$8135,airway submucosal gland duct basal cell,CT,trachea,CL:4033024
CL:4033020,mucus secreting cell of trachea gland,CT,trachea,CL:4033020
CL:4033021,myoepithelial cell of trachea gland,CT,trachea,CL:4033021
UBERON:0003604,trachea cartilage,AS,trachea,UBERON:0003604
UBERON:0006679,carina of trachea,AS,trachea,UBERON:0006679
CL:0019002$$8136,tracheobronchial chondrocyte,CT,trachea,CL:0019002
CL:0019002$$8137,tracheobronchial chondrocyte,CT,trachea,CL:0019002
UBERON:0003571,trachea connective tissue,AS,trachea,UBERON:0003571
UBERON:0009644,trachea non-cartilage connective tissue,AS,trachea,UBERON:0009644
UBERON:0003617,trachea elastic tissue,AS,trachea,UBERON:0003617
CL:4033025,perichondrial fibroblast,CT,trachea,CL:4033025
UBERON:0000056,ureter,AS,ureter,UBERON:0000056
UBERON:0005005,mucosa of left ureter,AS,ureter,UBERON:0005005
UBERON:0001254,urothelium of ureter,AS,ureter,UBERON:0001254
CL:1001428,ureter urothelial cell,CT,ureter,CL:1001428
ASCTB-TEMP:basal-cell-of-ureter-urothelium,basal cell of ureter urothelium,CT,ureter,ASCTB-TEMP:basal-cell-of-ureter-urothelium
ASCTB-TEMP:intermediate-cell-of-ureter-urothelium,intermediate cell of ureter urothelium,CT,ureter,ASCTB-TEMP:intermediate-cell-of-ureter-urothelium
ASCTB-TEMP:superficial-cell-of-ureter-urothelium,superficial cell of ureter urothelium,CT,ureter,ASCTB-TEMP:superficial-cell-of-ureter-urothelium
UBERON:0036376,wall of left ureter,AS,ureter,UBERON:0036376
UBERON:0009919,ureter detrusor smooth muscle,AS,ureter,UBERON:0009919
ASCTB-TEMP:detrusor-smooth-muscle-cell-of-ureter,detrusor smooth muscle cell of ureter,CT,ureter,ASCTB-TEMP:detrusor-smooth-muscle-cell-of-ureter
UBERON:0001253,lamina propria of ureter,AS,ureter,UBERON:0001253
CL:1000708,ureter adventitial cell,CT,ureter,CL:1000708
ASCTB-TEMP:myofibroblast-cell-of-ureter,myofibroblast cell of ureter,CT,ureter,ASCTB-TEMP:myofibroblast-cell-of-ureter
CL:1000308,fibrocyte of adventitia of ureter,CT,ureter,CL:1000308
ASCTB-TEMP:pi16-fibroblast-cell-of-ureter,PI16+ fibroblast cell of ureter,CT,ureter,ASCTB-TEMP:pi16-fibroblast-cell-of-ureter
ASCTB-TEMP:dpt-fibroblast-cell-of-ureter,DPT+ fibroblast cell of ureter,CT,ureter,ASCTB-TEMP:dpt-fibroblast-cell-of-ureter
ASCTB-TEMP:lipofibroblast-cell-of-ureter,lipofibroblast cell of ureter,CT,ureter,ASCTB-TEMP:lipofibroblast-cell-of-ureter
ASCTB-TEMP:endothelial-cell-of-ureter,endothelial cell of ureter,CT,ureter,ASCTB-TEMP:endothelial-cell-of-ureter
ASCTB-TEMP:vascular-smooth-muscle-cell-of-ureter,vascular smooth muscle cell of ureter,CT,ureter,ASCTB-TEMP:vascular-smooth-muscle-cell-of-ureter
ASCTB-TEMP:pericyte-cell-of-ureter,pericyte cell of ureter,CT,ureter,ASCTB-TEMP:pericyte-cell-of-ureter
ASCTB-TEMP:ureter-vasculature,ureter vasculature,AS,ureter,ASCTB-TEMP:ureter-vasculature
UBERON:0001255,urinary bladder,AS,urinary_bladder,UBERON:0001255
UBERON:0001256,wall of urinary bladder,AS,urinary_bladder,UBERON:0001256
UBERON:0001259,mucosa of urinary bladder,AS,urinary_bladder,UBERON:0001259
UBERON:0004645,urinary bladder urothelium,AS,urinary_bladder,UBERON:0004645
CL:1001428$$8138,bladder urothelial cell,CT,urinary_bladder,CL:1001428
ASCTB-TEMP:basal-cell-of-bladder-urothelium,basal cell of bladder urothelium,CT,urinary_bladder,ASCTB-TEMP:basal-cell-of-bladder-urothelium
ASCTB-TEMP:intermediate-cell-of-bladder-urothelium,intermediate cell of bladder urothelium,CT,urinary_bladder,ASCTB-TEMP:intermediate-cell-of-bladder-urothelium
ASCTB-TEMP:superficial-cell-of-bladder-urothelium,superficial cell of bladder urothelium,CT,urinary_bladder,ASCTB-TEMP:superficial-cell-of-bladder-urothelium
UBERON:0012378,muscle layer of urinary bladder,AS,urinary_bladder,UBERON:0012378
UBERON:0000381,urinary bladder detrusor smooth muscle,AS,urinary_bladder,UBERON:0000381
CL:0002597,smooth muscle cell of bladder,CT,urinary_bladder,CL:0002597
ASCTB-TEMP:detrusor-smooth-muscle-cell-of-bladder,detrusor smooth muscle cell of bladder,CT,urinary_bladder,ASCTB-TEMP:detrusor-smooth-muscle-cell-of-bladder
UBERON:0004943,submucosa of urinary bladder,AS,urinary_bladder,UBERON:0004943
UBERON:0001261,lamina propria of urinary bladder,AS,urinary_bladder,UBERON:0001261
CL:1001319,bladder cell,CT,urinary_bladder,CL:1001319
ASCTB-TEMP:myofibroblast-cell-of-bladder,myofibroblast cell of bladder,CT,urinary_bladder,ASCTB-TEMP:myofibroblast-cell-of-bladder
ASCTB-TEMP:pi16-fibroblast-cell-of-bladder,PI16+ fibroblast cell of bladder,CT,urinary_bladder,ASCTB-TEMP:pi16-fibroblast-cell-of-bladder
ASCTB-TEMP:dpt-fibroblast-cell-of-bladder,DPT+ fibroblast cell of bladder,CT,urinary_bladder,ASCTB-TEMP:dpt-fibroblast-cell-of-bladder
ASCTB-TEMP:lipofibroblast-cell-of-bladder,lipofibroblast cell of bladder,CT,urinary_bladder,ASCTB-TEMP:lipofibroblast-cell-of-bladder
UBERON:0012239,urinary bladder vasculature,AS,urinary_bladder,UBERON:0012239
CL:2000040,bladder microvascular endothelial cell,CT,urinary_bladder,CL:2000040
ASCTB-TEMP:endothelial-cell-of-bladder,endothelial cell of bladder,CT,urinary_bladder,ASCTB-TEMP:endothelial-cell-of-bladder
CL:0002597$$8139,smooth muscle cell of bladder,CT,urinary_bladder,CL:0002597
ASCTB-TEMP:vascular-smooth-muscle-cell-of-bladder,vascular smooth muscle cell of bladder,CT,urinary_bladder,ASCTB-TEMP:vascular-smooth-muscle-cell-of-bladder
ASCTB-TEMP:pericyte-cell-of-bladder,pericyte cell of bladder,CT,urinary_bladder,ASCTB-TEMP:pericyte-cell-of-bladder
UBERON:0006082,fundus of urinary bladder,AS,urinary_bladder,UBERON:0006082
UBERON:0016500,muscularis mucosa of fundus of urinary bladder,AS,urinary_bladder,UBERON:0016500
UBERON:0001257,trigone of urinary bladder,AS,urinary_bladder,UBERON:0001257
UBERON:0005009,mucosa of trigone of urinary bladder,AS,urinary_bladder,UBERON:0005009
UBERON:0004944,submucosa of trigone of urinary bladder,AS,urinary_bladder,UBERON:0004944
UBERON:0004229,urinary bladder trigone smooth muscle,AS,urinary_bladder,UBERON:0004229
UBERON:0012303,ureteral orifice,AS,urinary_bladder,UBERON:0012303
UBERON:0000995,uterus,AS,uterus,UBERON:0000995
FMA:70195$$8140,artery of round ligament of uterus,AS,uterus,FMA:70195
UBERON:0008889$$8141,uterine venous plexsus,AS,uterus,UBERON:0008889
ASCTB-TEMP:superior-uterine-vein,superior uterine vein,AS,uterus,ASCTB-TEMP:superior-uterine-vein
ASCTB-TEMP:inferior-uterine-vein,inferior uterine vein,AS,uterus,ASCTB-TEMP:inferior-uterine-vein
UBERON:0000002,uterine cervix,AS,uterus,UBERON:0000002
UBERON:0013761,cervical cavity,AS,uterus,UBERON:0013761
UBERON:0012247,cervical gland,AS,uterus,UBERON:0012247
ASCTB-TEMP:cervical-mucosa,cervical mucosa,AS,uterus,ASCTB-TEMP:cervical-mucosa
ASCTB-TEMP:cervical-os,cervical os,AS,uterus,ASCTB-TEMP:cervical-os
ASCTB-TEMP:cervical-squamo-columnar-junction,cervical squamo-columnar junction,AS,uterus,ASCTB-TEMP:cervical-squamo-columnar-junction
UBERON:0012332,broad ligament of uterus,AS,uterus,UBERON:0012332
UBERON:0003885,mesometrium,AS,uterus,UBERON:0003885
UBERON:0002493$$8142,uterine artery,AS,uterus,UBERON:0002493
UBERON:0009853,body of uterus,AS,uterus,UBERON:0009853
ASCTB-TEMP:central-anterior-body-of-uterus,central anterior body of uterus,AS,uterus,ASCTB-TEMP:central-anterior-body-of-uterus
UBERON:0015173$$8143,arcuate artery of uterus,AS,uterus,UBERON:0015173
CL:0000115$$8144,endothelial cell,CT,uterus,CL:0000115
FMA:17561,Fundus of uterus,AS,uterus,FMA:17561
ASCTB-TEMP:central-anterior-fundus-of-uterus,central anterior fundus of uterus,AS,uterus,ASCTB-TEMP:central-anterior-fundus-of-uterus
UBERON:0015173$$8145,arcuate artery of uterus,AS,uterus,UBERON:0015173
CL:0000115$$8146,endothelial cell,CT,uterus,CL:0000115
ASCTB-TEMP:lower-uterine-segment,lower uterine segment,AS,uterus,ASCTB-TEMP:lower-uterine-segment
ASCTB-TEMP:central-anterior-lower-uterine-segment,central anterior lower uterine segment,AS,uterus,ASCTB-TEMP:central-anterior-lower-uterine-segment
UBERON:0015173$$8147,arcuate artery of uterus,AS,uterus,UBERON:0015173
CL:0000115$$8148,endothelial cell,CT,uterus,CL:0000115
ASCTB-TEMP:central-posterior-body-of-uterus,central posterior body of uterus,AS,uterus,ASCTB-TEMP:central-posterior-body-of-uterus
UBERON:0015173$$8149,arcuate artery of uterus,AS,uterus,UBERON:0015173
CL:0000115$$8150,endothelial cell,CT,uterus,CL:0000115
ASCTB-TEMP:central-posterior-fundus-of-uterus,central posterior fundus of uterus,AS,uterus,ASCTB-TEMP:central-posterior-fundus-of-uterus
UBERON:0015173$$8151,arcuate artery of uterus,AS,uterus,UBERON:0015173
CL:0000115$$8152,endothelial cell,CT,uterus,CL:0000115
ASCTB-TEMP:central-posterior-lower-uterine-segment,central posterior lower uterine segment,AS,uterus,ASCTB-TEMP:central-posterior-lower-uterine-segment
UBERON:0015173$$8153,arcuate artery of uterus,AS,uterus,UBERON:0015173
CL:0000115$$8154,endothelial cell,CT,uterus,CL:0000115
ASCTB-TEMP:left-anterior-body-of-uterus,left anterior body of uterus,AS,uterus,ASCTB-TEMP:left-anterior-body-of-uterus
UBERON:0015173$$8155,arcuate artery of uterus,AS,uterus,UBERON:0015173
CL:0000115$$8156,endothelial cell,CT,uterus,CL:0000115
ASCTB-TEMP:left-anterior-fundus-of-uterus,left anterior fundus of uterus,AS,uterus,ASCTB-TEMP:left-anterior-fundus-of-uterus
UBERON:0015173$$8157,arcuate artery of uterus,AS,uterus,UBERON:0015173
CL:0000115$$8158,endothelial cell,CT,uterus,CL:0000115
ASCTB-TEMP:left-anterior-lower-uterine-segment,left anterior lower uterine segment,AS,uterus,ASCTB-TEMP:left-anterior-lower-uterine-segment
UBERON:0015173$$8159,arcuate artery of uterus,AS,uterus,UBERON:0015173
CL:0000115$$8160,endothelial cell,CT,uterus,CL:0000115
ASCTB-TEMP:left-posterior-body-of-uterus,left posterior body of uterus,AS,uterus,ASCTB-TEMP:left-posterior-body-of-uterus
UBERON:0015173$$8161,arcuate artery of uterus,AS,uterus,UBERON:0015173
CL:0000115$$8162,endothelial cell,CT,uterus,CL:0000115
ASCTB-TEMP:left-posterior-fundus-of-uterus,left posterior fundus of uterus,AS,uterus,ASCTB-TEMP:left-posterior-fundus-of-uterus
UBERON:0015173$$8163,arcuate artery of uterus,AS,uterus,UBERON:0015173
CL:0000115$$8164,endothelial cell,CT,uterus,CL:0000115
ASCTB-TEMP:left-posterior-lower-uterine-segment,left posterior lower uterine segment,AS,uterus,ASCTB-TEMP:left-posterior-lower-uterine-segment
UBERON:0015173$$8165,arcuate artery of uterus,AS,uterus,UBERON:0015173
CL:0000115$$8166,endothelial cell,CT,uterus,CL:0000115
UBERON:0000458,endocervix,AS,uterus,UBERON:0000458
UBERON:0012252,endocervical epithelium,AS,uterus,UBERON:0012252
ASCTB-TEMP:endocervical-epithelial-cell,endocervical epithelial cell,CT,uterus,ASCTB-TEMP:endocervical-epithelial-cell
ASCTB-TEMP:internal-cervical-os,internal cervical os,AS,uterus,ASCTB-TEMP:internal-cervical-os
ASCTB-TEMP:endocervical-stroma,endocervical stroma,AS,uterus,ASCTB-TEMP:endocervical-stroma
ASCTB-TEMP:columnar-cell-of-endocervix,columnar cell of endocervix,AS,uterus,ASCTB-TEMP:columnar-cell-of-endocervix
UBERON:0012249,ectocervix,AS,uterus,UBERON:0012249
ASCTB-TEMP:external-cervical-os,external cervical os,AS,uterus,ASCTB-TEMP:external-cervical-os
ASCTB-TEMP:ectocervical-epithelium,ectocervical epithelium,AS,uterus,ASCTB-TEMP:ectocervical-epithelium
ASCTB-TEMP:ectocervical-stroma,ectocervical stroma,AS,uterus,ASCTB-TEMP:ectocervical-stroma
UBERON:0004801,cervix epithelium,AS,uterus,UBERON:0004801
UBERON:0012250,cervix glandular epithelium,AS,uterus,UBERON:0012250
UBERON:0006922,cervix squamous epithelium,AS,uterus,UBERON:0006922
ASCTB-TEMP:right-anterior-body-of-uterus,right anterior body of uterus,AS,uterus,ASCTB-TEMP:right-anterior-body-of-uterus
UBERON:0015173$$8167,arcuate artery of uterus,AS,uterus,UBERON:0015173
CL:0000115$$8168,endothelial cell,CT,uterus,CL:0000115
ASCTB-TEMP:right-anterior-fundus-of-uterus,right anterior fundus of uterus,AS,uterus,ASCTB-TEMP:right-anterior-fundus-of-uterus
UBERON:0015173$$8169,arcuate artery of uterus,AS,uterus,UBERON:0015173
CL:0000115$$8170,endothelial cell,CT,uterus,CL:0000115
ASCTB-TEMP:right-anterior-lower-uterine-segment,right anterior lower uterine segment,AS,uterus,ASCTB-TEMP:right-anterior-lower-uterine-segment
UBERON:0015173$$8171,arcuate artery of uterus,AS,uterus,UBERON:0015173
CL:0000115$$8172,endothelial cell,CT,uterus,CL:0000115
ASCTB-TEMP:right-posterior-body-of-uterus,right posterior body of uterus,AS,uterus,ASCTB-TEMP:right-posterior-body-of-uterus
UBERON:0015173$$8173,arcuate artery of uterus,AS,uterus,UBERON:0015173
CL:0000115$$8174,endothelial cell,CT,uterus,CL:0000115
ASCTB-TEMP:right-posterior-fundus-of-uterus,right posterior fundus of uterus,AS,uterus,ASCTB-TEMP:right-posterior-fundus-of-uterus
UBERON:0015173$$8175,arcuate artery of uterus,AS,uterus,UBERON:0015173
CL:0000115$$8176,endothelial cell,CT,uterus,CL:0000115
ASCTB-TEMP:right-posterior-lower-uterine-segment,right posterior lower uterine segment,AS,uterus,ASCTB-TEMP:right-posterior-lower-uterine-segment
UBERON:0015173$$8177,arcuate artery of uterus,AS,uterus,UBERON:0015173
CL:0000115$$8178,endothelial cell,CT,uterus,CL:0000115
UBERON:0001297,serosa of the uterus,AS,uterus,UBERON:0001297
ASCTB-TEMP:connective-tissue-of-the-uterine-serosa,connective tissue of the uterine serosa,AS,uterus,ASCTB-TEMP:connective-tissue-of-the-uterine-serosa
ASCTB-TEMP:mesothelium-of-the-uterine-serosa,mesothelium of the uterine serosa,AS,uterus,ASCTB-TEMP:mesothelium-of-the-uterine-serosa
UBERON:0001296,uterine myometrium,AS,uterus,UBERON:0001296
ASCTB-TEMP:inner-uterine-myometrium,inner uterine myometrium,AS,uterus,ASCTB-TEMP:inner-uterine-myometrium
ASCTB-TEMP:uterine-smooth-muscle-type-i-cell,uterine smooth muscle type I cell,CT,uterus,ASCTB-TEMP:uterine-smooth-muscle-type-i-cell
ASCTB-TEMP:outer-uterine-myometrium,outer uterine myometrium,AS,uterus,ASCTB-TEMP:outer-uterine-myometrium
ASCTB-TEMP:uterine-smooth-muscle-type-ii-cell,uterine smooth muscle type II cell,CT,uterus,ASCTB-TEMP:uterine-smooth-muscle-type-ii-cell
UBERON:0001295$$8179,endometrium,AS,uterus,UBERON:0001295
UBERON:0022355,basal layer of endometrium,AS,uterus,UBERON:0022355
ASCTB-TEMP:sox9-epithelial-cell,SOX9+ epithelial cell,CT,uterus,ASCTB-TEMP:sox9-epithelial-cell
ASCTB-TEMP:ciliated-epithelial-cell,ciliated epithelial cell,CT,uterus,ASCTB-TEMP:ciliated-epithelial-cell
ASCTB-TEMP:glandular-epithelial-cell,glandular epithelial cell,CT,uterus,ASCTB-TEMP:glandular-epithelial-cell
ASCTB-TEMP:luminal-epithelial-cell,luminal epithelial cell,CT,uterus,ASCTB-TEMP:luminal-epithelial-cell
ASCTB-TEMP:stromal-cell,stromal cell,CT,uterus,ASCTB-TEMP:stromal-cell
ASCTB-TEMP:uterine-smooth-muscle-type-ii-cell$$8180,uterine smooth muscle type II cell,CT,uterus,ASCTB-TEMP:uterine-smooth-muscle-type-ii-cell
ASCTB-TEMP:perivascular-support-cell,perivascular support cell,CT,uterus,ASCTB-TEMP:perivascular-support-cell
ASCTB-TEMP:macrophage,macrophage,CT,uterus,ASCTB-TEMP:macrophage
ASCTB-TEMP:lymphocyte,lymphocyte,CT,uterus,ASCTB-TEMP:lymphocyte
ASCTB-TEMP:uterine-natural-killer-cell,uterine natural killer cell,CT,uterus,ASCTB-TEMP:uterine-natural-killer-cell
ASCTB-TEMP:uterine-dendritic-cells,uterine dendritic cells,CT,uterus,ASCTB-TEMP:uterine-dendritic-cells
UBERON:0022356,outer layer of endometrium,AS,uterus,UBERON:0022356
ASCTB-TEMP:b-cell,B cell,CT,uterus,ASCTB-TEMP:b-cell
ASCTB-TEMP:t-cell,T cell,CT,uterus,ASCTB-TEMP:t-cell
ASCTB-TEMP:innate-lymphoid-cell,innate lymphoid cell,CT,uterus,ASCTB-TEMP:innate-lymphoid-cell
ASCTB-TEMP:mast-cell,mast cell,CT,uterus,ASCTB-TEMP:mast-cell
CL:0000115$$8181,endothelial cell,CT,uterus,CL:0000115
UBERON:0001297$$8182,serosa of the uterus,AS,uterus,UBERON:0001297
ASCTB-TEMP:connective-tissue-of-the-uterine-serosa$$8183,connective tissue of the uterine serosa,AS,uterus,ASCTB-TEMP:connective-tissue-of-the-uterine-serosa
ASCTB-TEMP:mesothelium-of-the-uterine-serosa$$8184,mesothelium of the uterine serosa,AS,uterus,ASCTB-TEMP:mesothelium-of-the-uterine-serosa
UBERON:0001296$$8185,uterine myometrium,AS,uterus,UBERON:0001296
ASCTB-TEMP:inner-uterine-myometrium$$8186,inner uterine myometrium,AS,uterus,ASCTB-TEMP:inner-uterine-myometrium
ASCTB-TEMP:uterine-smooth-muscle-type-i-cell$$8187,uterine smooth muscle type I cell,CT,uterus,ASCTB-TEMP:uterine-smooth-muscle-type-i-cell
ASCTB-TEMP:outer-uterine-myometrium$$8188,outer uterine myometrium,AS,uterus,ASCTB-TEMP:outer-uterine-myometrium
ASCTB-TEMP:uterine-smooth-muscle-type-ii-cell$$8189,uterine smooth muscle type II cell,CT,uterus,ASCTB-TEMP:uterine-smooth-muscle-type-ii-cell
UBERON:0001295$$8190,endometrium,AS,uterus,UBERON:0001295
UBERON:0022355$$8191,basal layer of endometrium,AS,uterus,UBERON:0022355
ASCTB-TEMP:sox9-epithelial-cell$$8192,SOX9+ epithelial cell,CT,uterus,ASCTB-TEMP:sox9-epithelial-cell
ASCTB-TEMP:ciliated-epithelial-cell$$8193,ciliated epithelial cell,CT,uterus,ASCTB-TEMP:ciliated-epithelial-cell
ASCTB-TEMP:glandular-epithelial-cell$$8194,glandular epithelial cell,CT,uterus,ASCTB-TEMP:glandular-epithelial-cell
ASCTB-TEMP:luminal-epithelial-cell$$8195,luminal epithelial cell,CT,uterus,ASCTB-TEMP:luminal-epithelial-cell
ASCTB-TEMP:stromal-cell$$8196,stromal cell,CT,uterus,ASCTB-TEMP:stromal-cell
ASCTB-TEMP:uterine-smooth-muscle-type-ii-cell$$8197,uterine smooth muscle type II cell,CT,uterus,ASCTB-TEMP:uterine-smooth-muscle-type-ii-cell
ASCTB-TEMP:perivascular-support-cell$$8198,perivascular support cell,CT,uterus,ASCTB-TEMP:perivascular-support-cell
ASCTB-TEMP:macrophage$$8199,macrophage,CT,uterus,ASCTB-TEMP:macrophage
ASCTB-TEMP:lymphocyte$$8200,lymphocyte,CT,uterus,ASCTB-TEMP:lymphocyte
ASCTB-TEMP:uterine-natural-killer-cell$$8201,uterine natural killer cell,CT,uterus,ASCTB-TEMP:uterine-natural-killer-cell
ASCTB-TEMP:uterine-dendritic-cells$$8202,uterine dendritic cells,CT,uterus,ASCTB-TEMP:uterine-dendritic-cells
UBERON:0022356$$8203,outer layer of endometrium,AS,uterus,UBERON:0022356
ASCTB-TEMP:b-cell$$8204,B cell,CT,uterus,ASCTB-TEMP:b-cell
ASCTB-TEMP:t-cell$$8205,T cell,CT,uterus,ASCTB-TEMP:t-cell
ASCTB-TEMP:innate-lymphoid-cell$$8206,innate lymphoid cell,CT,uterus,ASCTB-TEMP:innate-lymphoid-cell
ASCTB-TEMP:mast-cell$$8207,mast cell,CT,uterus,ASCTB-TEMP:mast-cell
CL:0000115$$8208,endothelial cell,CT,uterus,CL:0000115
UBERON:0001297$$8209,serosa of the uterus,AS,uterus,UBERON:0001297
ASCTB-TEMP:connective-tissue-of-the-uterine-serosa$$8210,connective tissue of the uterine serosa,AS,uterus,ASCTB-TEMP:connective-tissue-of-the-uterine-serosa
ASCTB-TEMP:mesothelium-of-the-uterine-serosa$$8211,mesothelium of the uterine serosa,AS,uterus,ASCTB-TEMP:mesothelium-of-the-uterine-serosa
UBERON:0001296$$8212,uterine myometrium,AS,uterus,UBERON:0001296
ASCTB-TEMP:inner-uterine-myometrium$$8213,inner uterine myometrium,AS,uterus,ASCTB-TEMP:inner-uterine-myometrium
ASCTB-TEMP:uterine-smooth-muscle-type-i-cell$$8214,uterine smooth muscle type I cell,CT,uterus,ASCTB-TEMP:uterine-smooth-muscle-type-i-cell
ASCTB-TEMP:outer-uterine-myometrium$$8215,outer uterine myometrium,AS,uterus,ASCTB-TEMP:outer-uterine-myometrium
ASCTB-TEMP:uterine-smooth-muscle-type-ii-cell$$8216,uterine smooth muscle type II cell,CT,uterus,ASCTB-TEMP:uterine-smooth-muscle-type-ii-cell
UBERON:0001295$$8217,endometrium,AS,uterus,UBERON:0001295
UBERON:0022355$$8218,basal layer of endometrium,AS,uterus,UBERON:0022355
ASCTB-TEMP:sox9-epithelial-cell$$8219,SOX9+ epithelial cell,CT,uterus,ASCTB-TEMP:sox9-epithelial-cell
ASCTB-TEMP:ciliated-epithelial-cell$$8220,ciliated epithelial cell,CT,uterus,ASCTB-TEMP:ciliated-epithelial-cell
ASCTB-TEMP:glandular-epithelial-cell$$8221,glandular epithelial cell,CT,uterus,ASCTB-TEMP:glandular-epithelial-cell
ASCTB-TEMP:luminal-epithelial-cell$$8222,luminal epithelial cell,CT,uterus,ASCTB-TEMP:luminal-epithelial-cell
ASCTB-TEMP:stromal-cell$$8223,stromal cell,CT,uterus,ASCTB-TEMP:stromal-cell
ASCTB-TEMP:uterine-smooth-muscle-type-ii-cell$$8224,uterine smooth muscle type II cell,CT,uterus,ASCTB-TEMP:uterine-smooth-muscle-type-ii-cell
ASCTB-TEMP:perivascular-support-cell$$8225,perivascular support cell,CT,uterus,ASCTB-TEMP:perivascular-support-cell
ASCTB-TEMP:macrophage$$8226,macrophage,CT,uterus,ASCTB-TEMP:macrophage
ASCTB-TEMP:lymphocyte$$8227,lymphocyte,CT,uterus,ASCTB-TEMP:lymphocyte
ASCTB-TEMP:uterine-natural-killer-cell$$8228,uterine natural killer cell,CT,uterus,ASCTB-TEMP:uterine-natural-killer-cell
ASCTB-TEMP:uterine-dendritic-cells$$8229,uterine dendritic cells,CT,uterus,ASCTB-TEMP:uterine-dendritic-cells
UBERON:0022356$$8230,outer layer of endometrium,AS,uterus,UBERON:0022356
ASCTB-TEMP:b-cell$$8231,B cell,CT,uterus,ASCTB-TEMP:b-cell
ASCTB-TEMP:t-cell$$8232,T cell,CT,uterus,ASCTB-TEMP:t-cell
ASCTB-TEMP:innate-lymphoid-cell$$8233,innate lymphoid cell,CT,uterus,ASCTB-TEMP:innate-lymphoid-cell
ASCTB-TEMP:mast-cell$$8234,mast cell,CT,uterus,ASCTB-TEMP:mast-cell
CL:0000115$$8235,endothelial cell,CT,uterus,CL:0000115
UBERON:0001297$$8236,serosa of the uterus,AS,uterus,UBERON:0001297
ASCTB-TEMP:connective-tissue-of-the-uterine-serosa$$8237,connective tissue of the uterine serosa,AS,uterus,ASCTB-TEMP:connective-tissue-of-the-uterine-serosa
ASCTB-TEMP:mesothelium-of-the-uterine-serosa$$8238,mesothelium of the uterine serosa,AS,uterus,ASCTB-TEMP:mesothelium-of-the-uterine-serosa
UBERON:0001296$$8239,uterine myometrium,AS,uterus,UBERON:0001296
ASCTB-TEMP:inner-uterine-myometrium$$8240,inner uterine myometrium,AS,uterus,ASCTB-TEMP:inner-uterine-myometrium
ASCTB-TEMP:uterine-smooth-muscle-type-i-cell$$8241,uterine smooth muscle type I cell,CT,uterus,ASCTB-TEMP:uterine-smooth-muscle-type-i-cell
ASCTB-TEMP:outer-uterine-myometrium$$8242,outer uterine myometrium,AS,uterus,ASCTB-TEMP:outer-uterine-myometrium
ASCTB-TEMP:uterine-smooth-muscle-type-ii-cell$$8243,uterine smooth muscle type II cell,CT,uterus,ASCTB-TEMP:uterine-smooth-muscle-type-ii-cell
UBERON:0001295$$8244,endometrium,AS,uterus,UBERON:0001295
UBERON:0022355$$8245,basal layer of endometrium,AS,uterus,UBERON:0022355
ASCTB-TEMP:sox9-epithelial-cell$$8246,SOX9+ epithelial cell,CT,uterus,ASCTB-TEMP:sox9-epithelial-cell
ASCTB-TEMP:ciliated-epithelial-cell$$8247,ciliated epithelial cell,CT,uterus,ASCTB-TEMP:ciliated-epithelial-cell
ASCTB-TEMP:glandular-epithelial-cell$$8248,glandular epithelial cell,CT,uterus,ASCTB-TEMP:glandular-epithelial-cell
ASCTB-TEMP:luminal-epithelial-cell$$8249,luminal epithelial cell,CT,uterus,ASCTB-TEMP:luminal-epithelial-cell
ASCTB-TEMP:stromal-cell$$8250,stromal cell,CT,uterus,ASCTB-TEMP:stromal-cell
ASCTB-TEMP:uterine-smooth-muscle-type-ii-cell$$8251,uterine smooth muscle type II cell,CT,uterus,ASCTB-TEMP:uterine-smooth-muscle-type-ii-cell
ASCTB-TEMP:perivascular-support-cell$$8252,perivascular support cell,CT,uterus,ASCTB-TEMP:perivascular-support-cell
ASCTB-TEMP:macrophage$$8253,macrophage,CT,uterus,ASCTB-TEMP:macrophage
ASCTB-TEMP:lymphocyte$$8254,lymphocyte,CT,uterus,ASCTB-TEMP:lymphocyte
ASCTB-TEMP:uterine-natural-killer-cell$$8255,uterine natural killer cell,CT,uterus,ASCTB-TEMP:uterine-natural-killer-cell
ASCTB-TEMP:uterine-dendritic-cells$$8256,uterine dendritic cells,CT,uterus,ASCTB-TEMP:uterine-dendritic-cells
UBERON:0022356$$8257,outer layer of endometrium,AS,uterus,UBERON:0022356
ASCTB-TEMP:b-cell$$8258,B cell,CT,uterus,ASCTB-TEMP:b-cell
ASCTB-TEMP:t-cell$$8259,T cell,CT,uterus,ASCTB-TEMP:t-cell
ASCTB-TEMP:innate-lymphoid-cell$$8260,innate lymphoid cell,CT,uterus,ASCTB-TEMP:innate-lymphoid-cell
ASCTB-TEMP:mast-cell$$8261,mast cell,CT,uterus,ASCTB-TEMP:mast-cell
CL:0000115$$8262,endothelial cell,CT,uterus,CL:0000115
UBERON:0001297$$8263,serosa of the uterus,AS,uterus,UBERON:0001297
ASCTB-TEMP:connective-tissue-of-the-uterine-serosa$$8264,connective tissue of the uterine serosa,AS,uterus,ASCTB-TEMP:connective-tissue-of-the-uterine-serosa
ASCTB-TEMP:mesothelium-of-the-uterine-serosa$$8265,mesothelium of the uterine serosa,AS,uterus,ASCTB-TEMP:mesothelium-of-the-uterine-serosa
UBERON:0001296$$8266,uterine myometrium,AS,uterus,UBERON:0001296
ASCTB-TEMP:inner-uterine-myometrium$$8267,inner uterine myometrium,AS,uterus,ASCTB-TEMP:inner-uterine-myometrium
ASCTB-TEMP:uterine-smooth-muscle-type-i-cell$$8268,uterine smooth muscle type I cell,CT,uterus,ASCTB-TEMP:uterine-smooth-muscle-type-i-cell
ASCTB-TEMP:outer-uterine-myometrium$$8269,outer uterine myometrium,AS,uterus,ASCTB-TEMP:outer-uterine-myometrium
ASCTB-TEMP:uterine-smooth-muscle-type-ii-cell$$8270,uterine smooth muscle type II cell,CT,uterus,ASCTB-TEMP:uterine-smooth-muscle-type-ii-cell
UBERON:0001295$$8271,endometrium,AS,uterus,UBERON:0001295
UBERON:0022355$$8272,basal layer of endometrium,AS,uterus,UBERON:0022355
ASCTB-TEMP:sox9-epithelial-cell$$8273,SOX9+ epithelial cell,CT,uterus,ASCTB-TEMP:sox9-epithelial-cell
ASCTB-TEMP:ciliated-epithelial-cell$$8274,ciliated epithelial cell,CT,uterus,ASCTB-TEMP:ciliated-epithelial-cell
ASCTB-TEMP:glandular-epithelial-cell$$8275,glandular epithelial cell,CT,uterus,ASCTB-TEMP:glandular-epithelial-cell
ASCTB-TEMP:luminal-epithelial-cell$$8276,luminal epithelial cell,CT,uterus,ASCTB-TEMP:luminal-epithelial-cell
ASCTB-TEMP:stromal-cell$$8277,stromal cell,CT,uterus,ASCTB-TEMP:stromal-cell
ASCTB-TEMP:uterine-smooth-muscle-type-ii-cell$$8278,uterine smooth muscle type II cell,CT,uterus,ASCTB-TEMP:uterine-smooth-muscle-type-ii-cell
ASCTB-TEMP:perivascular-support-cell$$8279,perivascular support cell,CT,uterus,ASCTB-TEMP:perivascular-support-cell
ASCTB-TEMP:macrophage$$8280,macrophage,CT,uterus,ASCTB-TEMP:macrophage
ASCTB-TEMP:lymphocyte$$8281,lymphocyte,CT,uterus,ASCTB-TEMP:lymphocyte
ASCTB-TEMP:uterine-natural-killer-cell$$8282,uterine natural killer cell,CT,uterus,ASCTB-TEMP:uterine-natural-killer-cell
ASCTB-TEMP:uterine-dendritic-cells$$8283,uterine dendritic cells,CT,uterus,ASCTB-TEMP:uterine-dendritic-cells
UBERON:0022356$$8284,outer layer of endometrium,AS,uterus,UBERON:0022356
ASCTB-TEMP:b-cell$$8285,B cell,CT,uterus,ASCTB-TEMP:b-cell
ASCTB-TEMP:t-cell$$8286,T cell,CT,uterus,ASCTB-TEMP:t-cell
ASCTB-TEMP:innate-lymphoid-cell$$8287,innate lymphoid cell,CT,uterus,ASCTB-TEMP:innate-lymphoid-cell
ASCTB-TEMP:mast-cell$$8288,mast cell,CT,uterus,ASCTB-TEMP:mast-cell
CL:0000115$$8289,endothelial cell,CT,uterus,CL:0000115
UBERON:0001297$$8290,serosa of the uterus,AS,uterus,UBERON:0001297
ASCTB-TEMP:connective-tissue-of-the-uterine-serosa$$8291,connective tissue of the uterine serosa,AS,uterus,ASCTB-TEMP:connective-tissue-of-the-uterine-serosa
ASCTB-TEMP:mesothelium-of-the-uterine-serosa$$8292,mesothelium of the uterine serosa,AS,uterus,ASCTB-TEMP:mesothelium-of-the-uterine-serosa
UBERON:0001296$$8293,uterine myometrium,AS,uterus,UBERON:0001296
ASCTB-TEMP:inner-uterine-myometrium$$8294,inner uterine myometrium,AS,uterus,ASCTB-TEMP:inner-uterine-myometrium
ASCTB-TEMP:uterine-smooth-muscle-type-i-cell$$8295,uterine smooth muscle type I cell,CT,uterus,ASCTB-TEMP:uterine-smooth-muscle-type-i-cell
ASCTB-TEMP:outer-uterine-myometrium$$8296,outer uterine myometrium,AS,uterus,ASCTB-TEMP:outer-uterine-myometrium
ASCTB-TEMP:uterine-smooth-muscle-type-ii-cell$$8297,uterine smooth muscle type II cell,CT,uterus,ASCTB-TEMP:uterine-smooth-muscle-type-ii-cell
UBERON:0001295$$8298,endometrium,AS,uterus,UBERON:0001295
UBERON:0022355$$8299,basal layer of endometrium,AS,uterus,UBERON:0022355
ASCTB-TEMP:sox9-epithelial-cell$$8300,SOX9+ epithelial cell,CT,uterus,ASCTB-TEMP:sox9-epithelial-cell
ASCTB-TEMP:ciliated-epithelial-cell$$8301,ciliated epithelial cell,CT,uterus,ASCTB-TEMP:ciliated-epithelial-cell
ASCTB-TEMP:glandular-epithelial-cell$$8302,glandular epithelial cell,CT,uterus,ASCTB-TEMP:glandular-epithelial-cell
ASCTB-TEMP:luminal-epithelial-cell$$8303,luminal epithelial cell,CT,uterus,ASCTB-TEMP:luminal-epithelial-cell
ASCTB-TEMP:stromal-cell$$8304,stromal cell,CT,uterus,ASCTB-TEMP:stromal-cell
ASCTB-TEMP:uterine-smooth-muscle-type-ii-cell$$8305,uterine smooth muscle type II cell,CT,uterus,ASCTB-TEMP:uterine-smooth-muscle-type-ii-cell
ASCTB-TEMP:perivascular-support-cell$$8306,perivascular support cell,CT,uterus,ASCTB-TEMP:perivascular-support-cell
ASCTB-TEMP:macrophage$$8307,macrophage,CT,uterus,ASCTB-TEMP:macrophage
ASCTB-TEMP:lymphocyte$$8308,lymphocyte,CT,uterus,ASCTB-TEMP:lymphocyte
ASCTB-TEMP:uterine-natural-killer-cell$$8309,uterine natural killer cell,CT,uterus,ASCTB-TEMP:uterine-natural-killer-cell
ASCTB-TEMP:uterine-dendritic-cells$$8310,uterine dendritic cells,CT,uterus,ASCTB-TEMP:uterine-dendritic-cells
UBERON:0022356$$8311,outer layer of endometrium,AS,uterus,UBERON:0022356
ASCTB-TEMP:b-cell$$8312,B cell,CT,uterus,ASCTB-TEMP:b-cell
ASCTB-TEMP:t-cell$$8313,T cell,CT,uterus,ASCTB-TEMP:t-cell
ASCTB-TEMP:innate-lymphoid-cell$$8314,innate lymphoid cell,CT,uterus,ASCTB-TEMP:innate-lymphoid-cell
ASCTB-TEMP:mast-cell$$8315,mast cell,CT,uterus,ASCTB-TEMP:mast-cell
CL:0000115$$8316,endothelial cell,CT,uterus,CL:0000115
UBERON:0001297$$8317,serosa of the uterus,AS,uterus,UBERON:0001297
ASCTB-TEMP:connective-tissue-of-the-uterine-serosa$$8318,connective tissue of the uterine serosa,AS,uterus,ASCTB-TEMP:connective-tissue-of-the-uterine-serosa
ASCTB-TEMP:mesothelium-of-the-uterine-serosa$$8319,mesothelium of the uterine serosa,AS,uterus,ASCTB-TEMP:mesothelium-of-the-uterine-serosa
UBERON:0001296$$8320,uterine myometrium,AS,uterus,UBERON:0001296
ASCTB-TEMP:inner-uterine-myometrium$$8321,inner uterine myometrium,AS,uterus,ASCTB-TEMP:inner-uterine-myometrium
ASCTB-TEMP:uterine-smooth-muscle-type-i-cell$$8322,uterine smooth muscle type I cell,CT,uterus,ASCTB-TEMP:uterine-smooth-muscle-type-i-cell
ASCTB-TEMP:outer-uterine-myometrium$$8323,outer uterine myometrium,AS,uterus,ASCTB-TEMP:outer-uterine-myometrium
ASCTB-TEMP:uterine-smooth-muscle-type-ii-cell$$8324,uterine smooth muscle type II cell,CT,uterus,ASCTB-TEMP:uterine-smooth-muscle-type-ii-cell
UBERON:0001295$$8325,endometrium,AS,uterus,UBERON:0001295
UBERON:0022355$$8326,basal layer of endometrium,AS,uterus,UBERON:0022355
ASCTB-TEMP:sox9-epithelial-cell$$8327,SOX9+ epithelial cell,CT,uterus,ASCTB-TEMP:sox9-epithelial-cell
ASCTB-TEMP:ciliated-epithelial-cell$$8328,ciliated epithelial cell,CT,uterus,ASCTB-TEMP:ciliated-epithelial-cell
ASCTB-TEMP:glandular-epithelial-cell$$8329,glandular epithelial cell,CT,uterus,ASCTB-TEMP:glandular-epithelial-cell
ASCTB-TEMP:luminal-epithelial-cell$$8330,luminal epithelial cell,CT,uterus,ASCTB-TEMP:luminal-epithelial-cell
ASCTB-TEMP:stromal-cell$$8331,stromal cell,CT,uterus,ASCTB-TEMP:stromal-cell
ASCTB-TEMP:uterine-smooth-muscle-type-ii-cell$$8332,uterine smooth muscle type II cell,CT,uterus,ASCTB-TEMP:uterine-smooth-muscle-type-ii-cell
ASCTB-TEMP:perivascular-support-cell$$8333,perivascular support cell,CT,uterus,ASCTB-TEMP:perivascular-support-cell
ASCTB-TEMP:macrophage$$8334,macrophage,CT,uterus,ASCTB-TEMP:macrophage
ASCTB-TEMP:lymphocyte$$8335,lymphocyte,CT,uterus,ASCTB-TEMP:lymphocyte
ASCTB-TEMP:uterine-natural-killer-cell$$8336,uterine natural killer cell,CT,uterus,ASCTB-TEMP:uterine-natural-killer-cell
ASCTB-TEMP:uterine-dendritic-cells$$8337,uterine dendritic cells,CT,uterus,ASCTB-TEMP:uterine-dendritic-cells
UBERON:0022356$$8338,outer layer of endometrium,AS,uterus,UBERON:0022356
ASCTB-TEMP:b-cell$$8339,B cell,CT,uterus,ASCTB-TEMP:b-cell
ASCTB-TEMP:t-cell$$8340,T cell,CT,uterus,ASCTB-TEMP:t-cell
ASCTB-TEMP:innate-lymphoid-cell$$8341,innate lymphoid cell,CT,uterus,ASCTB-TEMP:innate-lymphoid-cell
ASCTB-TEMP:mast-cell$$8342,mast cell,CT,uterus,ASCTB-TEMP:mast-cell
CL:0000115$$8343,endothelial cell,CT,uterus,CL:0000115
UBERON:0001297$$8344,serosa of the uterus,AS,uterus,UBERON:0001297
ASCTB-TEMP:connective-tissue-of-the-uterine-serosa$$8345,connective tissue of the uterine serosa,AS,uterus,ASCTB-TEMP:connective-tissue-of-the-uterine-serosa
ASCTB-TEMP:mesothelium-of-the-uterine-serosa$$8346,mesothelium of the uterine serosa,AS,uterus,ASCTB-TEMP:mesothelium-of-the-uterine-serosa
UBERON:0001296$$8347,uterine myometrium,AS,uterus,UBERON:0001296
ASCTB-TEMP:inner-uterine-myometrium$$8348,inner uterine myometrium,AS,uterus,ASCTB-TEMP:inner-uterine-myometrium
ASCTB-TEMP:uterine-smooth-muscle-type-i-cell$$8349,uterine smooth muscle type I cell,CT,uterus,ASCTB-TEMP:uterine-smooth-muscle-type-i-cell
ASCTB-TEMP:outer-uterine-myometrium$$8350,outer uterine myometrium,AS,uterus,ASCTB-TEMP:outer-uterine-myometrium
ASCTB-TEMP:uterine-smooth-muscle-type-ii-cell$$8351,uterine smooth muscle type II cell,CT,uterus,ASCTB-TEMP:uterine-smooth-muscle-type-ii-cell
UBERON:0001295$$8352,endometrium,AS,uterus,UBERON:0001295
UBERON:0022355$$8353,basal layer of endometrium,AS,uterus,UBERON:0022355
ASCTB-TEMP:sox9-epithelial-cell$$8354,SOX9+ epithelial cell,CT,uterus,ASCTB-TEMP:sox9-epithelial-cell
ASCTB-TEMP:ciliated-epithelial-cell$$8355,ciliated epithelial cell,CT,uterus,ASCTB-TEMP:ciliated-epithelial-cell
ASCTB-TEMP:glandular-epithelial-cell$$8356,glandular epithelial cell,CT,uterus,ASCTB-TEMP:glandular-epithelial-cell
ASCTB-TEMP:luminal-epithelial-cell$$8357,luminal epithelial cell,CT,uterus,ASCTB-TEMP:luminal-epithelial-cell
ASCTB-TEMP:stromal-cell$$8358,stromal cell,CT,uterus,ASCTB-TEMP:stromal-cell
ASCTB-TEMP:uterine-smooth-muscle-type-ii-cell$$8359,uterine smooth muscle type II cell,CT,uterus,ASCTB-TEMP:uterine-smooth-muscle-type-ii-cell
ASCTB-TEMP:perivascular-support-cell$$8360,perivascular support cell,CT,uterus,ASCTB-TEMP:perivascular-support-cell
ASCTB-TEMP:macrophage$$8361,macrophage,CT,uterus,ASCTB-TEMP:macrophage
ASCTB-TEMP:lymphocyte$$8362,lymphocyte,CT,uterus,ASCTB-TEMP:lymphocyte
ASCTB-TEMP:uterine-natural-killer-cell$$8363,uterine natural killer cell,CT,uterus,ASCTB-TEMP:uterine-natural-killer-cell
ASCTB-TEMP:uterine-dendritic-cells$$8364,uterine dendritic cells,CT,uterus,ASCTB-TEMP:uterine-dendritic-cells
UBERON:0022356$$8365,outer layer of endometrium,AS,uterus,UBERON:0022356
ASCTB-TEMP:b-cell$$8366,B cell,CT,uterus,ASCTB-TEMP:b-cell
ASCTB-TEMP:t-cell$$8367,T cell,CT,uterus,ASCTB-TEMP:t-cell
ASCTB-TEMP:innate-lymphoid-cell$$8368,innate lymphoid cell,CT,uterus,ASCTB-TEMP:innate-lymphoid-cell
ASCTB-TEMP:mast-cell$$8369,mast cell,CT,uterus,ASCTB-TEMP:mast-cell
CL:0000115$$8370,endothelial cell,CT,uterus,CL:0000115
UBERON:0001297$$8371,serosa of the uterus,AS,uterus,UBERON:0001297
ASCTB-TEMP:connective-tissue-of-the-uterine-serosa$$8372,connective tissue of the uterine serosa,AS,uterus,ASCTB-TEMP:connective-tissue-of-the-uterine-serosa
ASCTB-TEMP:mesothelium-of-the-uterine-serosa$$8373,mesothelium of the uterine serosa,AS,uterus,ASCTB-TEMP:mesothelium-of-the-uterine-serosa
UBERON:0001296$$8374,uterine myometrium,AS,uterus,UBERON:0001296
ASCTB-TEMP:inner-uterine-myometrium$$8375,inner uterine myometrium,AS,uterus,ASCTB-TEMP:inner-uterine-myometrium
ASCTB-TEMP:uterine-smooth-muscle-type-i-cell$$8376,uterine smooth muscle type I cell,CT,uterus,ASCTB-TEMP:uterine-smooth-muscle-type-i-cell
ASCTB-TEMP:outer-uterine-myometrium$$8377,outer uterine myometrium,AS,uterus,ASCTB-TEMP:outer-uterine-myometrium
ASCTB-TEMP:uterine-smooth-muscle-type-ii-cell$$8378,uterine smooth muscle type II cell,CT,uterus,ASCTB-TEMP:uterine-smooth-muscle-type-ii-cell
UBERON:0001295$$8379,endometrium,AS,uterus,UBERON:0001295
UBERON:0022355$$8380,basal layer of endometrium,AS,uterus,UBERON:0022355
ASCTB-TEMP:sox9-epithelial-cell$$8381,SOX9+ epithelial cell,CT,uterus,ASCTB-TEMP:sox9-epithelial-cell
ASCTB-TEMP:ciliated-epithelial-cell$$8382,ciliated epithelial cell,CT,uterus,ASCTB-TEMP:ciliated-epithelial-cell
ASCTB-TEMP:glandular-epithelial-cell$$8383,glandular epithelial cell,CT,uterus,ASCTB-TEMP:glandular-epithelial-cell
ASCTB-TEMP:luminal-epithelial-cell$$8384,luminal epithelial cell,CT,uterus,ASCTB-TEMP:luminal-epithelial-cell
ASCTB-TEMP:stromal-cell$$8385,stromal cell,CT,uterus,ASCTB-TEMP:stromal-cell
ASCTB-TEMP:uterine-smooth-muscle-type-ii-cell$$8386,uterine smooth muscle type II cell,CT,uterus,ASCTB-TEMP:uterine-smooth-muscle-type-ii-cell
ASCTB-TEMP:perivascular-support-cell$$8387,perivascular support cell,CT,uterus,ASCTB-TEMP:perivascular-support-cell
ASCTB-TEMP:macrophage$$8388,macrophage,CT,uterus,ASCTB-TEMP:macrophage
ASCTB-TEMP:lymphocyte$$8389,lymphocyte,CT,uterus,ASCTB-TEMP:lymphocyte
ASCTB-TEMP:uterine-natural-killer-cell$$8390,uterine natural killer cell,CT,uterus,ASCTB-TEMP:uterine-natural-killer-cell
ASCTB-TEMP:uterine-dendritic-cells$$8391,uterine dendritic cells,CT,uterus,ASCTB-TEMP:uterine-dendritic-cells
UBERON:0022356$$8392,outer layer of endometrium,AS,uterus,UBERON:0022356
ASCTB-TEMP:b-cell$$8393,B cell,CT,uterus,ASCTB-TEMP:b-cell
ASCTB-TEMP:t-cell$$8394,T cell,CT,uterus,ASCTB-TEMP:t-cell
ASCTB-TEMP:innate-lymphoid-cell$$8395,innate lymphoid cell,CT,uterus,ASCTB-TEMP:innate-lymphoid-cell
ASCTB-TEMP:mast-cell$$8396,mast cell,CT,uterus,ASCTB-TEMP:mast-cell
CL:0000115$$8397,endothelial cell,CT,uterus,CL:0000115
UBERON:0001297$$8398,serosa of the uterus,AS,uterus,UBERON:0001297
ASCTB-TEMP:connective-tissue-of-the-uterine-serosa$$8399,connective tissue of the uterine serosa,AS,uterus,ASCTB-TEMP:connective-tissue-of-the-uterine-serosa
ASCTB-TEMP:mesothelium-of-the-uterine-serosa$$8400,mesothelium of the uterine serosa,AS,uterus,ASCTB-TEMP:mesothelium-of-the-uterine-serosa
UBERON:0001296$$8401,uterine myometrium,AS,uterus,UBERON:0001296
ASCTB-TEMP:inner-uterine-myometrium$$8402,inner uterine myometrium,AS,uterus,ASCTB-TEMP:inner-uterine-myometrium
ASCTB-TEMP:uterine-smooth-muscle-type-i-cell$$8403,uterine smooth muscle type I cell,CT,uterus,ASCTB-TEMP:uterine-smooth-muscle-type-i-cell
ASCTB-TEMP:outer-uterine-myometrium$$8404,outer uterine myometrium,AS,uterus,ASCTB-TEMP:outer-uterine-myometrium
ASCTB-TEMP:uterine-smooth-muscle-type-ii-cell$$8405,uterine smooth muscle type II cell,CT,uterus,ASCTB-TEMP:uterine-smooth-muscle-type-ii-cell
UBERON:0001295$$8406,endometrium,AS,uterus,UBERON:0001295
UBERON:0022355$$8407,basal layer of endometrium,AS,uterus,UBERON:0022355
ASCTB-TEMP:sox9-epithelial-cell$$8408,SOX9+ epithelial cell,CT,uterus,ASCTB-TEMP:sox9-epithelial-cell
ASCTB-TEMP:ciliated-epithelial-cell$$8409,ciliated epithelial cell,CT,uterus,ASCTB-TEMP:ciliated-epithelial-cell
ASCTB-TEMP:glandular-epithelial-cell$$8410,glandular epithelial cell,CT,uterus,ASCTB-TEMP:glandular-epithelial-cell
ASCTB-TEMP:luminal-epithelial-cell$$8411,luminal epithelial cell,CT,uterus,ASCTB-TEMP:luminal-epithelial-cell
ASCTB-TEMP:stromal-cell$$8412,stromal cell,CT,uterus,ASCTB-TEMP:stromal-cell
ASCTB-TEMP:uterine-smooth-muscle-type-ii-cell$$8413,uterine smooth muscle type II cell,CT,uterus,ASCTB-TEMP:uterine-smooth-muscle-type-ii-cell
ASCTB-TEMP:perivascular-support-cell$$8414,perivascular support cell,CT,uterus,ASCTB-TEMP:perivascular-support-cell
ASCTB-TEMP:macrophage$$8415,macrophage,CT,uterus,ASCTB-TEMP:macrophage
ASCTB-TEMP:lymphocyte$$8416,lymphocyte,CT,uterus,ASCTB-TEMP:lymphocyte
ASCTB-TEMP:uterine-natural-killer-cell$$8417,uterine natural killer cell,CT,uterus,ASCTB-TEMP:uterine-natural-killer-cell
ASCTB-TEMP:uterine-dendritic-cells$$8418,uterine dendritic cells,CT,uterus,ASCTB-TEMP:uterine-dendritic-cells
UBERON:0022356$$8419,outer layer of endometrium,AS,uterus,UBERON:0022356
ASCTB-TEMP:b-cell$$8420,B cell,CT,uterus,ASCTB-TEMP:b-cell
ASCTB-TEMP:t-cell$$8421,T cell,CT,uterus,ASCTB-TEMP:t-cell
ASCTB-TEMP:innate-lymphoid-cell$$8422,innate lymphoid cell,CT,uterus,ASCTB-TEMP:innate-lymphoid-cell
ASCTB-TEMP:mast-cell$$8423,mast cell,CT,uterus,ASCTB-TEMP:mast-cell
CL:0000115$$8424,endothelial cell,CT,uterus,CL:0000115
UBERON:0001297$$8425,serosa of the uterus,AS,uterus,UBERON:0001297
ASCTB-TEMP:connective-tissue-of-the-uterine-serosa$$8426,connective tissue of the uterine serosa,AS,uterus,ASCTB-TEMP:connective-tissue-of-the-uterine-serosa
ASCTB-TEMP:mesothelium-of-the-uterine-serosa$$8427,mesothelium of the uterine serosa,AS,uterus,ASCTB-TEMP:mesothelium-of-the-uterine-serosa
UBERON:0001296$$8428,uterine myometrium,AS,uterus,UBERON:0001296
ASCTB-TEMP:inner-uterine-myometrium$$8429,inner uterine myometrium,AS,uterus,ASCTB-TEMP:inner-uterine-myometrium
ASCTB-TEMP:uterine-smooth-muscle-type-i-cell$$8430,uterine smooth muscle type I cell,CT,uterus,ASCTB-TEMP:uterine-smooth-muscle-type-i-cell
ASCTB-TEMP:outer-uterine-myometrium$$8431,outer uterine myometrium,AS,uterus,ASCTB-TEMP:outer-uterine-myometrium
ASCTB-TEMP:uterine-smooth-muscle-type-ii-cell$$8432,uterine smooth muscle type II cell,CT,uterus,ASCTB-TEMP:uterine-smooth-muscle-type-ii-cell
UBERON:0001295$$8433,endometrium,AS,uterus,UBERON:0001295
UBERON:0022355$$8434,basal layer of endometrium,AS,uterus,UBERON:0022355
ASCTB-TEMP:sox9-epithelial-cell$$8435,SOX9+ epithelial cell,CT,uterus,ASCTB-TEMP:sox9-epithelial-cell
ASCTB-TEMP:ciliated-epithelial-cell$$8436,ciliated epithelial cell,CT,uterus,ASCTB-TEMP:ciliated-epithelial-cell
ASCTB-TEMP:glandular-epithelial-cell$$8437,glandular epithelial cell,CT,uterus,ASCTB-TEMP:glandular-epithelial-cell
ASCTB-TEMP:luminal-epithelial-cell$$8438,luminal epithelial cell,CT,uterus,ASCTB-TEMP:luminal-epithelial-cell
ASCTB-TEMP:stromal-cell$$8439,stromal cell,CT,uterus,ASCTB-TEMP:stromal-cell
ASCTB-TEMP:uterine-smooth-muscle-type-ii-cell$$8440,uterine smooth muscle type II cell,CT,uterus,ASCTB-TEMP:uterine-smooth-muscle-type-ii-cell
ASCTB-TEMP:perivascular-support-cell$$8441,perivascular support cell,CT,uterus,ASCTB-TEMP:perivascular-support-cell
ASCTB-TEMP:macrophage$$8442,macrophage,CT,uterus,ASCTB-TEMP:macrophage
ASCTB-TEMP:lymphocyte$$8443,lymphocyte,CT,uterus,ASCTB-TEMP:lymphocyte
ASCTB-TEMP:uterine-natural-killer-cell$$8444,uterine natural killer cell,CT,uterus,ASCTB-TEMP:uterine-natural-killer-cell
ASCTB-TEMP:uterine-dendritic-cells$$8445,uterine dendritic cells,CT,uterus,ASCTB-TEMP:uterine-dendritic-cells
UBERON:0022356$$8446,outer layer of endometrium,AS,uterus,UBERON:0022356
ASCTB-TEMP:b-cell$$8447,B cell,CT,uterus,ASCTB-TEMP:b-cell
ASCTB-TEMP:t-cell$$8448,T cell,CT,uterus,ASCTB-TEMP:t-cell
ASCTB-TEMP:innate-lymphoid-cell$$8449,innate lymphoid cell,CT,uterus,ASCTB-TEMP:innate-lymphoid-cell
ASCTB-TEMP:mast-cell$$8450,mast cell,CT,uterus,ASCTB-TEMP:mast-cell
CL:0000115$$8451,endothelial cell,CT,uterus,CL:0000115
UBERON:0001297$$8452,serosa of the uterus,AS,uterus,UBERON:0001297
ASCTB-TEMP:connective-tissue-of-the-uterine-serosa$$8453,connective tissue of the uterine serosa,AS,uterus,ASCTB-TEMP:connective-tissue-of-the-uterine-serosa
ASCTB-TEMP:mesothelium-of-the-uterine-serosa$$8454,mesothelium of the uterine serosa,AS,uterus,ASCTB-TEMP:mesothelium-of-the-uterine-serosa
UBERON:0001296$$8455,uterine myometrium,AS,uterus,UBERON:0001296
ASCTB-TEMP:inner-uterine-myometrium$$8456,inner uterine myometrium,AS,uterus,ASCTB-TEMP:inner-uterine-myometrium
ASCTB-TEMP:uterine-smooth-muscle-type-i-cell$$8457,uterine smooth muscle type I cell,CT,uterus,ASCTB-TEMP:uterine-smooth-muscle-type-i-cell
ASCTB-TEMP:outer-uterine-myometrium$$8458,outer uterine myometrium,AS,uterus,ASCTB-TEMP:outer-uterine-myometrium
ASCTB-TEMP:uterine-smooth-muscle-type-ii-cell$$8459,uterine smooth muscle type II cell,CT,uterus,ASCTB-TEMP:uterine-smooth-muscle-type-ii-cell
UBERON:0001295$$8460,endometrium,AS,uterus,UBERON:0001295
UBERON:0022355$$8461,basal layer of endometrium,AS,uterus,UBERON:0022355
ASCTB-TEMP:sox9-epithelial-cell$$8462,SOX9+ epithelial cell,CT,uterus,ASCTB-TEMP:sox9-epithelial-cell
ASCTB-TEMP:ciliated-epithelial-cell$$8463,ciliated epithelial cell,CT,uterus,ASCTB-TEMP:ciliated-epithelial-cell
ASCTB-TEMP:glandular-epithelial-cell$$8464,glandular epithelial cell,CT,uterus,ASCTB-TEMP:glandular-epithelial-cell
ASCTB-TEMP:luminal-epithelial-cell$$8465,luminal epithelial cell,CT,uterus,ASCTB-TEMP:luminal-epithelial-cell
ASCTB-TEMP:stromal-cell$$8466,stromal cell,CT,uterus,ASCTB-TEMP:stromal-cell
ASCTB-TEMP:uterine-smooth-muscle-type-ii-cell$$8467,uterine smooth muscle type II cell,CT,uterus,ASCTB-TEMP:uterine-smooth-muscle-type-ii-cell
ASCTB-TEMP:perivascular-support-cell$$8468,perivascular support cell,CT,uterus,ASCTB-TEMP:perivascular-support-cell
ASCTB-TEMP:macrophage$$8469,macrophage,CT,uterus,ASCTB-TEMP:macrophage
ASCTB-TEMP:lymphocyte$$8470,lymphocyte,CT,uterus,ASCTB-TEMP:lymphocyte
ASCTB-TEMP:uterine-natural-killer-cell$$8471,uterine natural killer cell,CT,uterus,ASCTB-TEMP:uterine-natural-killer-cell
ASCTB-TEMP:uterine-dendritic-cells$$8472,uterine dendritic cells,CT,uterus,ASCTB-TEMP:uterine-dendritic-cells
UBERON:0022356$$8473,outer layer of endometrium,AS,uterus,UBERON:0022356
ASCTB-TEMP:b-cell$$8474,B cell,CT,uterus,ASCTB-TEMP:b-cell
ASCTB-TEMP:t-cell$$8475,T cell,CT,uterus,ASCTB-TEMP:t-cell
ASCTB-TEMP:innate-lymphoid-cell$$8476,innate lymphoid cell,CT,uterus,ASCTB-TEMP:innate-lymphoid-cell
ASCTB-TEMP:mast-cell$$8477,mast cell,CT,uterus,ASCTB-TEMP:mast-cell
CL:0000115$$8478,endothelial cell,CT,uterus,CL:0000115
UBERON:0001297$$8479,serosa of the uterus,AS,uterus,UBERON:0001297
ASCTB-TEMP:connective-tissue-of-the-uterine-serosa$$8480,connective tissue of the uterine serosa,AS,uterus,ASCTB-TEMP:connective-tissue-of-the-uterine-serosa
ASCTB-TEMP:mesothelium-of-the-uterine-serosa$$8481,mesothelium of the uterine serosa,AS,uterus,ASCTB-TEMP:mesothelium-of-the-uterine-serosa
UBERON:0001296$$8482,uterine myometrium,AS,uterus,UBERON:0001296
ASCTB-TEMP:inner-uterine-myometrium$$8483,inner uterine myometrium,AS,uterus,ASCTB-TEMP:inner-uterine-myometrium
ASCTB-TEMP:uterine-smooth-muscle-type-i-cell$$8484,uterine smooth muscle type I cell,CT,uterus,ASCTB-TEMP:uterine-smooth-muscle-type-i-cell
ASCTB-TEMP:outer-uterine-myometrium$$8485,outer uterine myometrium,AS,uterus,ASCTB-TEMP:outer-uterine-myometrium
ASCTB-TEMP:uterine-smooth-muscle-type-ii-cell$$8486,uterine smooth muscle type II cell,CT,uterus,ASCTB-TEMP:uterine-smooth-muscle-type-ii-cell
UBERON:0001295$$8487,endometrium,AS,uterus,UBERON:0001295
UBERON:0022355$$8488,basal layer of endometrium,AS,uterus,UBERON:0022355
ASCTB-TEMP:sox9-epithelial-cell$$8489,SOX9+ epithelial cell,CT,uterus,ASCTB-TEMP:sox9-epithelial-cell
ASCTB-TEMP:ciliated-epithelial-cell$$8490,ciliated epithelial cell,CT,uterus,ASCTB-TEMP:ciliated-epithelial-cell
ASCTB-TEMP:glandular-epithelial-cell$$8491,glandular epithelial cell,CT,uterus,ASCTB-TEMP:glandular-epithelial-cell
ASCTB-TEMP:luminal-epithelial-cell$$8492,luminal epithelial cell,CT,uterus,ASCTB-TEMP:luminal-epithelial-cell
ASCTB-TEMP:stromal-cell$$8493,stromal cell,CT,uterus,ASCTB-TEMP:stromal-cell
ASCTB-TEMP:uterine-smooth-muscle-type-ii-cell$$8494,uterine smooth muscle type II cell,CT,uterus,ASCTB-TEMP:uterine-smooth-muscle-type-ii-cell
ASCTB-TEMP:perivascular-support-cell$$8495,perivascular support cell,CT,uterus,ASCTB-TEMP:perivascular-support-cell
ASCTB-TEMP:macrophage$$8496,macrophage,CT,uterus,ASCTB-TEMP:macrophage
ASCTB-TEMP:lymphocyte$$8497,lymphocyte,CT,uterus,ASCTB-TEMP:lymphocyte
ASCTB-TEMP:uterine-natural-killer-cell$$8498,uterine natural killer cell,CT,uterus,ASCTB-TEMP:uterine-natural-killer-cell
ASCTB-TEMP:uterine-dendritic-cells$$8499,uterine dendritic cells,CT,uterus,ASCTB-TEMP:uterine-dendritic-cells
UBERON:0022356$$8500,outer layer of endometrium,AS,uterus,UBERON:0022356
ASCTB-TEMP:b-cell$$8501,B cell,CT,uterus,ASCTB-TEMP:b-cell
ASCTB-TEMP:t-cell$$8502,T cell,CT,uterus,ASCTB-TEMP:t-cell
ASCTB-TEMP:innate-lymphoid-cell$$8503,innate lymphoid cell,CT,uterus,ASCTB-TEMP:innate-lymphoid-cell
ASCTB-TEMP:mast-cell$$8504,mast cell,CT,uterus,ASCTB-TEMP:mast-cell
CL:0000115$$8505,endothelial cell,CT,uterus,CL:0000115
UBERON:0001297$$8506,serosa of the uterus,AS,uterus,UBERON:0001297
ASCTB-TEMP:connective-tissue-of-the-uterine-serosa$$8507,connective tissue of the uterine serosa,AS,uterus,ASCTB-TEMP:connective-tissue-of-the-uterine-serosa
ASCTB-TEMP:mesothelium-of-the-uterine-serosa$$8508,mesothelium of the uterine serosa,AS,uterus,ASCTB-TEMP:mesothelium-of-the-uterine-serosa
UBERON:0001296$$8509,uterine myometrium,AS,uterus,UBERON:0001296
ASCTB-TEMP:inner-uterine-myometrium$$8510,inner uterine myometrium,AS,uterus,ASCTB-TEMP:inner-uterine-myometrium
ASCTB-TEMP:uterine-smooth-muscle-type-i-cell$$8511,uterine smooth muscle type I cell,CT,uterus,ASCTB-TEMP:uterine-smooth-muscle-type-i-cell
ASCTB-TEMP:outer-uterine-myometrium$$8512,outer uterine myometrium,AS,uterus,ASCTB-TEMP:outer-uterine-myometrium
ASCTB-TEMP:uterine-smooth-muscle-type-ii-cell$$8513,uterine smooth muscle type II cell,CT,uterus,ASCTB-TEMP:uterine-smooth-muscle-type-ii-cell
UBERON:0001295$$8514,endometrium,AS,uterus,UBERON:0001295
UBERON:0022355$$8515,basal layer of endometrium,AS,uterus,UBERON:0022355
ASCTB-TEMP:sox9-epithelial-cell$$8516,SOX9+ epithelial cell,CT,uterus,ASCTB-TEMP:sox9-epithelial-cell
ASCTB-TEMP:ciliated-epithelial-cell$$8517,ciliated epithelial cell,CT,uterus,ASCTB-TEMP:ciliated-epithelial-cell
ASCTB-TEMP:glandular-epithelial-cell$$8518,glandular epithelial cell,CT,uterus,ASCTB-TEMP:glandular-epithelial-cell
ASCTB-TEMP:luminal-epithelial-cell$$8519,luminal epithelial cell,CT,uterus,ASCTB-TEMP:luminal-epithelial-cell
ASCTB-TEMP:stromal-cell$$8520,stromal cell,CT,uterus,ASCTB-TEMP:stromal-cell
ASCTB-TEMP:uterine-smooth-muscle-type-ii-cell$$8521,uterine smooth muscle type II cell,CT,uterus,ASCTB-TEMP:uterine-smooth-muscle-type-ii-cell
ASCTB-TEMP:perivascular-support-cell$$8522,perivascular support cell,CT,uterus,ASCTB-TEMP:perivascular-support-cell
ASCTB-TEMP:macrophage$$8523,macrophage,CT,uterus,ASCTB-TEMP:macrophage
ASCTB-TEMP:lymphocyte$$8524,lymphocyte,CT,uterus,ASCTB-TEMP:lymphocyte
ASCTB-TEMP:uterine-natural-killer-cell$$8525,uterine natural killer cell,CT,uterus,ASCTB-TEMP:uterine-natural-killer-cell
ASCTB-TEMP:uterine-dendritic-cells$$8526,uterine dendritic cells,CT,uterus,ASCTB-TEMP:uterine-dendritic-cells
UBERON:0022356$$8527,outer layer of endometrium,AS,uterus,UBERON:0022356
ASCTB-TEMP:b-cell$$8528,B cell,CT,uterus,ASCTB-TEMP:b-cell
ASCTB-TEMP:t-cell$$8529,T cell,CT,uterus,ASCTB-TEMP:t-cell
ASCTB-TEMP:innate-lymphoid-cell$$8530,innate lymphoid cell,CT,uterus,ASCTB-TEMP:innate-lymphoid-cell
ASCTB-TEMP:mast-cell$$8531,mast cell,CT,uterus,ASCTB-TEMP:mast-cell
CL:0000115$$8532,endothelial cell,CT,uterus,CL:0000115
UBERON:0001297$$8533,serosa of the uterus,AS,uterus,UBERON:0001297
ASCTB-TEMP:connective-tissue-of-the-uterine-serosa$$8534,connective tissue of the uterine serosa,AS,uterus,ASCTB-TEMP:connective-tissue-of-the-uterine-serosa
ASCTB-TEMP:mesothelium-of-the-uterine-serosa$$8535,mesothelium of the uterine serosa,AS,uterus,ASCTB-TEMP:mesothelium-of-the-uterine-serosa
UBERON:0001296$$8536,uterine myometrium,AS,uterus,UBERON:0001296
ASCTB-TEMP:inner-uterine-myometrium$$8537,inner uterine myometrium,AS,uterus,ASCTB-TEMP:inner-uterine-myometrium
ASCTB-TEMP:uterine-smooth-muscle-type-i-cell$$8538,uterine smooth muscle type I cell,CT,uterus,ASCTB-TEMP:uterine-smooth-muscle-type-i-cell
ASCTB-TEMP:outer-uterine-myometrium$$8539,outer uterine myometrium,AS,uterus,ASCTB-TEMP:outer-uterine-myometrium
ASCTB-TEMP:uterine-smooth-muscle-type-ii-cell$$8540,uterine smooth muscle type II cell,CT,uterus,ASCTB-TEMP:uterine-smooth-muscle-type-ii-cell
UBERON:0001295$$8541,endometrium,AS,uterus,UBERON:0001295
UBERON:0022355$$8542,basal layer of endometrium,AS,uterus,UBERON:0022355
ASCTB-TEMP:sox9-epithelial-cell$$8543,SOX9+ epithelial cell,CT,uterus,ASCTB-TEMP:sox9-epithelial-cell
ASCTB-TEMP:ciliated-epithelial-cell$$8544,ciliated epithelial cell,CT,uterus,ASCTB-TEMP:ciliated-epithelial-cell
ASCTB-TEMP:glandular-epithelial-cell$$8545,glandular epithelial cell,CT,uterus,ASCTB-TEMP:glandular-epithelial-cell
ASCTB-TEMP:luminal-epithelial-cell$$8546,luminal epithelial cell,CT,uterus,ASCTB-TEMP:luminal-epithelial-cell
ASCTB-TEMP:stromal-cell$$8547,stromal cell,CT,uterus,ASCTB-TEMP:stromal-cell
ASCTB-TEMP:uterine-smooth-muscle-type-ii-cell$$8548,uterine smooth muscle type II cell,CT,uterus,ASCTB-TEMP:uterine-smooth-muscle-type-ii-cell
ASCTB-TEMP:perivascular-support-cell$$8549,perivascular support cell,CT,uterus,ASCTB-TEMP:perivascular-support-cell
ASCTB-TEMP:macrophage$$8550,macrophage,CT,uterus,ASCTB-TEMP:macrophage
ASCTB-TEMP:lymphocyte$$8551,lymphocyte,CT,uterus,ASCTB-TEMP:lymphocyte
ASCTB-TEMP:uterine-natural-killer-cell$$8552,uterine natural killer cell,CT,uterus,ASCTB-TEMP:uterine-natural-killer-cell
ASCTB-TEMP:uterine-dendritic-cells$$8553,uterine dendritic cells,CT,uterus,ASCTB-TEMP:uterine-dendritic-cells
UBERON:0022356$$8554,outer layer of endometrium,AS,uterus,UBERON:0022356
ASCTB-TEMP:b-cell$$8555,B cell,CT,uterus,ASCTB-TEMP:b-cell
ASCTB-TEMP:t-cell$$8556,T cell,CT,uterus,ASCTB-TEMP:t-cell
ASCTB-TEMP:innate-lymphoid-cell$$8557,innate lymphoid cell,CT,uterus,ASCTB-TEMP:innate-lymphoid-cell
ASCTB-TEMP:mast-cell$$8558,mast cell,CT,uterus,ASCTB-TEMP:mast-cell
CL:0000115$$8559,endothelial cell,CT,uterus,CL:0000115
UBERON:0001297$$8560,serosa of the uterus,AS,uterus,UBERON:0001297
ASCTB-TEMP:connective-tissue-of-the-uterine-serosa$$8561,connective tissue of the uterine serosa,AS,uterus,ASCTB-TEMP:connective-tissue-of-the-uterine-serosa
ASCTB-TEMP:mesothelium-of-the-uterine-serosa$$8562,mesothelium of the uterine serosa,AS,uterus,ASCTB-TEMP:mesothelium-of-the-uterine-serosa
UBERON:0001296$$8563,uterine myometrium,AS,uterus,UBERON:0001296
ASCTB-TEMP:inner-uterine-myometrium$$8564,inner uterine myometrium,AS,uterus,ASCTB-TEMP:inner-uterine-myometrium
ASCTB-TEMP:uterine-smooth-muscle-type-i-cell$$8565,uterine smooth muscle type I cell,CT,uterus,ASCTB-TEMP:uterine-smooth-muscle-type-i-cell
ASCTB-TEMP:outer-uterine-myometrium$$8566,outer uterine myometrium,AS,uterus,ASCTB-TEMP:outer-uterine-myometrium
ASCTB-TEMP:uterine-smooth-muscle-type-ii-cell$$8567,uterine smooth muscle type II cell,CT,uterus,ASCTB-TEMP:uterine-smooth-muscle-type-ii-cell
UBERON:0001295$$8568,endometrium,AS,uterus,UBERON:0001295
UBERON:0022355$$8569,basal layer of endometrium,AS,uterus,UBERON:0022355
ASCTB-TEMP:sox9-epithelial-cell$$8570,SOX9+ epithelial cell,CT,uterus,ASCTB-TEMP:sox9-epithelial-cell
ASCTB-TEMP:ciliated-epithelial-cell$$8571,ciliated epithelial cell,CT,uterus,ASCTB-TEMP:ciliated-epithelial-cell
ASCTB-TEMP:glandular-epithelial-cell$$8572,glandular epithelial cell,CT,uterus,ASCTB-TEMP:glandular-epithelial-cell
ASCTB-TEMP:luminal-epithelial-cell$$8573,luminal epithelial cell,CT,uterus,ASCTB-TEMP:luminal-epithelial-cell
ASCTB-TEMP:stromal-cell$$8574,stromal cell,CT,uterus,ASCTB-TEMP:stromal-cell
ASCTB-TEMP:uterine-smooth-muscle-type-ii-cell$$8575,uterine smooth muscle type II cell,CT,uterus,ASCTB-TEMP:uterine-smooth-muscle-type-ii-cell
ASCTB-TEMP:perivascular-support-cell$$8576,perivascular support cell,CT,uterus,ASCTB-TEMP:perivascular-support-cell
ASCTB-TEMP:macrophage$$8577,macrophage,CT,uterus,ASCTB-TEMP:macrophage
ASCTB-TEMP:lymphocyte$$8578,lymphocyte,CT,uterus,ASCTB-TEMP:lymphocyte
ASCTB-TEMP:uterine-natural-killer-cell$$8579,uterine natural killer cell,CT,uterus,ASCTB-TEMP:uterine-natural-killer-cell
ASCTB-TEMP:uterine-dendritic-cells$$8580,uterine dendritic cells,CT,uterus,ASCTB-TEMP:uterine-dendritic-cells
UBERON:0022356$$8581,outer layer of endometrium,AS,uterus,UBERON:0022356
ASCTB-TEMP:b-cell$$8582,B cell,CT,uterus,ASCTB-TEMP:b-cell
ASCTB-TEMP:t-cell$$8583,T cell,CT,uterus,ASCTB-TEMP:t-cell
ASCTB-TEMP:innate-lymphoid-cell$$8584,innate lymphoid cell,CT,uterus,ASCTB-TEMP:innate-lymphoid-cell
ASCTB-TEMP:mast-cell$$8585,mast cell,CT,uterus,ASCTB-TEMP:mast-cell
CL:0000115$$8586,endothelial cell,CT,uterus,CL:0000115
UBERON:0001297$$8587,serosa of the uterus,AS,uterus,UBERON:0001297
ASCTB-TEMP:connective-tissue-of-the-uterine-serosa$$8588,connective tissue of the uterine serosa,AS,uterus,ASCTB-TEMP:connective-tissue-of-the-uterine-serosa
ASCTB-TEMP:mesothelium-of-the-uterine-serosa$$8589,mesothelium of the uterine serosa,AS,uterus,ASCTB-TEMP:mesothelium-of-the-uterine-serosa
UBERON:0001296$$8590,uterine myometrium,AS,uterus,UBERON:0001296
ASCTB-TEMP:inner-uterine-myometrium$$8591,inner uterine myometrium,AS,uterus,ASCTB-TEMP:inner-uterine-myometrium
ASCTB-TEMP:uterine-smooth-muscle-type-i-cell$$8592,uterine smooth muscle type I cell,CT,uterus,ASCTB-TEMP:uterine-smooth-muscle-type-i-cell
ASCTB-TEMP:outer-uterine-myometrium$$8593,outer uterine myometrium,AS,uterus,ASCTB-TEMP:outer-uterine-myometrium
ASCTB-TEMP:uterine-smooth-muscle-type-ii-cell$$8594,uterine smooth muscle type II cell,CT,uterus,ASCTB-TEMP:uterine-smooth-muscle-type-ii-cell
UBERON:0001295$$8595,endometrium,AS,uterus,UBERON:0001295
UBERON:0022355$$8596,basal layer of endometrium,AS,uterus,UBERON:0022355
ASCTB-TEMP:sox9-epithelial-cell$$8597,SOX9+ epithelial cell,CT,uterus,ASCTB-TEMP:sox9-epithelial-cell
ASCTB-TEMP:ciliated-epithelial-cell$$8598,ciliated epithelial cell,CT,uterus,ASCTB-TEMP:ciliated-epithelial-cell
ASCTB-TEMP:glandular-epithelial-cell$$8599,glandular epithelial cell,CT,uterus,ASCTB-TEMP:glandular-epithelial-cell
ASCTB-TEMP:luminal-epithelial-cell$$8600,luminal epithelial cell,CT,uterus,ASCTB-TEMP:luminal-epithelial-cell
ASCTB-TEMP:stromal-cell$$8601,stromal cell,CT,uterus,ASCTB-TEMP:stromal-cell
ASCTB-TEMP:uterine-smooth-muscle-type-ii-cell$$8602,uterine smooth muscle type II cell,CT,uterus,ASCTB-TEMP:uterine-smooth-muscle-type-ii-cell
ASCTB-TEMP:perivascular-support-cell$$8603,perivascular support cell,CT,uterus,ASCTB-TEMP:perivascular-support-cell
ASCTB-TEMP:macrophage$$8604,macrophage,CT,uterus,ASCTB-TEMP:macrophage
ASCTB-TEMP:lymphocyte$$8605,lymphocyte,CT,uterus,ASCTB-TEMP:lymphocyte
ASCTB-TEMP:uterine-natural-killer-cell$$8606,uterine natural killer cell,CT,uterus,ASCTB-TEMP:uterine-natural-killer-cell
ASCTB-TEMP:uterine-dendritic-cells$$8607,uterine dendritic cells,CT,uterus,ASCTB-TEMP:uterine-dendritic-cells
UBERON:0022356$$8608,outer layer of endometrium,AS,uterus,UBERON:0022356
ASCTB-TEMP:b-cell$$8609,B cell,CT,uterus,ASCTB-TEMP:b-cell
ASCTB-TEMP:t-cell$$8610,T cell,CT,uterus,ASCTB-TEMP:t-cell
ASCTB-TEMP:innate-lymphoid-cell$$8611,innate lymphoid cell,CT,uterus,ASCTB-TEMP:innate-lymphoid-cell
ASCTB-TEMP:mast-cell$$8612,mast cell,CT,uterus,ASCTB-TEMP:mast-cell
CL:0000115$$8613,endothelial cell,CT,uterus,CL:0000115
UBERON:0001297$$8614,serosa of the uterus,AS,uterus,UBERON:0001297
ASCTB-TEMP:connective-tissue-of-the-uterine-serosa$$8615,connective tissue of the uterine serosa,AS,uterus,ASCTB-TEMP:connective-tissue-of-the-uterine-serosa
ASCTB-TEMP:mesothelium-of-the-uterine-serosa$$8616,mesothelium of the uterine serosa,AS,uterus,ASCTB-TEMP:mesothelium-of-the-uterine-serosa
UBERON:0001296$$8617,uterine myometrium,AS,uterus,UBERON:0001296
ASCTB-TEMP:inner-uterine-myometrium$$8618,inner uterine myometrium,AS,uterus,ASCTB-TEMP:inner-uterine-myometrium
ASCTB-TEMP:uterine-smooth-muscle-type-i-cell$$8619,uterine smooth muscle type I cell,CT,uterus,ASCTB-TEMP:uterine-smooth-muscle-type-i-cell
ASCTB-TEMP:outer-uterine-myometrium$$8620,outer uterine myometrium,AS,uterus,ASCTB-TEMP:outer-uterine-myometrium
ASCTB-TEMP:uterine-smooth-muscle-type-ii-cell$$8621,uterine smooth muscle type II cell,CT,uterus,ASCTB-TEMP:uterine-smooth-muscle-type-ii-cell
UBERON:0001295$$8622,endometrium,AS,uterus,UBERON:0001295
UBERON:0022355$$8623,basal layer of endometrium,AS,uterus,UBERON:0022355
ASCTB-TEMP:sox9-epithelial-cell$$8624,SOX9+ epithelial cell,CT,uterus,ASCTB-TEMP:sox9-epithelial-cell
ASCTB-TEMP:ciliated-epithelial-cell$$8625,ciliated epithelial cell,CT,uterus,ASCTB-TEMP:ciliated-epithelial-cell
ASCTB-TEMP:glandular-epithelial-cell$$8626,glandular epithelial cell,CT,uterus,ASCTB-TEMP:glandular-epithelial-cell
ASCTB-TEMP:luminal-epithelial-cell$$8627,luminal epithelial cell,CT,uterus,ASCTB-TEMP:luminal-epithelial-cell
ASCTB-TEMP:stromal-cell$$8628,stromal cell,CT,uterus,ASCTB-TEMP:stromal-cell
ASCTB-TEMP:uterine-smooth-muscle-type-ii-cell$$8629,uterine smooth muscle type II cell,CT,uterus,ASCTB-TEMP:uterine-smooth-muscle-type-ii-cell
ASCTB-TEMP:perivascular-support-cell$$8630,perivascular support cell,CT,uterus,ASCTB-TEMP:perivascular-support-cell
ASCTB-TEMP:macrophage$$8631,macrophage,CT,uterus,ASCTB-TEMP:macrophage
ASCTB-TEMP:lymphocyte$$8632,lymphocyte,CT,uterus,ASCTB-TEMP:lymphocyte
ASCTB-TEMP:uterine-natural-killer-cell$$8633,uterine natural killer cell,CT,uterus,ASCTB-TEMP:uterine-natural-killer-cell
ASCTB-TEMP:uterine-dendritic-cells$$8634,uterine dendritic cells,CT,uterus,ASCTB-TEMP:uterine-dendritic-cells
UBERON:0022356$$8635,outer layer of endometrium,AS,uterus,UBERON:0022356
ASCTB-TEMP:b-cell$$8636,B cell,CT,uterus,ASCTB-TEMP:b-cell
ASCTB-TEMP:t-cell$$8637,T cell,CT,uterus,ASCTB-TEMP:t-cell
ASCTB-TEMP:innate-lymphoid-cell$$8638,innate lymphoid cell,CT,uterus,ASCTB-TEMP:innate-lymphoid-cell
ASCTB-TEMP:mast-cell$$8639,mast cell,CT,uterus,ASCTB-TEMP:mast-cell
CL:0000115$$8640,endothelial cell,CT,uterus,CL:0000115
UBERON:0002337$$8641,endometrial stroma,AS,uterus,UBERON:0002337
ASCTB-TEMP:stromal-cell$$8642,stromal cell,CT,uterus,ASCTB-TEMP:stromal-cell
UBERON:0002337$$8643,endometrial stroma,AS,uterus,UBERON:0002337
ASCTB-TEMP:stromal-cell$$8644,stromal cell,CT,uterus,ASCTB-TEMP:stromal-cell
UBERON:0002337$$8645,endometrial stroma,AS,uterus,UBERON:0002337
ASCTB-TEMP:stromal-cell$$8646,stromal cell,CT,uterus,ASCTB-TEMP:stromal-cell
UBERON:0002337$$8647,endometrial stroma,AS,uterus,UBERON:0002337
ASCTB-TEMP:stromal-cell$$8648,stromal cell,CT,uterus,ASCTB-TEMP:stromal-cell
UBERON:0002337$$8649,endometrial stroma,AS,uterus,UBERON:0002337
ASCTB-TEMP:stromal-cell$$8650,stromal cell,CT,uterus,ASCTB-TEMP:stromal-cell
UBERON:0002337$$8651,endometrial stroma,AS,uterus,UBERON:0002337
ASCTB-TEMP:stromal-cell$$8652,stromal cell,CT,uterus,ASCTB-TEMP:stromal-cell
UBERON:0002337$$8653,endometrial stroma,AS,uterus,UBERON:0002337
ASCTB-TEMP:stromal-cell$$8654,stromal cell,CT,uterus,ASCTB-TEMP:stromal-cell
UBERON:0002337$$8655,endometrial stroma,AS,uterus,UBERON:0002337
ASCTB-TEMP:stromal-cell$$8656,stromal cell,CT,uterus,ASCTB-TEMP:stromal-cell
UBERON:0002337$$8657,endometrial stroma,AS,uterus,UBERON:0002337
ASCTB-TEMP:stromal-cell$$8658,stromal cell,CT,uterus,ASCTB-TEMP:stromal-cell
UBERON:0002337$$8659,endometrial stroma,AS,uterus,UBERON:0002337
ASCTB-TEMP:stromal-cell$$8660,stromal cell,CT,uterus,ASCTB-TEMP:stromal-cell
UBERON:0002337$$8661,endometrial stroma,AS,uterus,UBERON:0002337
ASCTB-TEMP:stromal-cell$$8662,stromal cell,CT,uterus,ASCTB-TEMP:stromal-cell
UBERON:0002337$$8663,endometrial stroma,AS,uterus,UBERON:0002337
ASCTB-TEMP:stromal-cell$$8664,stromal cell,CT,uterus,ASCTB-TEMP:stromal-cell
UBERON:0002337$$8665,endometrial stroma,AS,uterus,UBERON:0002337
ASCTB-TEMP:stromal-cell$$8666,stromal cell,CT,uterus,ASCTB-TEMP:stromal-cell
UBERON:0002337$$8667,endometrial stroma,AS,uterus,UBERON:0002337
ASCTB-TEMP:stromal-cell$$8668,stromal cell,CT,uterus,ASCTB-TEMP:stromal-cell
UBERON:0002337$$8669,endometrial stroma,AS,uterus,UBERON:0002337
ASCTB-TEMP:stromal-cell$$8670,stromal cell,CT,uterus,ASCTB-TEMP:stromal-cell
UBERON:0002337$$8671,endometrial stroma,AS,uterus,UBERON:0002337
ASCTB-TEMP:stromal-cell$$8672,stromal cell,CT,uterus,ASCTB-TEMP:stromal-cell
UBERON:0002337$$8673,endometrial stroma,AS,uterus,UBERON:0002337
ASCTB-TEMP:stromal-cell$$8674,stromal cell,CT,uterus,ASCTB-TEMP:stromal-cell
UBERON:0002337$$8675,endometrial stroma,AS,uterus,UBERON:0002337
ASCTB-TEMP:stromal-cell$$8676,stromal cell,CT,uterus,ASCTB-TEMP:stromal-cell
UBERON:0002451$$8677,endometrial gland,AS,uterus,UBERON:0002451
UBERON:0012276,endometrium glandular epithelium,AS,uterus,UBERON:0012276
ASCTB-TEMP:glandular-epithelial-cell$$8678,glandular epithelial cell,CT,uterus,ASCTB-TEMP:glandular-epithelial-cell
UBERON:0011949,endometrium luminal epithelium,AS,uterus,UBERON:0011949
ASCTB-TEMP:luminal-epithelial-cell$$8679,luminal epithelial cell,CT,uterus,ASCTB-TEMP:luminal-epithelial-cell
UBERON:0002451$$8680,endometrial gland,AS,uterus,UBERON:0002451
UBERON:0012276$$8681,endometrium glandular epithelium,AS,uterus,UBERON:0012276
ASCTB-TEMP:glandular-epithelial-cell$$8682,glandular epithelial cell,CT,uterus,ASCTB-TEMP:glandular-epithelial-cell
UBERON:0011949$$8683,endometrium luminal epithelium,AS,uterus,UBERON:0011949
ASCTB-TEMP:luminal-epithelial-cell$$8684,luminal epithelial cell,CT,uterus,ASCTB-TEMP:luminal-epithelial-cell
UBERON:0002451$$8685,endometrial gland,AS,uterus,UBERON:0002451
UBERON:0012276$$8686,endometrium glandular epithelium,AS,uterus,UBERON:0012276
ASCTB-TEMP:glandular-epithelial-cell$$8687,glandular epithelial cell,CT,uterus,ASCTB-TEMP:glandular-epithelial-cell
UBERON:0011949$$8688,endometrium luminal epithelium,AS,uterus,UBERON:0011949
ASCTB-TEMP:luminal-epithelial-cell$$8689,luminal epithelial cell,CT,uterus,ASCTB-TEMP:luminal-epithelial-cell
UBERON:0002451$$8690,endometrial gland,AS,uterus,UBERON:0002451
UBERON:0012276$$8691,endometrium glandular epithelium,AS,uterus,UBERON:0012276
ASCTB-TEMP:glandular-epithelial-cell$$8692,glandular epithelial cell,CT,uterus,ASCTB-TEMP:glandular-epithelial-cell
UBERON:0011949$$8693,endometrium luminal epithelium,AS,uterus,UBERON:0011949
ASCTB-TEMP:luminal-epithelial-cell$$8694,luminal epithelial cell,CT,uterus,ASCTB-TEMP:luminal-epithelial-cell
UBERON:0002451$$8695,endometrial gland,AS,uterus,UBERON:0002451
UBERON:0012276$$8696,endometrium glandular epithelium,AS,uterus,UBERON:0012276
ASCTB-TEMP:glandular-epithelial-cell$$8697,glandular epithelial cell,CT,uterus,ASCTB-TEMP:glandular-epithelial-cell
UBERON:0011949$$8698,endometrium luminal epithelium,AS,uterus,UBERON:0011949
ASCTB-TEMP:luminal-epithelial-cell$$8699,luminal epithelial cell,CT,uterus,ASCTB-TEMP:luminal-epithelial-cell
UBERON:0002451$$8700,endometrial gland,AS,uterus,UBERON:0002451
UBERON:0012276$$8701,endometrium glandular epithelium,AS,uterus,UBERON:0012276
ASCTB-TEMP:glandular-epithelial-cell$$8702,glandular epithelial cell,CT,uterus,ASCTB-TEMP:glandular-epithelial-cell
UBERON:0011949$$8703,endometrium luminal epithelium,AS,uterus,UBERON:0011949
ASCTB-TEMP:luminal-epithelial-cell$$8704,luminal epithelial cell,CT,uterus,ASCTB-TEMP:luminal-epithelial-cell
UBERON:0002451$$8705,endometrial gland,AS,uterus,UBERON:0002451
UBERON:0012276$$8706,endometrium glandular epithelium,AS,uterus,UBERON:0012276
ASCTB-TEMP:glandular-epithelial-cell$$8707,glandular epithelial cell,CT,uterus,ASCTB-TEMP:glandular-epithelial-cell
UBERON:0011949$$8708,endometrium luminal epithelium,AS,uterus,UBERON:0011949
ASCTB-TEMP:luminal-epithelial-cell$$8709,luminal epithelial cell,CT,uterus,ASCTB-TEMP:luminal-epithelial-cell
UBERON:0002451$$8710,endometrial gland,AS,uterus,UBERON:0002451
UBERON:0012276$$8711,endometrium glandular epithelium,AS,uterus,UBERON:0012276
ASCTB-TEMP:glandular-epithelial-cell$$8712,glandular epithelial cell,CT,uterus,ASCTB-TEMP:glandular-epithelial-cell
UBERON:0011949$$8713,endometrium luminal epithelium,AS,uterus,UBERON:0011949
ASCTB-TEMP:luminal-epithelial-cell$$8714,luminal epithelial cell,CT,uterus,ASCTB-TEMP:luminal-epithelial-cell
UBERON:0002451$$8715,endometrial gland,AS,uterus,UBERON:0002451
UBERON:0012276$$8716,endometrium glandular epithelium,AS,uterus,UBERON:0012276
ASCTB-TEMP:glandular-epithelial-cell$$8717,glandular epithelial cell,CT,uterus,ASCTB-TEMP:glandular-epithelial-cell
UBERON:0011949$$8718,endometrium luminal epithelium,AS,uterus,UBERON:0011949
ASCTB-TEMP:luminal-epithelial-cell$$8719,luminal epithelial cell,CT,uterus,ASCTB-TEMP:luminal-epithelial-cell
UBERON:0002451$$8720,endometrial gland,AS,uterus,UBERON:0002451
UBERON:0012276$$8721,endometrium glandular epithelium,AS,uterus,UBERON:0012276
ASCTB-TEMP:glandular-epithelial-cell$$8722,glandular epithelial cell,CT,uterus,ASCTB-TEMP:glandular-epithelial-cell
UBERON:0011949$$8723,endometrium luminal epithelium,AS,uterus,UBERON:0011949
ASCTB-TEMP:luminal-epithelial-cell$$8724,luminal epithelial cell,CT,uterus,ASCTB-TEMP:luminal-epithelial-cell
UBERON:0002451$$8725,endometrial gland,AS,uterus,UBERON:0002451
UBERON:0012276$$8726,endometrium glandular epithelium,AS,uterus,UBERON:0012276
ASCTB-TEMP:glandular-epithelial-cell$$8727,glandular epithelial cell,CT,uterus,ASCTB-TEMP:glandular-epithelial-cell
UBERON:0011949$$8728,endometrium luminal epithelium,AS,uterus,UBERON:0011949
ASCTB-TEMP:luminal-epithelial-cell$$8729,luminal epithelial cell,CT,uterus,ASCTB-TEMP:luminal-epithelial-cell
UBERON:0002451$$8730,endometrial gland,AS,uterus,UBERON:0002451
UBERON:0012276$$8731,endometrium glandular epithelium,AS,uterus,UBERON:0012276
ASCTB-TEMP:glandular-epithelial-cell$$8732,glandular epithelial cell,CT,uterus,ASCTB-TEMP:glandular-epithelial-cell
UBERON:0011949$$8733,endometrium luminal epithelium,AS,uterus,UBERON:0011949
ASCTB-TEMP:luminal-epithelial-cell$$8734,luminal epithelial cell,CT,uterus,ASCTB-TEMP:luminal-epithelial-cell
UBERON:0002451$$8735,endometrial gland,AS,uterus,UBERON:0002451
UBERON:0012276$$8736,endometrium glandular epithelium,AS,uterus,UBERON:0012276
ASCTB-TEMP:glandular-epithelial-cell$$8737,glandular epithelial cell,CT,uterus,ASCTB-TEMP:glandular-epithelial-cell
UBERON:0011949$$8738,endometrium luminal epithelium,AS,uterus,UBERON:0011949
ASCTB-TEMP:luminal-epithelial-cell$$8739,luminal epithelial cell,CT,uterus,ASCTB-TEMP:luminal-epithelial-cell
UBERON:0002451$$8740,endometrial gland,AS,uterus,UBERON:0002451
UBERON:0012276$$8741,endometrium glandular epithelium,AS,uterus,UBERON:0012276
ASCTB-TEMP:glandular-epithelial-cell$$8742,glandular epithelial cell,CT,uterus,ASCTB-TEMP:glandular-epithelial-cell
UBERON:0011949$$8743,endometrium luminal epithelium,AS,uterus,UBERON:0011949
ASCTB-TEMP:luminal-epithelial-cell$$8744,luminal epithelial cell,CT,uterus,ASCTB-TEMP:luminal-epithelial-cell
UBERON:0002451$$8745,endometrial gland,AS,uterus,UBERON:0002451
UBERON:0012276$$8746,endometrium glandular epithelium,AS,uterus,UBERON:0012276
ASCTB-TEMP:glandular-epithelial-cell$$8747,glandular epithelial cell,CT,uterus,ASCTB-TEMP:glandular-epithelial-cell
UBERON:0011949$$8748,endometrium luminal epithelium,AS,uterus,UBERON:0011949
ASCTB-TEMP:luminal-epithelial-cell$$8749,luminal epithelial cell,CT,uterus,ASCTB-TEMP:luminal-epithelial-cell
UBERON:0002451$$8750,endometrial gland,AS,uterus,UBERON:0002451
UBERON:0012276$$8751,endometrium glandular epithelium,AS,uterus,UBERON:0012276
ASCTB-TEMP:glandular-epithelial-cell$$8752,glandular epithelial cell,CT,uterus,ASCTB-TEMP:glandular-epithelial-cell
UBERON:0011949$$8753,endometrium luminal epithelium,AS,uterus,UBERON:0011949
ASCTB-TEMP:luminal-epithelial-cell$$8754,luminal epithelial cell,CT,uterus,ASCTB-TEMP:luminal-epithelial-cell
UBERON:0002451$$8755,endometrial gland,AS,uterus,UBERON:0002451
UBERON:0012276$$8756,endometrium glandular epithelium,AS,uterus,UBERON:0012276
ASCTB-TEMP:glandular-epithelial-cell$$8757,glandular epithelial cell,CT,uterus,ASCTB-TEMP:glandular-epithelial-cell
UBERON:0011949$$8758,endometrium luminal epithelium,AS,uterus,UBERON:0011949
ASCTB-TEMP:luminal-epithelial-cell$$8759,luminal epithelial cell,CT,uterus,ASCTB-TEMP:luminal-epithelial-cell
UBERON:0002451$$8760,endometrial gland,AS,uterus,UBERON:0002451
UBERON:0012276$$8761,endometrium glandular epithelium,AS,uterus,UBERON:0012276
ASCTB-TEMP:glandular-epithelial-cell$$8762,glandular epithelial cell,CT,uterus,ASCTB-TEMP:glandular-epithelial-cell
UBERON:0011949$$8763,endometrium luminal epithelium,AS,uterus,UBERON:0011949
ASCTB-TEMP:luminal-epithelial-cell$$8764,luminal epithelial cell,CT,uterus,ASCTB-TEMP:luminal-epithelial-cell
